{"first_pkt_time": 1570226815.06, "last_pkt_time": 1570226891.094503, "n_bits_received": 2867200, "throughput": 0.037709196318907214, "time_diff": 76.03450298309326, "send_rate": 0.0377019069867}