{"first_pkt_time": 1570227936.75, "last_pkt_time": 1570228015.399262, "n_bits_received": 2867200, "throughput": 0.03645552327967225, "time_diff": 78.64926195144653, "send_rate": 0.0364044179542}