{"first_pkt_time": 1570227066.61, "last_pkt_time": 1570227116.220884, "n_bits_received": 2867200, "throughput": 0.057793769388224794, "time_diff": 49.61088418960571, "send_rate": 0.0579259250174}