{"first_pkt_time": 1570228382.67, "last_pkt_time": 1570228448.801776, "n_bits_received": 2867200, "throughput": 0.04335585976463811, "time_diff": 66.13177585601807, "send_rate": 0.0645048336683}