{"first_pkt_time": 1570228382.67, "last_pkt_time": 1570228448.706265, "n_bits_received": 2867200, "throughput": 0.04341856712366266, "time_diff": 66.03626489639282, "send_rate": 0.0645048336683}