{"first_pkt_time": 1570226909.68, "last_pkt_time": 1570226972.908797, "n_bits_received": 2867200, "throughput": 0.045346426595190156, "time_diff": 63.22879695892334, "send_rate": 0.0452634304173}