{"first_pkt_time": 1570226991.44, "last_pkt_time": 1570227048.284092, "n_bits_received": 2867200, "throughput": 0.05043971861552932, "time_diff": 56.84409189224243, "send_rate": 0.0504412984309}