{"first_pkt_time": 1570228123.64, "last_pkt_time": 1570228190.250476, "n_bits_received": 2867200, "throughput": 0.043044280445179176, "time_diff": 66.61047577857971, "send_rate": 0.0490632482066}