{"first_pkt_time": 1570228035.58, "last_pkt_time": 1570228104.916771, "n_bits_received": 2867200, "throughput": 0.04135179585346644, "time_diff": 69.33677101135254, "send_rate": 0.0414976067484}