{"first_pkt_time": 1570227134.92, "last_pkt_time": 1570227182.831135, "n_bits_received": 2867200, "throughput": 0.05984412605749086, "time_diff": 47.91113495826721, "send_rate": 0.0600433412394}