{"first_pkt_time": 1570227649.27, "last_pkt_time": 1570227795.735841, "n_bits_received": 2867200, "throughput": 0.019575895508120306, "time_diff": 146.46584105491638, "send_rate": 0.0195509305231}