{"first_pkt_time": 1570226229.61, "last_pkt_time": 1570226514.676392, "n_bits_received": 2867200, "throughput": 0.010058007813689691, "time_diff": 285.06639218330383, "send_rate": 0.0100851541581}