{"first_pkt_time": 1570227649.27, "last_pkt_time": 1570227795.740812, "n_bits_received": 2867200, "throughput": 0.019575231127886023, "time_diff": 146.47081208229065, "send_rate": 0.0195509305231}