{"first_pkt_time": 1570227814.8, "last_pkt_time": 1570227917.026221, "n_bits_received": 2867200, "throughput": 0.028047598449592703, "time_diff": 102.22622108459473, "send_rate": 0.0280559277}