{"first_pkt_time": 1570228123.64, "last_pkt_time": 1570228190.347878, "n_bits_received": 2867200, "throughput": 0.04298143025025573, "time_diff": 66.70787787437439, "send_rate": 0.0490632482066}