{"first_pkt_time": 1570227814.8, "last_pkt_time": 1570227917.03015, "n_bits_received": 2867200, "throughput": 0.02804652052685685, "time_diff": 102.23014998435974, "send_rate": 0.0280559277}