{"first_pkt_time": 1570226533.53, "last_pkt_time": 1570226675.723118, "n_bits_received": 2867200, "throughput": 0.020164126354387867, "time_diff": 142.19311809539795, "send_rate": 0.0201513989477}