{"first_pkt_time": 1570227936.75, "last_pkt_time": 1570228015.4027, "n_bits_received": 2867200, "throughput": 0.03645392976870518, "time_diff": 78.65269994735718, "send_rate": 0.0364044179542}