{"first_pkt_time": 1570227265.76, "last_pkt_time": 1570227307.586632, "n_bits_received": 2867200, "throughput": 0.06854962643019202, "time_diff": 41.826632022857666, "send_rate": 0.0684828619724}