{"first_pkt_time": 1570226909.68, "last_pkt_time": 1570226972.909049, "n_bits_received": 2867200, "throughput": 0.04534624586050687, "time_diff": 63.22904896736145, "send_rate": 0.0452634304173}