{"first_pkt_time": 1570228209.44, "last_pkt_time": 1570228275.534968, "n_bits_received": 2867200, "throughput": 0.04338000446342018, "time_diff": 66.09496784210205, "send_rate": 0.0554929620222}