{"first_pkt_time": 1570227201.6, "last_pkt_time": 1570227246.913658, "n_bits_received": 2867200, "throughput": 0.06327452089744831, "time_diff": 45.313657999038696, "send_rate": 0.0632634310672}