{"first_pkt_time": 1570227333.68, "last_pkt_time": 1570227630.820208, "n_bits_received": 2867200, "throughput": 0.009649316796409523, "time_diff": 297.14020800590515, "send_rate": 0.00963771928593}