{"first_pkt_time": 1570228295.06, "last_pkt_time": 1570228361.039974, "n_bits_received": 2867200, "throughput": 0.04345560970717254, "time_diff": 65.97997403144836, "send_rate": 0.0601848476647}