{"first_pkt_time": 1570227201.6, "last_pkt_time": 1570227246.913726, "n_bits_received": 2867200, "throughput": 0.06327442568248204, "time_diff": 45.31372618675232, "send_rate": 0.0632634310672}