{"first_pkt_time": 1570227333.68, "last_pkt_time": 1570227630.821734, "n_bits_received": 2867200, "throughput": 0.009649267245345905, "time_diff": 297.1417338848114, "send_rate": 0.00963771928593}