{"first_pkt_time": 1570228295.06, "last_pkt_time": 1570228361.137955, "n_bits_received": 2867200, "throughput": 0.04339117334476017, "time_diff": 66.0779550075531, "send_rate": 0.0601848476647}