{"first_pkt_time": 1570227066.61, "last_pkt_time": 1570227116.21967, "n_bits_received": 2867200, "throughput": 0.057795183693533286, "time_diff": 49.60967016220093, "send_rate": 0.0579259250174}