{"first_pkt_time": 1570227265.76, "last_pkt_time": 1570227307.585749, "n_bits_received": 2867200, "throughput": 0.06855107377644037, "time_diff": 41.825748920440674, "send_rate": 0.0684828619724}