{"first_pkt_time": 1570226694.25, "last_pkt_time": 1570226796.625417, "n_bits_received": 2867200, "throughput": 0.028006723529784342, "time_diff": 102.37541699409485, "send_rate": 0.0279544415401}