{"first_pkt_time": 1570227134.92, "last_pkt_time": 1570227182.82824, "n_bits_received": 2867200, "throughput": 0.059847742465350226, "time_diff": 47.90823984146118, "send_rate": 0.0600433412394}