{"first_pkt_time": 1570226229.61, "last_pkt_time": 1570226514.676375, "n_bits_received": 2867200, "throughput": 0.010058008419363185, "time_diff": 285.06637501716614, "send_rate": 0.0100851541581}