{"first_pkt_time": 1570226991.44, "last_pkt_time": 1570227048.284381, "n_bits_received": 2867200, "throughput": 0.05043946220973821, "time_diff": 56.8443808555603, "send_rate": 0.0504412984309}