{"first_pkt_time": 1570228035.58, "last_pkt_time": 1570228105.008206, "n_bits_received": 2867200, "throughput": 0.04129733672457127, "time_diff": 69.42820596694946, "send_rate": 0.0414976067484}