{"first_pkt_time": 1570226694.25, "last_pkt_time": 1570226796.624259, "n_bits_received": 2867200, "throughput": 0.028007040325815327, "time_diff": 102.37425899505615, "send_rate": 0.0279544415401}