{"first_pkt_time": 1570228468.6, "last_pkt_time": 1570228534.657905, "n_bits_received": 2867200, "throughput": 0.04340434337787602, "time_diff": 66.05790519714355, "send_rate": 0.0664692573515}