{"first_pkt_time": 1570226533.53, "last_pkt_time": 1570226675.721515, "n_bits_received": 2867200, "throughput": 0.02016435369316991, "time_diff": 142.19151496887207, "send_rate": 0.0201513989477}