{"first_pkt_time": 1570228468.6, "last_pkt_time": 1570228534.558342, "n_bits_received": 2867200, "throughput": 0.04346986157906512, "time_diff": 65.9583420753479, "send_rate": 0.0664692573515}