{"first_pkt_time": 1570226815.06, "last_pkt_time": 1570226891.093587, "n_bits_received": 2867200, "throughput": 0.03770965061526307, "time_diff": 76.03358697891235, "send_rate": 0.0377019069867}