{"first_pkt_time": 1570228209.44, "last_pkt_time": 1570228275.442301, "n_bits_received": 2867200, "throughput": 0.04344090974901666, "time_diff": 66.00230097770691, "send_rate": 0.0554929620222}