{"A": {"coding_mean": 2489.9400000000001, "decoding_sd": 992.97029582963864, "forwarding_sd": 279.74075784554526, "coding": [623, 662, 2594, 2642, 2581, 2498, 2154, 2279, 2045, 2460, 3011, 2542, 3747, 2454, 2492, 2662, 2735, 2356, 2483, 1677, 798, 1005, 2616, 2947, 2924, 2754, 2617, 2878, 2665, 2787, 3539, 2899, 1979, 2220, 3262, 3056, 3296, 2268, 2637, 2349, 2016, 2864, 2657, 2536, 2464, 2717, 2662, 3215, 2507, 2666], "decoding": [486, 1162, 3791, 3817, 3871, 4327, 7507, 4454, 4999, 4304, 3907, 4025, 3622, 4221, 4118, 4400, 3788, 3796, 4021, 4883, 1681, 1631, 3776, 4212, 3722, 3946, 3715, 3860, 3743, 3891, 3988, 3845, 3846, 4335, 3673, 4940, 2485, 3850, 3727, 3585, 3784, 4070, 3842, 4230, 4121, 3921, 4042, 3681, 3845, 3787], "forwarding_mean": 1156.22, "forwarding": [372, 355, 1083, 1106, 1211, 1137, 1242, 1239, 1121, 1134, 1493, 1155, 1167, 1127, 1143, 1153, 1113, 1185, 1071, 828, 487, 479, 1213, 1309, 1311, 1123, 1143, 1184, 1204, 1134, 1110, 1110, 1754, 1244, 1492, 1767, 1248, 1108, 1139, 1234, 1140, 1139, 1138, 1098, 1130, 1312, 1681, 1168, 1115, 1662], "decoding_mean": 3825.46, "coding_sd": 632.10788351356609}, "B": {"coding_mean": 2156.8400000000001, "decoding_sd": 318.06893843945215, "forwarding_sd": 287.53701396515896, "coding": [662, 2107, 2087, 2280, 2054, 2713, 2298, 2073, 2347, 3029, 2103, 3165, 2069, 2166, 2328, 2374, 2395, 2065, 1670, 644, 863, 2132, 2086, 2374, 2157, 2115, 2131, 2211, 2342, 2303, 2053, 2097, 2016, 2563, 2600, 2145, 2181, 2355, 2099, 2187, 2331, 2374, 2036, 2319, 2376, 2614, 2062, 2135, 2698, 1258], "decoding": [395, 1317, 1422, 1445, 1575, 1286, 1402, 1930, 1417, 1458, 1454, 1312, 1689, 1285, 1570, 1274, 1270, 1505, 1998, 1122, 583, 1425, 1487, 1326, 1328, 1320, 1314, 1312, 1297, 1526, 1516, 1404, 1508, 1320, 2561, 797, 1333, 1360, 1282, 1277, 1458, 1409, 1645, 1368, 1528, 1534, 1352, 1315, 1310, 703], "forwarding_mean": 1219.1600000000001, "forwarding": [387, 1181, 1192, 1175, 1298, 2094, 1472, 1136, 1168, 1246, 1232, 1132, 1160, 1161, 1227, 1246, 1091, 1134, 1108, 368, 556, 1209, 1390, 1583, 1239, 1169, 1176, 1191, 1378, 1618, 1236, 1187, 1308, 1484, 1855, 1511, 1204, 1178, 1193, 1181, 1398, 1174, 1260, 1180, 1252, 1245, 1401, 1216, 1173, 605], "decoding_mean": 1380.48, "coding_sd": 464.93889318920179}}