{"A": {"coding_mean": 2708.5599999999999, "decoding_sd": 449.1386351673612, "forwarding_sd": 148.87278999199285, "coding": [1871, 3413, 3419, 3223, 3372, 3487, 3294, 3589, 3273, 2345, 2306, 2453, 1791, 2190, 1961, 1729, 1709, 1922, 1988, 1921, 2039, 1849, 1854, 1921, 1859, 1927, 1876, 1977, 1928, 1806, 3571, 3175, 3141, 3217, 3349, 3560, 3375, 3103, 3221, 3295, 3139, 3118, 3452, 3330, 3179, 3075, 3212, 3367, 3131, 3126], "decoding": [1239, 3565, 3869, 3578, 3647, 3757, 3337, 3736, 3779, 3610, 3542, 3758, 3639, 3153, 3083, 3280, 3288, 3055, 4772, 3166, 3285, 3208, 2988, 3240, 3200, 3093, 3033, 3071, 3044, 3219, 3592, 3654, 3642, 3622, 3710, 3615, 3622, 3701, 3640, 3625, 3722, 3773, 3786, 3797, 3751, 3622, 3726, 3849, 3583, 3630], "forwarding_mean": 1171.8199999999999, "forwarding": [1183, 1296, 1236, 1277, 1344, 1185, 1270, 1220, 1189, 1197, 1723, 1704, 1095, 1180, 1011, 1026, 1028, 1014, 1028, 1018, 1014, 1004, 1018, 1008, 1015, 1021, 1017, 1015, 1027, 1040, 1174, 1248, 1188, 1198, 1206, 1226, 1236, 1256, 1233, 1161, 1149, 1168, 1163, 1165, 1193, 1316, 1287, 1170, 1226, 1225], "decoding_mean": 3477.9200000000001, "coding_sd": 680.49356088063018}, "B": {"coding_mean": 1969.6400000000001, "decoding_sd": 212.05829481536438, "forwarding_sd": 89.198825104370059, "coding": [2034, 2069, 2026, 2032, 2060, 2043, 2053, 1964, 1990, 2590, 2632, 1806, 2015, 1772, 1813, 1769, 1777, 1747, 1762, 1739, 1731, 1752, 1737, 1721, 1739, 1753, 1776, 1754, 1765, 2035, 2087, 2036, 2035, 2045, 2079, 2066, 2052, 2069, 2057, 2056, 2036, 2005, 2070, 2016, 2056, 2045, 2020, 2054, 2066, 2076], "decoding": [1261, 1327, 1269, 1273, 1317, 1135, 1295, 1297, 1259, 1254, 1260, 1277, 1111, 1104, 1117, 1103, 1092, 2586, 1101, 1149, 1091, 1051, 1117, 1093, 1097, 1092, 1098, 1095, 1091, 1289, 1297, 1287, 1287, 1288, 1304, 1312, 1314, 1307, 1318, 1321, 1320, 1303, 1301, 1303, 1314, 1328, 1309, 1309, 1322, 1312], "forwarding_mean": 1102.3599999999999, "forwarding": [1181, 1151, 1163, 1172, 1149, 1173, 1155, 1181, 1163, 1159, 1167, 1024, 1101, 975, 973, 975, 964, 1016, 978, 1067, 971, 969, 973, 963, 972, 962, 962, 970, 976, 1160, 1168, 1161, 1163, 1174, 1177, 1157, 1165, 1153, 1165, 1162, 1179, 1154, 1169, 1169, 1168, 1154, 1230, 1151, 1171, 1163], "decoding_mean": 1257.1400000000001, "coding_sd": 188.37099139729557}}