{"A": {"coding_mean": 2027.84, "decoding_sd": 234.9663805739025, "forwarding_sd": 263.695270340596, "coding": [2302, 1807, 1859, 1992, 1771, 1533, 2390, 1415, 2483, 1896, 1654, 2185, 2346, 1655, 2321, 1899, 2430, 2424, 1743, 1686, 1661, 1573, 1674, 2276, 2411, 1983, 2465, 1665, 1963, 1940, 2077, 1833, 2035, 1891, 1977, 1745, 1912, 1950, 1645, 2585, 2591, 2541, 1995, 1620, 2150, 2598, 2105, 1704, 2514, 2522], "decoding": [936, 1428, 872, 1364, 975, 1359, 1316, 1483, 1673, 1183, 1016, 1088, 1727, 1416, 1321, 1113, 1020, 1363, 1511, 1379, 1416, 1331, 1402, 1208, 1376, 1085, 1097, 1217, 1590, 1220, 1053, 1332, 1106, 989, 1370, 1390, 1390, 1099, 1661, 1602, 1543, 1035, 1310, 1154, 1153, 1753, 1357, 1717, 1911, 1180], "forwarding_mean": 1159.38, "forwarding": [1266, 892, 1312, 1278, 1117, 1270, 1283, 871, 873, 1110, 844, 746, 1249, 906, 1296, 924, 1016, 1286, 1526, 1036, 1022, 1407, 1428, 1276, 969, 1220, 1015, 1111, 885, 1148, 1314, 1326, 1117, 886, 1343, 1384, 2203, 1220, 1277, 1358, 1432, 1009, 750, 890, 829, 1307, 1004, 1622, 1347, 769], "decoding_mean": 1311.8, "coding_sd": 332.53465142748655}, "B": {"coding_mean": 1744.0, "decoding_sd": 620.156535400539, "forwarding_sd": 268.7238850567623, "coding": [2040, 1579, 1734, 1890, 1992, 1900, 1605, 1664, 2027, 2153, 1426, 2230, 1537, 1382, 1563, 1507, 2059, 1825, 1632, 1940, 1610, 1900, 1493, 1612, 1852, 1620, 1542, 1715, 1552, 1765, 1865, 1490, 1570, 1466, 1601, 2236, 1724, 2208, 2255, 1782, 1621, 1648, 1551, 1957, 1667, 1970, 1455, 1616, 1617, 1555], "decoding": [1352, 1071, 3100, 1939, 1764, 1838, 1527, 1467, 1795, 1513, 1860, 1594, 1095, 1760, 1898, 1169, 1177, 1186, 1095, 1842, 1468, 1321, 1301, 1305, 1075, 1060, 1178, 3019, 1053, 1577, 1329, 1548, 1044, 1312, 1067, 3944, 1545, 1549, 1824, 1565, 1771, 1569, 1200, 1193, 1089, 1185, 1581, 1804, 3723, 1936], "forwarding_mean": 1256.56, "forwarding": [1157, 1369, 1495, 1018, 1427, 1471, 1016, 1308, 1069, 1602, 1172, 1299, 984, 1254, 1102, 1012, 1112, 943, 1154, 1026, 1673, 1828, 1046, 1294, 2187, 1178, 1190, 1331, 1464, 1099, 1605, 1371, 1137, 1064, 1094, 1625, 1038, 1246, 1885, 1003, 1079, 1230, 1012, 1274, 1115, 1298, 1032, 1557, 1065, 818], "decoding_mean": 1603.54, "coding_sd": 233.40942568799574}}