{"A": {"coding_mean": 2093.68, "decoding_sd": 271.3238839468431, "forwarding_sd": 242.04442650059102, "coding": [1952, 2230, 2071, 1909, 2581, 2614, 2592, 2197, 2051, 2615, 1842, 2633, 1653, 2280, 1918, 1893, 2587, 2190, 1673, 2516, 1998, 2654, 2007, 2133, 1808, 2241, 2627, 1900, 1692, 1628, 1517, 1990, 1948, 2180, 1706, 2062, 2471, 2265, 1637, 1568, 1810, 2889, 1809, 1983, 1593, 2475, 2574, 1664, 1985, 1873], "decoding": [1177, 1090, 1149, 1131, 1396, 2095, 1148, 1634, 1050, 1374, 1582, 1874, 1010, 1092, 1198, 1139, 1018, 1199, 1386, 863, 1332, 1377, 1020, 1679, 1018, 1405, 1157, 1068, 1018, 981, 1026, 1779, 1494, 1632, 1357, 1045, 1852, 1356, 1055, 1341, 1539, 1037, 1133, 1396, 1285, 1305, 972, 1091, 1329, 951], "forwarding_mean": 1254.66, "forwarding": [936, 1525, 1317, 879, 1308, 1734, 1221, 1229, 1618, 1500, 1433, 1629, 1456, 1258, 1031, 1551, 967, 1666, 1132, 1296, 1535, 984, 867, 1516, 877, 1476, 1464, 1187, 1178, 1269, 969, 1085, 1521, 915, 1176, 1516, 1104, 1270, 905, 1432, 1191, 1089, 1446, 982, 1128, 1350, 868, 1077, 1473, 1197], "decoding_mean": 1272.7, "coding_sd": 356.93351986049163}, "B": {"coding_mean": 1920.46, "decoding_sd": 279.7536659277229, "forwarding_sd": 173.0044496537589, "coding": [1618, 1692, 1433, 2370, 1811, 1773, 1443, 2368, 2166, 1393, 1857, 1537, 1777, 1885, 2295, 1888, 2161, 1394, 1659, 1523, 1437, 1524, 1823, 2593, 2611, 2029, 1464, 1575, 2257, 1571, 1855, 1479, 1636, 2385, 2076, 2561, 2226, 2340, 3007, 2252, 1764, 1766, 1559, 3163, 1875, 1772, 1780, 1427, 2086, 2087], "decoding": [1722, 2069, 1393, 865, 1638, 1565, 1147, 1072, 1196, 1214, 1054, 1636, 1421, 1418, 1503, 1389, 906, 1549, 977, 1763, 1788, 1716, 1858, 1106, 1302, 1460, 1602, 1176, 1168, 1021, 1321, 1379, 1034, 1560, 1636, 1445, 1224, 1184, 1821, 1076, 1041, 1792, 1562, 1473, 1578, 1494, 1136, 1135, 1421, 1140], "forwarding_mean": 1018.02, "forwarding": [937, 1025, 1300, 836, 1271, 891, 990, 1068, 1293, 1039, 935, 922, 1336, 1110, 1286, 1226, 803, 836, 1069, 1113, 840, 1053, 1310, 886, 782, 1170, 852, 958, 838, 890, 1087, 1076, 858, 873, 894, 894, 894, 1064, 992, 901, 855, 1083, 1290, 844, 1224, 926, 875, 945, 1524, 937], "decoding_mean": 1382.92, "coding_sd": 417.6002016283038}}