{"A": {"coding_mean": 2032.66, "decoding_sd": 256.8934261517799, "forwarding_sd": 193.59774378850597, "coding": [1858, 1855, 2344, 1674, 1805, 1965, 1997, 1992, 1726, 1817, 2190, 1834, 1601, 2304, 2338, 2266, 1702, 1944, 1635, 2144, 1750, 1528, 1597, 2177, 2173, 2509, 1824, 2069, 1803, 1891, 2744, 2480, 1770, 1798, 2600, 1804, 1638, 1771, 1970, 1715, 2056, 1680, 2257, 2026, 1730, 2676, 2982, 2106, 2520, 2998], "decoding": [1326, 1148, 1450, 1736, 1664, 1073, 2001, 1926, 1198, 1771, 1715, 1387, 1192, 1584, 1025, 999, 1111, 1265, 1026, 1233, 899, 1028, 1262, 1285, 1627, 1077, 1410, 1214, 1647, 1442, 1304, 978, 1361, 1116, 1420, 1169, 1052, 1334, 1593, 1112, 1044, 1056, 1298, 1317, 1353, 1346, 1354, 1059, 973, 1353], "forwarding_mean": 1076.56, "forwarding": [856, 848, 1270, 1201, 1668, 1130, 1061, 1335, 1103, 1327, 1152, 1082, 1022, 1126, 843, 784, 1069, 1280, 814, 807, 801, 787, 1277, 1058, 1102, 839, 848, 907, 1347, 1131, 1102, 783, 1276, 1235, 1118, 1202, 1119, 1238, 1054, 889, 847, 806, 1239, 1314, 1052, 1263, 1039, 1082, 1142, 1153], "decoding_mean": 1306.26, "coding_sd": 359.07534641074983}, "B": {"coding_mean": 1639.88, "decoding_sd": 234.67849411482084, "forwarding_sd": 240.77186629670834, "coding": [1986, 1365, 1744, 1695, 1845, 1580, 1327, 1444, 1850, 1763, 1561, 1449, 1314, 1318, 1832, 1688, 1502, 1689, 1502, 1783, 1784, 1423, 2332, 1468, 1610, 1491, 1656, 1394, 1457, 1674, 1484, 1527, 1407, 1455, 1483, 2103, 1555, 1537, 1539, 1551, 2009, 1620, 1417, 1791, 1434, 1825, 1613, 1580, 1536, 3002], "decoding": [1481, 1532, 1403, 1473, 1213, 1187, 1366, 1267, 1402, 1196, 1364, 1741, 1754, 1587, 1501, 1115, 1576, 1451, 1654, 1001, 1679, 1826, 1554, 1119, 1117, 1222, 1748, 1221, 1147, 1287, 1421, 1809, 1470, 1506, 1678, 1510, 1811, 1193, 1906, 1193, 1802, 1200, 1438, 1720, 1526, 1553, 1091, 1601, 1139, 1568], "forwarding_mean": 1188.22, "forwarding": [1575, 1316, 914, 1466, 1530, 1109, 927, 855, 1227, 899, 1304, 1000, 1480, 1279, 1661, 891, 1235, 948, 924, 895, 1353, 1484, 1511, 926, 1251, 1493, 970, 1521, 1187, 824, 1206, 1205, 1190, 1370, 1066, 961, 1459, 952, 1550, 1323, 970, 1341, 1185, 861, 1193, 966, 1539, 1211, 889, 1019], "decoding_mean": 1446.38, "coding_sd": 284.7642280905381}}