{"A": {"coding_mean": 1878.26, "decoding_sd": 212.6732000041378, "forwarding_sd": 199.84368791633125, "coding": [1529, 2082, 2092, 1681, 1750, 2010, 2146, 1814, 1970, 1750, 1844, 2252, 2047, 1896, 1953, 2494, 1849, 2068, 1623, 1693, 1463, 1970, 1683, 2131, 1797, 2452, 1869, 1797, 1731, 1644, 1801, 1670, 1701, 1970, 1496, 1905, 1738, 1792, 1797, 1695, 1896, 1993, 2011, 2181, 1734, 1882, 2448, 1771, 1762, 1590], "decoding": [1347, 1308, 948, 1571, 985, 940, 933, 1047, 1074, 1295, 1381, 984, 1278, 1391, 1065, 1004, 1417, 972, 1160, 1544, 1164, 1278, 1314, 1711, 1059, 1076, 1349, 962, 1130, 1430, 1330, 1355, 959, 1056, 1333, 1686, 1142, 1588, 1021, 1009, 1402, 1085, 1037, 1318, 1064, 1117, 1558, 973, 1026, 1349], "forwarding_mean": 1003.98, "forwarding": [971, 1074, 983, 1147, 790, 1316, 1209, 724, 855, 854, 799, 1079, 865, 1229, 916, 855, 1187, 1455, 1134, 879, 846, 1221, 815, 862, 859, 981, 1134, 1140, 789, 1164, 1066, 845, 800, 1070, 799, 1221, 867, 1254, 861, 1126, 857, 949, 1096, 802, 788, 969, 1753, 964, 1096, 884], "decoding_mean": 1210.5, "coding_sd": 230.42498215254352}, "B": {"coding_mean": 1650.46, "decoding_sd": 421.72037228476404, "forwarding_sd": 92.07649211389409, "coding": [1678, 1469, 1560, 1522, 1991, 1541, 1805, 1537, 1981, 1732, 1591, 1962, 1452, 1619, 1589, 1579, 1570, 1524, 1525, 1595, 1445, 1721, 1563, 1572, 1484, 2058, 1771, 1831, 1763, 1764, 1448, 1732, 1640, 1607, 1570, 1647, 2022, 1428, 1634, 1632, 1642, 1575, 1632, 1697, 1501, 1598, 1696, 1831, 1821, 1376], "decoding": [4199, 3048, 3369, 2995, 3226, 3310, 3118, 3002, 3649, 3416, 2980, 3900, 3360, 2993, 3130, 3384, 3554, 3399, 3034, 3830, 2680, 3442, 3413, 2995, 2915, 4148, 2932, 3345, 2863, 3175, 2915, 2845, 3056, 3091, 3667, 2810, 3157, 3462, 4497, 3157, 3015, 3092, 3124, 3311, 3286, 3335, 3234, 3392, 3407, 1706], "forwarding_mean": 813.86, "forwarding": [963, 715, 718, 723, 690, 722, 765, 715, 856, 776, 781, 871, 783, 736, 749, 759, 751, 806, 838, 894, 1217, 879, 813, 812, 818, 961, 813, 907, 814, 812, 815, 811, 815, 815, 933, 891, 819, 811, 945, 723, 728, 765, 721, 761, 730, 727, 786, 829, 837, 974], "decoding_mean": 3247.26, "coding_sd": 159.6432535373794}}