{"A": {"coding_mean": 2000.82, "decoding_sd": 303.9988157871672, "forwarding_sd": 367.0705812238295, "coding": [1491, 1693, 1543, 2510, 2099, 1921, 1659, 1679, 1764, 2182, 1722, 2390, 2248, 2793, 1558, 1915, 1494, 1729, 2198, 1481, 2386, 1669, 2047, 2384, 2195, 1717, 1621, 2123, 2165, 1630, 2300, 2283, 2260, 1511, 1992, 1715, 2166, 2198, 1864, 1782, 1304, 2022, 1750, 5875, 2489, 1664, 1879, 1525, 1726, 1730], "decoding": [938, 962, 1063, 1091, 1057, 1168, 1025, 1346, 941, 1504, 1242, 1009, 1032, 918, 983, 1403, 1324, 991, 894, 2396, 936, 1717, 1603, 856, 1055, 1006, 1267, 1718, 1407, 1679, 1321, 1269, 917, 969, 1024, 1226, 1371, 1068, 961, 1415, 1488, 1340, 1681, 1058, 1279, 1068, 1329, 1022, 1049, 1864], "forwarding_mean": 1063.78, "forwarding": [785, 723, 823, 877, 1189, 808, 835, 1337, 823, 1059, 1251, 841, 1289, 762, 1053, 1025, 754, 727, 1154, 814, 1056, 1406, 1050, 765, 813, 864, 904, 1580, 1663, 1566, 754, 1061, 851, 1706, 853, 865, 1243, 792, 802, 1116, 1130, 1384, 834, 1574, 852, 905, 919, 2835, 1047, 1070], "decoding_mean": 1225.0, "coding_sd": 644.2079071231584}, "B": {"coding_mean": 1680.6, "decoding_sd": 605.8501032433683, "forwarding_sd": 467.3285199942327, "coding": [2041, 1389, 1440, 1994, 1876, 1456, 1448, 1336, 1717, 1513, 1595, 1528, 1535, 1519, 1683, 1346, 1481, 1677, 1413, 1302, 1499, 1399, 1669, 1506, 1331, 1979, 1352, 1997, 2232, 2232, 1885, 1399, 1481, 1642, 1432, 1558, 1455, 1848, 1320, 3906, 1419, 1545, 1847, 2445, 1453, 1519, 1698, 1649, 2162, 1882], "decoding": [1356, 1478, 1163, 1140, 1430, 1893, 1692, 2735, 1144, 1466, 1170, 958, 990, 1284, 1358, 1155, 1104, 1137, 1148, 1029, 1484, 1007, 3030, 2754, 1148, 1645, 1344, 1107, 1751, 1152, 1148, 1428, 1396, 1453, 1209, 1328, 1101, 1484, 1374, 3201, 3478, 1380, 1541, 1553, 1660, 1708, 3149, 1722, 1225, 1719], "forwarding_mean": 1022.88, "forwarding": [1169, 802, 887, 755, 759, 711, 869, 832, 892, 941, 759, 762, 1484, 1045, 966, 824, 758, 784, 1153, 716, 1141, 1062, 875, 863, 829, 1053, 1046, 1012, 1081, 848, 947, 1045, 847, 1081, 839, 1347, 776, 909, 865, 3984, 758, 1538, 1251, 1304, 774, 862, 1171, 984, 1323, 861], "decoding_mean": 1550.18, "coding_sd": 417.8009573947863}}