{"A": {"coding_mean": 2136.24, "decoding_sd": 388.4932617176262, "forwarding_sd": 181.81185439899127, "coding": [2216, 2221, 2622, 2383, 1748, 2825, 2389, 2015, 2711, 2036, 2767, 2777, 1800, 1586, 2180, 2334, 1626, 1801, 2556, 2418, 2199, 1696, 2391, 2460, 1364, 2473, 1774, 1663, 1841, 1819, 2005, 2062, 1724, 1766, 1808, 2451, 2666, 2345, 2324, 2123, 2352, 1954, 2019, 1731, 1658, 1896, 2306, 2379, 2394, 2158], "decoding": [1162, 1631, 1596, 1037, 1481, 1533, 1866, 1643, 1050, 1510, 1315, 1318, 1276, 3151, 1263, 1308, 1275, 1732, 1454, 1377, 1048, 1079, 1044, 1076, 1294, 1311, 1705, 1058, 1193, 933, 1214, 1656, 1616, 1191, 1353, 992, 972, 1959, 1227, 2596, 1365, 1616, 1600, 1611, 1633, 1415, 1143, 1309, 1145, 1410], "forwarding_mean": 1085.36, "forwarding": [1198, 1195, 1166, 867, 1392, 1322, 1351, 1039, 1382, 1319, 1297, 1043, 1104, 1059, 1013, 1333, 892, 1041, 1229, 850, 856, 838, 941, 1291, 844, 843, 1285, 1310, 1075, 1082, 773, 1250, 1259, 1029, 1051, 1034, 1053, 1043, 1073, 900, 1038, 794, 1218, 847, 1013, 1105, 978, 1495, 923, 935], "decoding_mean": 1414.84, "coding_sd": 359.53756743906473}, "B": {"coding_mean": 1908.26, "decoding_sd": 1028.7014278205313, "forwarding_sd": 314.2205060144866, "coding": [1420, 2097, 2212, 2149, 1862, 1907, 2378, 2840, 1785, 1673, 2263, 1821, 2379, 1468, 1535, 1902, 2057, 1513, 1662, 1923, 1768, 2396, 2433, 1631, 1622, 2466, 1784, 1757, 2243, 1983, 1325, 1475, 1952, 1754, 1773, 1898, 1934, 1612, 2119, 2171, 2000, 1570, 2180, 2091, 2242, 2297, 1530, 1689, 1521, 1351], "decoding": [1181, 1715, 4330, 1240, 2985, 3694, 2831, 3848, 3104, 1401, 1595, 2984, 3185, 1737, 1783, 3725, 3469, 1395, 3888, 1073, 1139, 3596, 3166, 1550, 1798, 3559, 3293, 1108, 3010, 951, 1457, 1130, 1416, 1705, 1136, 1591, 967, 1252, 3609, 3341, 3100, 3935, 1325, 1733, 1187, 1978, 2002, 1828, 1463, 1571], "forwarding_mean": 1105.56, "forwarding": [1066, 1071, 1314, 882, 868, 2709, 1239, 1432, 950, 1205, 1256, 892, 1073, 879, 991, 944, 902, 1119, 989, 853, 704, 1067, 1029, 848, 1462, 934, 1059, 852, 867, 1405, 853, 711, 1125, 785, 1390, 1513, 1088, 1213, 1203, 1095, 1629, 969, 837, 1166, 1236, 1353, 868, 1003, 1352, 1028], "decoding_mean": 2241.18, "coding_sd": 334.36697265130715}}