{"A": {"coding_mean": 1994.24, "decoding_sd": 290.5540397241105, "forwarding_sd": 189.01523748100308, "coding": [1870, 2287, 1586, 1621, 2149, 1826, 1929, 1773, 1547, 1843, 2178, 2076, 1798, 1647, 1788, 3038, 2422, 1518, 2247, 2312, 1641, 2434, 1848, 2259, 2180, 2549, 1894, 2385, 1837, 1673, 1704, 2035, 2040, 2300, 2324, 1752, 2103, 1970, 1785, 2155, 1558, 1861, 2072, 1910, 1979, 2014, 1749, 1672, 2847, 1727], "decoding": [959, 1179, 1477, 1293, 971, 1434, 910, 870, 1241, 1194, 789, 1401, 1445, 1660, 1290, 1699, 1307, 1438, 1028, 1138, 1284, 1035, 1826, 1606, 1140, 1155, 2055, 1346, 1058, 1357, 1150, 1184, 1332, 1003, 1006, 1215, 1311, 1048, 1603, 1032, 1641, 2064, 1142, 1575, 1193, 1630, 1000, 1440, 924, 1677], "forwarding_mean": 1077.8, "forwarding": [922, 1042, 1336, 1335, 887, 869, 953, 1240, 1219, 1140, 1242, 1069, 1017, 1030, 897, 1563, 1270, 1103, 1206, 855, 1010, 1253, 1082, 1179, 1102, 1192, 1282, 952, 1046, 1214, 760, 1211, 834, 856, 979, 826, 1166, 774, 1526, 1022, 884, 1291, 837, 1289, 829, 1274, 858, 1032, 1068, 1067], "decoding_mean": 1295.1, "coding_sd": 325.5630544149628}, "B": {"coding_mean": 1842.84, "decoding_sd": 287.43618143859345, "forwarding_sd": 246.41764871859323, "coding": [1542, 1794, 1513, 1771, 1990, 1571, 1530, 1787, 1707, 1352, 1312, 1773, 1222, 2014, 1740, 1913, 1989, 2017, 1301, 1798, 1307, 2092, 2778, 2476, 2653, 1523, 1717, 1906, 1551, 1874, 1426, 1457, 1565, 2062, 2278, 1510, 2190, 1583, 2194, 1583, 3545, 2557, 2560, 1618, 1763, 1517, 2174, 1500, 2000, 1547], "decoding": [1578, 1064, 1193, 1012, 1305, 1488, 1083, 1302, 1235, 1405, 1505, 1386, 1374, 1142, 2266, 1585, 1776, 1724, 1466, 1671, 1404, 1248, 1565, 1670, 1727, 1791, 1496, 1863, 1717, 1320, 1246, 981, 1270, 1505, 1365, 1126, 1136, 1510, 1372, 1957, 1078, 1328, 1770, 2013, 1134, 1909, 1399, 1776, 1775, 1687], "forwarding_mean": 1081.68, "forwarding": [914, 959, 1389, 915, 955, 897, 1028, 1134, 1198, 920, 1677, 937, 1151, 995, 928, 1121, 1481, 1342, 1454, 962, 1118, 1163, 889, 1329, 895, 1616, 1725, 1255, 1218, 1571, 948, 855, 850, 1116, 791, 767, 1085, 844, 719, 1296, 798, 899, 788, 1054, 1099, 1086, 878, 853, 1199, 1023], "decoding_mean": 1473.96, "coding_sd": 441.97947282651035}}