{"A": {"coding_mean": 2199.72, "decoding_sd": 279.3762337780363, "forwarding_sd": 269.4932281152905, "coding": [1951, 1796, 2197, 2685, 2295, 1843, 2298, 2087, 1779, 1703, 2089, 1879, 1853, 2144, 1686, 2595, 2017, 2177, 2141, 2300, 2608, 2155, 2649, 2310, 2091, 1711, 1815, 2254, 1700, 2052, 2100, 1862, 1831, 2645, 2690, 2005, 2137, 3777, 2196, 2612, 1708, 2689, 2805, 2710, 1822, 2240, 2932, 2186, 2392, 1787], "decoding": [1112, 1530, 1673, 1601, 1251, 1261, 1784, 1378, 1152, 1923, 1554, 1076, 942, 1751, 1341, 1073, 1517, 1001, 1761, 1695, 1515, 1420, 1580, 1140, 1482, 1689, 1185, 1191, 1780, 1835, 1069, 1849, 1412, 1815, 1517, 1562, 1095, 2072, 1741, 1200, 1060, 1405, 1248, 1133, 1135, 1133, 1598, 1436, 1386, 1451], "forwarding_mean": 1326.2, "forwarding": [1003, 1668, 1276, 1670, 1104, 976, 1618, 1620, 1181, 1724, 1577, 1470, 1158, 1696, 1031, 1732, 1288, 1269, 1590, 1607, 1356, 1049, 1663, 964, 1441, 995, 1023, 919, 1109, 1604, 1516, 1030, 1047, 1638, 1447, 1625, 1089, 951, 1733, 1174, 1015, 1280, 1363, 1562, 1353, 1298, 1626, 948, 1019, 1215], "decoding_mean": 1430.2, "coding_sd": 404.94118288956486}, "B": {"coding_mean": 2031.44, "decoding_sd": 743.3440681138177, "forwarding_sd": 195.28808360983012, "coding": [1619, 1889, 2101, 2423, 1474, 1733, 1859, 1409, 2220, 2297, 1473, 1813, 1561, 1467, 1817, 2031, 2302, 1999, 2508, 2477, 1904, 2374, 2205, 1749, 1897, 2529, 2443, 1815, 1885, 2123, 2105, 2107, 1932, 2646, 1588, 2608, 2373, 1889, 2344, 1624, 2377, 1892, 2341, 2632, 1938, 1851, 2238, 2096, 1740, 1855], "decoding": [2126, 1391, 1069, 1836, 1488, 2338, 1688, 1507, 1293, 1401, 1289, 1640, 1660, 1118, 1104, 1046, 1453, 1543, 1397, 1639, 1745, 1617, 1632, 1841, 1974, 1733, 1244, 1501, 1224, 1157, 1230, 1306, 1682, 1618, 1893, 4008, 1772, 1326, 1284, 1791, 1239, 1603, 1321, 4472, 3157, 1469, 3401, 1410, 1795, 3858], "forwarding_mean": 1258.62, "forwarding": [1382, 1128, 1310, 1304, 1205, 1196, 1348, 934, 1173, 1229, 1106, 983, 1575, 852, 1236, 998, 1169, 1264, 1324, 1402, 1332, 1101, 1507, 1168, 845, 1388, 1149, 1571, 1263, 1021, 1309, 1078, 1052, 1470, 1418, 1450, 1514, 1044, 1306, 1022, 1697, 1152, 1143, 1559, 1544, 1320, 1250, 1250, 1393, 1497], "decoding_mean": 1746.58, "coding_sd": 334.66664966799425}}