{"A": {"coding_mean": 1901.78, "decoding_sd": 270.4476999347563, "forwarding_sd": 170.51714400610868, "coding": [1997, 1825, 2092, 1945, 1829, 1881, 2213, 1686, 2392, 1738, 1647, 1689, 1741, 2495, 1783, 2315, 2039, 1732, 1852, 1672, 1748, 2951, 1775, 1666, 1972, 1624, 2242, 1941, 1548, 1764, 1717, 1899, 1924, 1816, 1780, 1692, 1643, 1712, 1758, 2092, 1968, 1828, 1776, 2191, 2029, 1851, 1800, 2150, 1935, 1734], "decoding": [1075, 874, 1114, 1083, 1362, 1232, 1382, 1214, 993, 1646, 977, 1275, 1132, 1164, 1299, 971, 958, 1210, 1438, 1166, 1446, 824, 1077, 898, 927, 1016, 1260, 1145, 936, 2471, 1028, 1508, 979, 1126, 1022, 994, 982, 1038, 969, 1106, 1344, 1560, 936, 1102, 929, 941, 1078, 831, 929, 931], "forwarding_mean": 957.94, "forwarding": [787, 1189, 851, 790, 791, 940, 999, 691, 828, 1144, 835, 933, 921, 829, 871, 1227, 815, 763, 1150, 969, 917, 1224, 1158, 861, 934, 1144, 709, 894, 776, 827, 957, 1191, 828, 820, 938, 949, 1034, 878, 967, 1092, 808, 912, 880, 1112, 970, 1608, 1108, 1221, 978, 879], "decoding_mean": 1137.96, "coding_sd": 255.91829086644043}, "B": {"coding_mean": 1722.7, "decoding_sd": 569.3759956303041, "forwarding_sd": 211.06424045773363, "coding": [1813, 1421, 1680, 1432, 2197, 2130, 1510, 1589, 1589, 1879, 1558, 1827, 1539, 1499, 2247, 1621, 1752, 1512, 1747, 1605, 1381, 1839, 1565, 1665, 2158, 1526, 2125, 1783, 1817, 1876, 1988, 1611, 1385, 1458, 1632, 1975, 1596, 2486, 1501, 1645, 1555, 1720, 1634, 1698, 2187, 1620, 1563, 1300, 2364, 1335], "decoding": [1515, 1015, 1266, 1156, 3392, 1142, 1279, 1412, 1308, 1511, 1169, 1867, 1378, 1354, 3504, 1192, 1177, 1452, 1267, 1026, 935, 1074, 1076, 1016, 957, 947, 1004, 1270, 1282, 1100, 1280, 1170, 1066, 1295, 1148, 1247, 1973, 1251, 1048, 1190, 1134, 933, 958, 3375, 1194, 951, 1113, 1042, 1079, 943], "forwarding_mean": 966.92, "forwarding": [1005, 1013, 877, 953, 800, 1054, 954, 928, 982, 1628, 918, 945, 936, 1155, 1512, 1015, 1039, 873, 862, 1476, 771, 892, 843, 901, 1143, 776, 752, 804, 1089, 842, 695, 1271, 766, 846, 976, 785, 1469, 785, 777, 1133, 945, 847, 776, 1235, 1016, 777, 1123, 731, 826, 829], "decoding_mean": 1328.66, "coding_sd": 274.0162221475217}}