{"A": {"coding_mean": 2071.98, "decoding_sd": 237.28391517336354, "forwarding_sd": 247.58745444791828, "coding": [1774, 1666, 1831, 2139, 2153, 2310, 1622, 1746, 2577, 1811, 2140, 2462, 2430, 3112, 1409, 2097, 2425, 2090, 1821, 2193, 2493, 1689, 2314, 1461, 1767, 2437, 2571, 2231, 2237, 2279, 2319, 2093, 1405, 1580, 2212, 2186, 1629, 2744, 1807, 2646, 2500, 1803, 2078, 1916, 1847, 1601, 1756, 2323, 2284, 1583], "decoding": [1239, 927, 1158, 862, 1304, 1462, 1019, 838, 1827, 1044, 1381, 1320, 1011, 1646, 1459, 1114, 1344, 953, 1219, 914, 1422, 1327, 1088, 1216, 1173, 1580, 1211, 1351, 1282, 1024, 1092, 1545, 1129, 1398, 1039, 989, 1134, 988, 1297, 1081, 1591, 1707, 1047, 1021, 1113, 1722, 1221, 1017, 989, 1418], "forwarding_mean": 1159.18, "forwarding": [916, 881, 1181, 839, 1254, 1517, 1450, 994, 1168, 1536, 1584, 1295, 1014, 1062, 1496, 921, 982, 1037, 1613, 1544, 1576, 1018, 1477, 1472, 1212, 1059, 1114, 1498, 1241, 720, 1564, 1173, 838, 832, 1039, 1132, 1181, 1258, 1063, 913, 1151, 1048, 861, 702, 901, 1098, 1226, 1282, 1022, 1004], "decoding_mean": 1225.06, "coding_sd": 378.8100574166425}, "B": {"coding_mean": 1853.88, "decoding_sd": 733.9972217931073, "forwarding_sd": 197.1818460203677, "coding": [1942, 1534, 2330, 1500, 2235, 1864, 1865, 2260, 1667, 1566, 1493, 1627, 1547, 1673, 1891, 1918, 1859, 1825, 1856, 1578, 1645, 1893, 1786, 1667, 1765, 1530, 1882, 2346, 1844, 2747, 2160, 1656, 1592, 1860, 1480, 1953, 2047, 2402, 1582, 1499, 1996, 1789, 2012, 1534, 1435, 2063, 1529, 2800, 2858, 1312], "decoding": [1650, 1234, 1271, 1518, 1210, 1591, 3017, 3377, 1168, 1357, 1118, 1753, 1445, 1179, 1246, 1621, 1780, 3305, 863, 1597, 1438, 1859, 2056, 1463, 1303, 1145, 1123, 1081, 1467, 1310, 1110, 1761, 1876, 1559, 1430, 1259, 1420, 1873, 1120, 1141, 1592, 1321, 1039, 1602, 1348, 3776, 1150, 3766, 1309, 3789], "forwarding_mean": 1119.86, "forwarding": [1054, 794, 1298, 1538, 1187, 1307, 886, 1173, 868, 1385, 1254, 1075, 1176, 994, 1173, 864, 843, 1192, 899, 1236, 1387, 873, 1259, 961, 1045, 991, 1080, 975, 1238, 1003, 1346, 1191, 1746, 1527, 1161, 1071, 1104, 1209, 992, 1018, 1007, 1020, 924, 1282, 1239, 1117, 1012, 843, 1247, 929], "decoding_mean": 1655.72, "coding_sd": 348.7606996208145}}