{"A": {"coding_mean": 1995.16, "decoding_sd": 243.16946847826105, "forwarding_sd": 238.45071272697004, "coding": [1831, 2417, 1611, 1861, 1580, 1803, 1899, 1978, 2930, 2454, 2350, 2593, 1574, 2527, 1779, 2137, 2032, 1692, 1801, 2541, 1861, 1648, 1839, 1732, 1725, 1833, 1552, 2074, 1833, 2457, 2434, 2139, 1693, 1688, 1911, 2492, 1661, 1800, 1780, 2383, 1586, 2355, 2447, 2124, 1910, 1617, 1793, 1616, 2454, 1931], "decoding": [1669, 1213, 1722, 1698, 1318, 1143, 1365, 1623, 1600, 1143, 1694, 1414, 1388, 1619, 1376, 1357, 1167, 1297, 1583, 935, 1058, 1165, 1412, 1229, 939, 1245, 940, 1285, 934, 1357, 1186, 1413, 1188, 1528, 938, 858, 927, 1355, 1363, 965, 1078, 1593, 788, 1162, 1513, 1353, 1157, 1089, 1161, 1129], "forwarding_mean": 1132.24, "forwarding": [864, 903, 1031, 912, 1158, 897, 814, 1290, 1015, 1119, 766, 1263, 954, 1183, 1024, 1005, 1109, 818, 961, 1368, 875, 1241, 1337, 1020, 918, 1505, 887, 929, 1316, 1499, 923, 1307, 924, 1142, 904, 1203, 1028, 1520, 1147, 1263, 1203, 1142, 1559, 1660, 1693, 1066, 1552, 915, 1457, 1023], "decoding_mean": 1272.64, "coding_sd": 345.0567698220106}, "B": {"coding_mean": 1813.34, "decoding_sd": 392.61680249321984, "forwarding_sd": 226.33504721982408, "coding": [1917, 2300, 1692, 1898, 2728, 2193, 1465, 1501, 1519, 1665, 2301, 2185, 1488, 1919, 1737, 1588, 1975, 2315, 2092, 1824, 1476, 1441, 1529, 1630, 2408, 1742, 2148, 1729, 1654, 1724, 1972, 1534, 1498, 1665, 1646, 1522, 1856, 1494, 2240, 1692, 1817, 1444, 1584, 1805, 1599, 2053, 2235, 1617, 2078, 1533], "decoding": [1793, 1154, 1159, 1105, 1458, 1951, 1234, 1483, 1814, 1173, 1462, 1373, 1691, 1230, 1156, 1128, 1451, 1439, 1187, 1148, 1265, 1031, 1531, 1461, 1504, 989, 1284, 973, 1132, 1436, 1233, 1020, 1137, 1473, 3435, 1281, 1599, 1148, 938, 988, 1768, 928, 1249, 860, 1495, 1060, 1459, 960, 1649, 1379], "forwarding_mean": 1036.08, "forwarding": [954, 1720, 960, 1151, 1527, 1547, 1020, 985, 959, 1295, 1275, 1293, 1254, 1277, 975, 946, 1021, 979, 791, 961, 981, 814, 821, 823, 1256, 830, 1186, 1052, 689, 819, 1052, 1068, 764, 1021, 933, 824, 1102, 823, 816, 1215, 823, 760, 1086, 816, 822, 967, 1328, 828, 1245, 1350], "decoding_mean": 1345.08, "coding_sd": 305.1723847270588}}