{"A": {"coding_mean": 1959.84, "decoding_sd": 212.011725147455, "forwarding_sd": 213.8925421794785, "coding": [2671, 2147, 1637, 1826, 2559, 2061, 1829, 2467, 1733, 1623, 2211, 2107, 1790, 2476, 1660, 1788, 2282, 2315, 1880, 2000, 1563, 1686, 1707, 1863, 1794, 1773, 1908, 1890, 1623, 1606, 1931, 2238, 1667, 1588, 1773, 1545, 1902, 2226, 2750, 2121, 3320, 1965, 1801, 1681, 1631, 1715, 1896, 2090, 1625, 2052], "decoding": [1131, 1273, 1164, 1226, 1700, 1179, 1378, 1145, 1173, 1430, 1729, 960, 791, 861, 1277, 869, 1175, 794, 1412, 888, 1201, 854, 977, 924, 837, 937, 1016, 1162, 951, 965, 1288, 1304, 984, 1002, 1002, 1045, 1105, 1233, 1159, 945, 1157, 1226, 954, 1504, 1184, 1187, 1200, 831, 925, 1125], "forwarding_mean": 1026.98, "forwarding": [1263, 712, 1276, 781, 1506, 1175, 909, 1392, 888, 947, 1423, 860, 974, 1483, 952, 882, 1210, 1207, 1055, 1068, 1022, 957, 939, 949, 776, 865, 1698, 1233, 943, 804, 948, 1189, 882, 1185, 919, 843, 1061, 859, 1063, 838, 847, 756, 1141, 844, 1052, 842, 846, 1158, 998, 929], "decoding_mean": 1114.78, "coding_sd": 355.51795228933236}, "B": {"coding_mean": 1766.26, "decoding_sd": 430.6418818461576, "forwarding_sd": 82.83815545990869, "coding": [1602, 1755, 2053, 1742, 1734, 1599, 1650, 1591, 1644, 1851, 2103, 1744, 1548, 2118, 1620, 1755, 1719, 2600, 1748, 1846, 1505, 1445, 1769, 1984, 1505, 2066, 1609, 1528, 1803, 1745, 1769, 1604, 1852, 2528, 1628, 1797, 2069, 1735, 1623, 2096, 1624, 1582, 1688, 1843, 1827, 1584, 1648, 1758, 1585, 1492], "decoding": [3199, 3143, 4047, 3389, 4162, 2827, 2941, 3043, 3275, 3675, 3620, 3938, 3177, 3701, 2915, 4182, 3209, 2938, 2962, 3532, 2947, 2742, 3784, 3181, 2998, 4472, 3041, 3111, 2498, 2838, 3739, 3238, 3020, 2854, 3158, 3462, 4088, 3094, 2748, 2864, 3109, 3195, 3288, 3177, 3385, 3058, 2925, 2761, 3076, 2892], "forwarding_mean": 827.0, "forwarding": [818, 809, 859, 841, 798, 799, 792, 807, 1010, 797, 837, 862, 796, 1077, 767, 867, 811, 890, 996, 855, 808, 779, 904, 783, 856, 846, 853, 883, 852, 774, 816, 959, 877, 768, 859, 806, 1044, 802, 722, 725, 723, 727, 772, 649, 772, 729, 763, 721, 884, 806], "decoding_mean": 3252.36, "coding_sd": 234.84069579184947}}