{"A": {"coding_mean": 2115.4, "decoding_sd": 293.34748064368983, "forwarding_sd": 213.21090497439386, "coding": [2097, 2343, 2897, 1817, 2490, 2293, 1763, 1840, 2056, 1570, 1820, 1601, 2833, 2325, 2063, 1935, 2326, 2237, 1875, 1770, 1461, 2225, 1674, 1858, 1559, 1865, 1548, 1946, 1936, 1836, 2117, 2567, 2849, 2529, 1628, 1627, 2065, 1679, 2682, 1846, 2233, 2006, 2517, 2143, 1937, 2479, 3889, 2326, 2293, 2499], "decoding": [978, 1081, 1045, 1738, 1303, 1122, 1604, 1205, 1315, 1047, 1443, 1043, 923, 1095, 1321, 1374, 1219, 904, 1312, 922, 931, 779, 2520, 1160, 789, 1355, 1321, 1157, 1459, 1303, 962, 860, 1171, 1049, 1427, 1010, 1096, 977, 1148, 941, 844, 1242, 923, 1335, 991, 1603, 893, 918, 930, 1229], "forwarding_mean": 1120.1, "forwarding": [967, 949, 1206, 1006, 936, 1496, 1249, 1054, 1125, 1010, 1582, 1400, 1197, 827, 1152, 1186, 1158, 1099, 1083, 696, 754, 1237, 783, 1060, 855, 1045, 1100, 1510, 1268, 1346, 1266, 1735, 1312, 1247, 1050, 1054, 1177, 1032, 1193, 868, 1182, 1033, 1467, 959, 1029, 818, 980, 943, 1168, 1156], "decoding_mean": 1166.34, "coding_sd": 443.5807480042388}, "B": {"coding_mean": 1872.02, "decoding_sd": 460.9353538187323, "forwarding_sd": 65.97740219196265, "coding": [1671, 1658, 2126, 2512, 2063, 2751, 1736, 1563, 1855, 2030, 1758, 2315, 1566, 2093, 1826, 1844, 2785, 3098, 2079, 1514, 1886, 1730, 1666, 1837, 1946, 1463, 1739, 1639, 1676, 1456, 1844, 2619, 1723, 1424, 2985, 1760, 1609, 1501, 1444, 2233, 1715, 1720, 1792, 1791, 1617, 1529, 1676, 1616, 1558, 1564], "decoding": [2987, 3527, 3386, 4123, 4457, 4671, 3387, 3987, 3718, 3986, 3626, 3790, 3369, 3942, 2864, 3644, 2983, 2930, 3074, 2846, 3221, 3674, 4199, 3728, 3147, 2989, 3865, 3754, 3701, 3998, 3843, 3368, 4089, 3369, 3589, 3997, 4122, 3239, 4072, 3787, 3147, 3601, 2935, 3327, 2710, 3128, 2836, 3562, 2879, 3334], "forwarding_mean": 844.68, "forwarding": [1027, 831, 819, 771, 935, 816, 837, 896, 812, 865, 917, 909, 834, 897, 900, 934, 822, 827, 840, 879, 852, 902, 814, 829, 821, 913, 850, 945, 914, 833, 930, 715, 805, 816, 868, 836, 819, 965, 869, 838, 718, 804, 754, 772, 701, 761, 766, 772, 871, 813], "decoding_mean": 3530.14, "coding_sd": 399.63230550094414}}