{"A": {"coding_mean": 1998.18, "decoding_sd": 283.4425945407641, "forwarding_sd": 222.25915054278417, "coding": [1741, 1768, 2267, 2593, 1661, 1730, 1970, 1885, 1596, 2439, 2022, 2068, 3479, 1493, 2148, 1928, 2249, 1828, 2109, 1783, 2202, 2102, 1822, 1890, 1866, 2532, 1859, 1883, 1412, 1979, 2292, 1633, 2029, 2038, 1981, 1599, 1457, 2012, 1739, 2308, 2163, 2142, 2359, 1997, 1726, 2453, 2322, 1850, 1670, 1835], "decoding": [1694, 1140, 1101, 911, 1492, 1302, 1449, 1537, 935, 877, 950, 1455, 1280, 1449, 1169, 1184, 1507, 2094, 941, 1171, 938, 1660, 1151, 870, 1109, 973, 1611, 1418, 1513, 1332, 1412, 973, 1337, 1130, 942, 1182, 1172, 1168, 922, 931, 949, 1068, 849, 1031, 1248, 1465, 1669, 982, 1839, 1401], "forwarding_mean": 1075.1, "forwarding": [1204, 705, 758, 1249, 814, 802, 939, 1186, 1118, 1037, 1465, 807, 1098, 1121, 1234, 1200, 1086, 1057, 1113, 1212, 1201, 1173, 822, 818, 1290, 1281, 1165, 1257, 1196, 1119, 1788, 1528, 1189, 1359, 1015, 1003, 810, 1229, 827, 1203, 845, 837, 1012, 834, 841, 1081, 1226, 799, 751, 1051], "decoding_mean": 1237.66, "coding_sd": 348.25632456568536}, "B": {"coding_mean": 1832.62, "decoding_sd": 824.8954214929307, "forwarding_sd": 214.46264103568245, "coding": [2621, 2466, 2047, 2393, 1817, 1393, 2265, 1553, 1452, 1668, 1549, 1340, 1852, 1685, 2002, 1441, 2270, 2701, 2389, 1952, 1933, 1406, 1956, 1382, 2462, 1735, 1520, 2097, 1428, 1978, 2169, 1698, 1989, 1504, 2110, 1741, 1685, 1819, 1537, 1794, 1401, 1693, 1912, 2249, 1275, 1549, 1764, 1622, 1785, 1582], "decoding": [940, 1362, 1032, 3989, 3680, 1024, 1503, 1287, 1386, 1016, 1566, 1364, 1025, 1543, 1226, 1491, 1029, 1497, 2970, 1045, 1064, 1494, 1504, 1390, 4530, 3255, 1597, 1694, 973, 937, 1446, 3368, 1498, 1534, 1373, 1096, 1343, 1077, 1326, 1001, 1594, 1615, 1293, 1368, 1481, 1519, 3088, 1287, 1406, 1377], "forwarding_mean": 1096.66, "forwarding": [868, 1155, 938, 1313, 938, 907, 912, 906, 917, 812, 1268, 944, 1448, 854, 968, 1032, 938, 1414, 891, 1032, 978, 1519, 1202, 937, 1214, 837, 1348, 1142, 1299, 874, 1165, 1202, 1344, 1294, 1170, 948, 1036, 1222, 940, 964, 995, 875, 1326, 1515, 1300, 1169, 825, 1705, 879, 1154], "decoding_mean": 1630.06, "coding_sd": 355.787795743474}}