{"A": {"coding_mean": 1940.82, "decoding_sd": 240.04632886174284, "forwarding_sd": 185.20564138276134, "coding": [1698, 2479, 1867, 2274, 1642, 2063, 1961, 1772, 1864, 1801, 1492, 1928, 1978, 2111, 1771, 1611, 1870, 1838, 2407, 2187, 1696, 2375, 1688, 2177, 1710, 1639, 1877, 1636, 2143, 2065, 1606, 1649, 1701, 2165, 2438, 1696, 2205, 2574, 1998, 2011, 2241, 1907, 1760, 1796, 1679, 1981, 1820, 1803, 2732, 1659], "decoding": [1497, 1081, 1364, 1020, 1336, 1074, 1761, 1744, 1343, 1506, 1038, 1240, 1190, 1031, 1474, 1562, 1777, 1517, 1437, 1468, 1343, 1522, 1388, 1041, 1374, 1213, 1217, 1242, 1859, 1163, 1377, 1327, 1103, 1298, 1037, 1192, 1033, 1137, 1315, 976, 1012, 969, 1290, 1488, 1751, 1331, 977, 1371, 907, 947], "forwarding_mean": 1085.52, "forwarding": [953, 948, 1000, 1279, 837, 780, 1054, 1309, 1219, 1130, 918, 782, 1251, 1198, 1697, 913, 1052, 1253, 1216, 1047, 1203, 1181, 883, 1240, 1223, 1085, 1306, 929, 960, 771, 1204, 1318, 1181, 1209, 1214, 1106, 1118, 1043, 1122, 1029, 1038, 844, 1316, 989, 1267, 1214, 824, 835, 958, 830], "decoding_mean": 1293.2, "coding_sd": 282.75973475726704}, "B": {"coding_mean": 1699.22, "decoding_sd": 295.291477018894, "forwarding_sd": 172.719959471973, "coding": [1609, 1847, 1938, 1428, 1490, 1857, 1321, 1471, 1523, 2193, 1523, 1407, 1538, 1715, 1688, 1355, 1586, 1657, 2500, 3635, 2730, 1930, 1397, 1766, 2017, 1809, 1473, 1267, 1771, 2096, 1575, 1629, 1522, 1445, 1691, 1610, 1865, 1427, 1530, 1756, 1458, 1426, 1533, 1352, 1326, 1415, 1495, 1621, 2061, 1687], "decoding": [1318, 1515, 1874, 1427, 1067, 1608, 1535, 1147, 1268, 1730, 2481, 1771, 1094, 1538, 1386, 1097, 1785, 1805, 1189, 1255, 1062, 1143, 1346, 1136, 1162, 1112, 1140, 1471, 1128, 1705, 1429, 1259, 1273, 1412, 1056, 1471, 1283, 1064, 1169, 1021, 1447, 1136, 1157, 1525, 1629, 1861, 1007, 1036, 1036, 1337], "forwarding_mean": 950.34, "forwarding": [1026, 1477, 875, 935, 946, 1255, 826, 937, 1102, 1134, 846, 1248, 886, 1001, 941, 1060, 984, 1033, 685, 822, 1081, 818, 1210, 695, 828, 829, 767, 1026, 831, 1245, 1167, 770, 841, 1112, 770, 1099, 1210, 875, 769, 825, 1111, 1052, 906, 837, 827, 816, 831, 823, 698, 829], "decoding_mean": 1358.06, "coding_sd": 400.6651614503063}}