{"A": {"coding_mean": 2132.08, "decoding_sd": 223.9232806119096, "forwarding_sd": 204.57626939603725, "coding": [1893, 1844, 2289, 1914, 2101, 2386, 1563, 1846, 1999, 2335, 1853, 2536, 1714, 2916, 2178, 1798, 2128, 2521, 2541, 1778, 1649, 2527, 2197, 2446, 2176, 2416, 1837, 1608, 2180, 2308, 1714, 2016, 2067, 2676, 1798, 2114, 2546, 2369, 2585, 2111, 1835, 3579, 1899, 1664, 2147, 2083, 2438, 2011, 1751, 1724], "decoding": [1276, 1711, 1194, 1455, 1176, 1778, 1432, 1512, 1391, 1634, 1462, 1014, 1298, 1153, 1229, 1280, 1398, 1182, 1385, 1503, 1093, 1609, 1108, 1482, 1933, 1754, 1696, 1349, 1099, 1136, 1165, 1720, 1710, 1089, 1485, 1460, 1413, 1378, 1142, 1081, 1416, 1138, 1070, 1410, 1129, 1107, 1527, 1486, 1462, 1521], "forwarding_mean": 1202.9, "forwarding": [1528, 1634, 952, 1016, 1045, 1656, 1489, 1317, 951, 1003, 1305, 1477, 1271, 970, 1038, 1267, 1180, 1625, 1051, 1060, 964, 1460, 1017, 1266, 985, 1028, 1033, 1345, 1431, 970, 1353, 1044, 1008, 1115, 1028, 1054, 1011, 1584, 1294, 1294, 1311, 1025, 1282, 1285, 1036, 1212, 1206, 1349, 1043, 1277], "decoding_mean": 1372.62, "coding_sd": 379.7661301380101}, "B": {"coding_mean": 1844.9, "decoding_sd": 280.83812063179744, "forwarding_sd": 249.4099508840816, "coding": [2451, 1806, 1592, 2106, 2193, 1499, 1684, 1663, 2284, 1923, 1728, 1791, 2259, 1907, 2328, 1513, 1506, 1924, 1869, 2340, 1674, 1530, 1672, 1551, 1848, 1493, 1521, 2307, 1923, 2003, 2006, 2033, 1466, 2298, 1620, 1548, 1853, 2117, 1562, 1980, 1631, 1537, 2453, 1524, 2685, 1763, 1483, 1566, 1444, 1788], "decoding": [1657, 1215, 1847, 1278, 1739, 2073, 1475, 1176, 1658, 1563, 1133, 1571, 1587, 1656, 1064, 1033, 1246, 1367, 1111, 1281, 1764, 1439, 1656, 1317, 1979, 1871, 1907, 1684, 1622, 1862, 1566, 1190, 1136, 1860, 1252, 1145, 1640, 1520, 1142, 1138, 1195, 1659, 1669, 1818, 1223, 1524, 1487, 1932, 1663, 1225], "forwarding_mean": 1196.58, "forwarding": [1459, 1009, 1382, 1060, 1143, 1334, 1733, 1060, 1529, 1268, 1130, 1151, 1579, 1621, 1657, 1011, 1017, 1495, 1323, 1312, 1613, 1036, 1131, 955, 1282, 1018, 1578, 919, 767, 1417, 1149, 1198, 920, 1331, 770, 906, 1446, 1204, 1028, 867, 919, 864, 1142, 915, 911, 1474, 1250, 1131, 1097, 1318], "decoding_mean": 1496.3, "coding_sd": 317.48462954921143}}