{"A": {"coding_mean": 2117.64, "decoding_sd": 311.6321446834392, "forwarding_sd": 221.69772303747283, "coding": [2471, 2366, 1671, 2227, 2019, 1682, 2171, 2319, 2426, 2567, 2306, 1809, 1642, 1776, 2067, 1845, 2389, 1735, 2238, 2959, 2429, 1694, 2253, 1854, 2238, 2254, 2250, 3179, 1877, 2025, 2610, 2231, 2540, 1675, 2326, 1750, 2574, 2486, 1671, 2123, 2850, 1626, 2103, 1950, 1760, 1630, 1883, 1834, 1397, 2125], "decoding": [1054, 1141, 1744, 1093, 1118, 1409, 1031, 1107, 1152, 1070, 1648, 1405, 1219, 984, 1343, 903, 1297, 911, 826, 1225, 968, 982, 1053, 1157, 1323, 1127, 1142, 1196, 1666, 2064, 1090, 1519, 1565, 2253, 1085, 1753, 1653, 1744, 1098, 1690, 1668, 1339, 1256, 1411, 1775, 1414, 1569, 957, 1506, 1243], "forwarding_mean": 1149.86, "forwarding": [1582, 1277, 998, 879, 1098, 1279, 1275, 968, 1053, 1207, 1656, 1611, 1210, 827, 949, 1227, 1031, 1545, 1065, 1405, 962, 1021, 941, 1223, 1338, 1431, 990, 1512, 1205, 989, 1054, 1014, 1226, 818, 1192, 815, 986, 1282, 877, 1264, 1421, 1308, 1113, 1006, 808, 1275, 1370, 883, 1090, 937], "decoding_mean": 1318.92, "coding_sd": 379.92966506973363}, "B": {"coding_mean": 1741.98, "decoding_sd": 560.1213996983154, "forwarding_sd": 236.0741442852224, "coding": [1519, 1536, 1916, 2232, 1774, 1608, 1515, 1568, 1995, 1726, 1779, 2334, 1950, 1982, 1817, 1992, 1818, 2395, 2061, 1450, 2044, 1556, 1509, 1664, 1917, 1733, 1688, 1582, 1508, 1512, 1592, 1857, 1486, 1836, 1488, 1345, 1541, 1558, 1545, 2277, 1320, 2326, 2044, 2006, 1424, 1864, 1421, 1560, 1489, 1440], "decoding": [1060, 1473, 3172, 1914, 1096, 1204, 1189, 1937, 1238, 1815, 1328, 1363, 3310, 1078, 1086, 1479, 3889, 1335, 1076, 1623, 1335, 1591, 987, 1857, 1716, 1257, 2013, 1330, 1795, 1657, 1775, 1833, 1489, 1216, 1505, 1737, 1110, 1217, 1155, 1734, 1047, 1317, 1621, 1533, 1240, 1867, 1575, 1250, 1737, 1077], "forwarding_mean": 1135.72, "forwarding": [874, 1053, 1644, 1199, 1078, 833, 829, 1363, 1357, 885, 1053, 936, 1599, 930, 933, 1848, 1046, 1068, 803, 1147, 1419, 1326, 908, 1295, 1288, 992, 900, 851, 1378, 897, 1433, 1236, 1221, 1125, 1130, 969, 1264, 894, 1110, 1363, 900, 878, 1197, 1131, 1131, 1404, 1363, 1321, 842, 1142], "decoding_mean": 1564.76, "coding_sd": 277.11416347779846}}