{"A": {"coding_mean": 2092.6, "decoding_sd": 250.02460358932677, "forwarding_sd": 227.80488230062147, "coding": [2027, 1629, 2203, 2172, 1874, 2000, 1659, 2187, 1939, 2719, 2818, 1597, 2711, 1611, 1720, 1908, 1847, 2240, 1951, 2577, 2613, 1676, 2195, 2486, 1752, 2624, 1995, 2386, 1820, 2633, 1761, 1830, 1870, 1812, 2979, 1891, 2648, 1900, 2057, 1686, 2258, 2264, 1905, 2673, 1924, 1885, 1695, 2334, 2093, 1596], "decoding": [1382, 1449, 1536, 1352, 1892, 1064, 1040, 1354, 1547, 1612, 1005, 969, 1418, 1383, 1453, 1373, 1951, 1002, 1613, 1145, 1496, 1371, 1451, 1256, 1530, 1265, 1590, 1478, 1994, 1370, 1156, 1332, 1439, 1240, 1437, 1674, 1091, 1894, 1204, 1540, 1811, 1465, 1261, 1067, 1587, 1729, 1455, 1146, 1110, 1483], "forwarding_mean": 1271.34, "forwarding": [1464, 1380, 1341, 1007, 1425, 1047, 1207, 1699, 1291, 1489, 1657, 1057, 1570, 1102, 903, 1450, 1510, 1600, 1026, 1359, 1165, 1334, 1005, 1411, 1739, 883, 943, 1166, 1360, 1485, 1335, 1168, 1178, 946, 1019, 1164, 1632, 1409, 1418, 1643, 1365, 908, 1072, 1165, 1175, 1057, 1349, 1149, 1173, 1167], "decoding_mean": 1409.24, "coding_sd": 370.99229102502926}, "B": {"coding_mean": 1777.96, "decoding_sd": 243.2962186307054, "forwarding_sd": 258.08119730038453, "coding": [1690, 1572, 1735, 1892, 1404, 1928, 1798, 2269, 2209, 1744, 1817, 1632, 1558, 1714, 1609, 1592, 1575, 1625, 1747, 1492, 1511, 1623, 1450, 2213, 2003, 1679, 1607, 2004, 1472, 1643, 1497, 1506, 2104, 2165, 2056, 1509, 1511, 2580, 2517, 2426, 1669, 1593, 1639, 1628, 1788, 1618, 1829, 1972, 1584, 1900], "decoding": [1494, 1257, 1590, 1762, 1107, 1705, 1044, 1461, 1262, 1529, 1227, 1647, 1655, 1922, 1942, 1881, 1206, 1637, 1908, 1229, 1521, 1158, 1612, 1548, 1738, 1427, 1379, 1206, 1275, 1694, 1261, 1494, 1155, 1400, 1373, 1567, 1644, 1311, 1391, 1177, 1308, 1467, 1626, 1240, 1564, 2000, 1504, 1937, 1686, 1617], "forwarding_mean": 1237.66, "forwarding": [1333, 1050, 1019, 1046, 1175, 1639, 1210, 2126, 1309, 1264, 1555, 1656, 1051, 1051, 1701, 1061, 1302, 978, 1060, 987, 1067, 1651, 1387, 1058, 1607, 968, 1060, 1147, 1056, 1385, 1085, 1763, 1099, 1198, 1329, 1418, 1062, 1156, 1349, 1179, 1029, 793, 1454, 977, 883, 1280, 1253, 1133, 1152, 1332], "decoding_mean": 1494.9, "coding_sd": 283.96929129749225}}