{"A": {"coding_mean": 2084.12, "decoding_sd": 242.22427954274113, "forwarding_sd": 176.82395312852836, "coding": [2526, 1847, 1849, 2282, 2314, 1871, 2236, 1544, 2021, 1801, 2033, 2394, 1843, 2866, 2016, 2350, 1740, 1737, 2759, 1851, 1735, 2232, 2308, 2465, 1924, 1647, 2011, 2315, 2318, 2572, 2200, 1556, 1756, 2124, 1961, 2198, 1801, 2560, 2267, 2477, 1635, 2271, 2480, 1552, 1978, 2317, 2246, 1791, 1716, 1913], "decoding": [1185, 861, 1319, 863, 1141, 936, 927, 1151, 1167, 877, 882, 1180, 975, 1446, 956, 936, 1150, 1788, 1405, 1496, 1369, 934, 1028, 1115, 1229, 984, 1278, 883, 968, 941, 867, 832, 924, 1344, 1205, 1038, 1536, 1499, 976, 1048, 1327, 974, 1059, 1302, 1296, 1732, 1594, 938, 914, 911], "forwarding_mean": 1021.64, "forwarding": [874, 1035, 1356, 1137, 839, 894, 986, 849, 1346, 829, 1041, 1072, 895, 1030, 1307, 837, 1041, 927, 1236, 1294, 1219, 1230, 845, 1040, 1117, 938, 1179, 1036, 930, 778, 1033, 711, 867, 1226, 1120, 918, 1281, 1245, 1002, 780, 1189, 821, 1189, 772, 833, 1039, 834, 1279, 794, 1012], "decoding_mean": 1133.72, "coding_sd": 325.12715297249474}, "B": {"coding_mean": 1684.08, "decoding_sd": 334.18910574703057, "forwarding_sd": 150.73513193678508, "coding": [1950, 1567, 1594, 1854, 1554, 1506, 1584, 1943, 1894, 1514, 1625, 1707, 1778, 1685, 1453, 2276, 1551, 1446, 2023, 1962, 1518, 1467, 1547, 1580, 1739, 1539, 1915, 2289, 1561, 1479, 2245, 1654, 1551, 1519, 2136, 1483, 1583, 1537, 1556, 2273, 1382, 1642, 1520, 1480, 1450, 1475, 2352, 1399, 1566, 1301], "decoding": [1570, 1075, 1320, 1017, 1058, 1033, 1349, 1031, 989, 1490, 1163, 1506, 1318, 1019, 1558, 1743, 951, 1289, 992, 1124, 1256, 1252, 1134, 1102, 1586, 1490, 1228, 2813, 1050, 1545, 1447, 967, 1140, 1432, 1525, 1112, 2095, 1107, 1100, 1136, 1551, 1138, 1366, 1181, 1414, 1327, 1975, 986, 1665, 1337], "forwarding_mean": 965.0, "forwarding": [1445, 1016, 1049, 823, 842, 816, 844, 832, 837, 834, 852, 1038, 1105, 773, 841, 1289, 815, 1042, 916, 841, 1042, 1037, 834, 1052, 825, 887, 1017, 843, 971, 1075, 1265, 857, 937, 1185, 1189, 953, 943, 884, 1181, 859, 956, 950, 975, 991, 1281, 913, 1037, 791, 810, 860], "decoding_mean": 1321.04, "coding_sd": 266.7010941109916}}