{"A": {"coding_mean": 2195.7, "decoding_sd": 307.82354945650275, "forwarding_sd": 246.7670966721455, "coding": [1814, 2174, 2344, 2955, 1667, 2609, 2081, 1905, 2500, 1795, 1977, 2372, 1846, 2753, 1836, 2715, 1837, 2250, 3155, 1719, 1986, 2574, 3067, 1597, 1797, 2709, 2106, 1699, 2201, 1895, 2333, 2348, 1671, 2125, 1853, 1791, 2716, 2259, 2504, 2242, 1978, 1819, 2650, 2303, 1770, 2332, 1749, 2432, 2713, 2262], "decoding": [1740, 1493, 2031, 1959, 1117, 1261, 1436, 1269, 1162, 1061, 1056, 1372, 1179, 1685, 1668, 1671, 1424, 1365, 1339, 961, 1104, 1650, 1989, 1735, 1107, 1199, 1289, 1144, 2108, 1116, 1770, 1194, 1094, 1149, 1143, 1295, 1574, 1390, 1303, 981, 1512, 1375, 1630, 1142, 1341, 1167, 1371, 1314, 2244, 1105], "forwarding_mean": 1193.4, "forwarding": [1779, 1641, 992, 1518, 933, 1204, 1763, 1085, 1364, 906, 969, 1228, 1102, 1677, 1084, 1241, 1119, 1690, 965, 909, 1017, 1151, 1319, 1320, 1333, 1244, 935, 1105, 1343, 831, 1114, 895, 1115, 833, 970, 1129, 1211, 1462, 1331, 1361, 1439, 974, 1391, 1189, 849, 998, 895, 1373, 1167, 1207], "decoding_mean": 1395.68, "coding_sd": 397.94493337646605}, "B": {"coding_mean": 1792.18, "decoding_sd": 357.0493500904322, "forwarding_sd": 154.71277775284108, "coding": [1488, 1644, 1577, 1590, 1640, 1637, 1860, 1588, 1417, 1909, 1530, 1666, 1677, 2249, 2371, 2438, 1996, 1698, 1562, 1703, 1804, 1584, 1837, 2049, 1560, 1496, 1942, 1738, 2029, 2158, 1508, 2196, 1672, 1711, 1888, 1605, 1540, 1741, 1959, 1658, 2332, 1762, 1850, 1801, 1712, 1473, 2646, 1855, 1695, 1568], "decoding": [1467, 1493, 1148, 1116, 1949, 1736, 1542, 1772, 1234, 1844, 1175, 1763, 1663, 1900, 1594, 1823, 2001, 1102, 2025, 1130, 1180, 2007, 1320, 1586, 1612, 1501, 1264, 1279, 1245, 1343, 1871, 1228, 1490, 1769, 2102, 1524, 1419, 1922, 1191, 1708, 3060, 1805, 1856, 1775, 1901, 1511, 1877, 1690, 1190, 1295], "forwarding_mean": 1037.42, "forwarding": [932, 1121, 810, 803, 1254, 978, 1315, 820, 1164, 1153, 1052, 996, 1093, 1350, 1114, 971, 875, 990, 882, 958, 879, 823, 887, 1296, 1104, 1034, 1333, 1006, 1377, 1214, 1002, 1109, 999, 1008, 1233, 1023, 1009, 1040, 1008, 1011, 824, 1031, 1211, 888, 1002, 953, 1204, 890, 1099, 743], "decoding_mean": 1599.96, "coding_sd": 272.2447935223004}}