{"A": {"coding_mean": 1999.04, "decoding_sd": 274.09343224528385, "forwarding_sd": 216.5586442513898, "coding": [2211, 2211, 1533, 1808, 1749, 1608, 2774, 2150, 1444, 1678, 1420, 1983, 1835, 2966, 1514, 1540, 1941, 1936, 3447, 2134, 1612, 2204, 2026, 2927, 2510, 2967, 1949, 1841, 1636, 1830, 1507, 1510, 1998, 2385, 3281, 1647, 2192, 1717, 2571, 1536, 2052, 1447, 1533, 1611, 2475, 1765, 1500, 1675, 1797, 2369], "decoding": [1133, 1292, 1287, 922, 923, 936, 816, 820, 921, 811, 978, 857, 1149, 932, 998, 1487, 931, 1504, 928, 1204, 1128, 810, 1118, 788, 2122, 922, 1078, 1053, 1043, 1494, 1267, 1598, 1000, 856, 1258, 1453, 1199, 933, 1079, 1291, 1538, 1048, 1095, 1271, 937, 1230, 953, 1694, 1593, 1248], "forwarding_mean": 1003.44, "forwarding": [1468, 922, 932, 870, 1352, 792, 823, 1354, 855, 845, 684, 1033, 947, 1105, 935, 876, 840, 1232, 941, 1209, 866, 922, 1599, 939, 1339, 960, 1032, 927, 873, 1335, 887, 1047, 1249, 711, 1189, 1050, 1013, 1162, 998, 859, 800, 917, 718, 777, 1042, 834, 800, 815, 946, 1551], "decoding_mean": 1138.52, "coding_sd": 498.8558092274761}, "B": {"coding_mean": 1679.7, "decoding_sd": 514.6766068124721, "forwarding_sd": 170.65584197442524, "coding": [1339, 1853, 1383, 1773, 2840, 1337, 1985, 1312, 1375, 2524, 1621, 1351, 1860, 3412, 1275, 1952, 1474, 2009, 1570, 2338, 1407, 1461, 1820, 1679, 1518, 1459, 1866, 1715, 1323, 1484, 1830, 1754, 1395, 1382, 1424, 1532, 1431, 1375, 1487, 1814, 1709, 1520, 1760, 1535, 1410, 1568, 1380, 1999, 1825, 1540], "decoding": [1009, 1224, 1220, 1025, 2690, 998, 976, 1500, 1185, 1353, 1030, 1001, 1217, 1184, 924, 1008, 3423, 1182, 1330, 972, 1528, 921, 1328, 3181, 1253, 2356, 1127, 1271, 1170, 1646, 1236, 1054, 1166, 1348, 1216, 1161, 1333, 1513, 1567, 1789, 1420, 1322, 1552, 1846, 1695, 1163, 1478, 1078, 1669, 1038], "forwarding_mean": 975.94, "forwarding": [793, 1270, 1081, 1109, 822, 926, 740, 758, 913, 1231, 860, 823, 1005, 848, 841, 1033, 891, 1076, 796, 872, 793, 743, 1199, 883, 995, 1204, 1262, 1571, 793, 1203, 934, 993, 954, 934, 943, 883, 909, 974, 783, 865, 1213, 1037, 1158, 950, 1019, 1181, 843, 1097, 936, 857], "decoding_mean": 1397.52, "coding_sd": 400.10129967297036}}