{"A": {"coding_mean": 2079.46, "decoding_sd": 342.66514266846576, "forwarding_sd": 226.30752881864095, "coding": [2679, 2317, 1871, 1705, 1741, 2329, 2264, 1587, 1626, 2032, 1667, 2596, 2262, 2088, 1849, 1693, 1783, 2500, 2670, 1670, 2392, 2177, 2141, 2515, 2225, 1993, 2573, 2377, 1826, 2554, 1769, 2898, 1652, 1656, 2363, 1466, 1684, 2205, 1699, 1833, 1985, 1919, 1951, 1689, 2214, 1982, 2396, 2346, 2264, 2300], "decoding": [1103, 1313, 866, 1062, 1164, 852, 1213, 1122, 1511, 1467, 1116, 1405, 1160, 1027, 1108, 1184, 1697, 1043, 1381, 1281, 2046, 1114, 1039, 1026, 1339, 1611, 1176, 1365, 1540, 1615, 1084, 1253, 1034, 1394, 1238, 1467, 1113, 1616, 1312, 913, 1010, 1043, 965, 862, 2923, 910, 1252, 905, 968, 1242], "forwarding_mean": 1041.68, "forwarding": [1318, 1012, 843, 839, 812, 1297, 936, 1096, 1345, 856, 1241, 1086, 821, 1236, 861, 919, 826, 1264, 1308, 855, 1086, 1178, 1185, 874, 1119, 792, 1311, 1391, 1171, 1432, 855, 787, 1220, 840, 976, 807, 891, 1085, 772, 1156, 757, 1073, 1281, 798, 802, 1140, 974, 873, 873, 1814], "decoding_mean": 1249.0, "coding_sd": 349.6741460274122}, "B": {"coding_mean": 1679.46, "decoding_sd": 229.43557614284668, "forwarding_sd": 158.5802522384171, "coding": [1425, 1612, 1484, 1595, 2194, 2098, 1695, 1563, 2137, 1988, 2309, 1610, 1942, 1408, 1465, 1526, 1809, 1773, 1657, 1561, 1597, 1557, 1926, 1674, 2034, 1686, 1381, 1435, 1480, 1746, 1480, 1745, 1547, 1522, 1396, 1685, 1952, 1593, 1547, 1687, 2021, 1656, 1406, 1510, 1972, 1395, 1684, 1575, 1815, 1418], "decoding": [1275, 1473, 1049, 1191, 1119, 1266, 1579, 1391, 1087, 1691, 1264, 1411, 1682, 1018, 1033, 1139, 1655, 1537, 1584, 1707, 1160, 1430, 1442, 1086, 1248, 1742, 1397, 1588, 1605, 1137, 1142, 1513, 1510, 1145, 1100, 1127, 1186, 1865, 1481, 1508, 1366, 1090, 1493, 928, 1041, 1343, 1082, 1334, 1216, 1165], "forwarding_mean": 964.06, "forwarding": [969, 776, 901, 1269, 1013, 1230, 1233, 1124, 1127, 884, 788, 1226, 1275, 765, 726, 1079, 792, 1007, 788, 1123, 840, 852, 849, 1154, 949, 1160, 1155, 785, 1185, 848, 912, 837, 1171, 828, 870, 795, 1059, 1042, 1059, 917, 993, 826, 797, 781, 919, 843, 935, 1012, 960, 775], "decoding_mean": 1332.42, "coding_sd": 231.46051153490524}}