{"A": {"coding_mean": 2031.68, "decoding_sd": 243.66413277296272, "forwarding_sd": 205.06279623568972, "coding": [1889, 2147, 2106, 1822, 1603, 1677, 1991, 2522, 1768, 1658, 2376, 1944, 2387, 1959, 1746, 1903, 2330, 2119, 2482, 2449, 2384, 1709, 2113, 1596, 2519, 1936, 2330, 1796, 2009, 2146, 1848, 2157, 2581, 2087, 2419, 1641, 2494, 1612, 1750, 2094, 2524, 2383, 1642, 1615, 1882, 1856, 2358, 1585, 1782, 1858], "decoding": [988, 1366, 1403, 1510, 1608, 1255, 999, 989, 1007, 1730, 976, 1312, 1805, 1200, 1027, 1319, 1653, 1045, 1347, 1044, 1279, 947, 1015, 1167, 1171, 924, 951, 1440, 1000, 1008, 1522, 958, 1223, 1097, 1206, 1187, 1116, 882, 1191, 949, 1408, 888, 1342, 1188, 1293, 1046, 1348, 1047, 1891, 1157], "forwarding_mean": 1180.36, "forwarding": [952, 1502, 1165, 995, 1483, 1236, 983, 1371, 980, 1676, 968, 1205, 1160, 950, 1199, 1376, 1681, 945, 1501, 1192, 1388, 1068, 1210, 1168, 998, 1064, 1311, 1313, 1376, 965, 943, 1021, 1399, 1145, 1115, 1052, 1236, 1061, 1246, 702, 1261, 1461, 1049, 1097, 953, 1069, 1210, 937, 1329, 1351], "decoding_mean": 1208.48, "coding_sd": 309.0617051658131}, "B": {"coding_mean": 1794.5, "decoding_sd": 456.01881540129455, "forwarding_sd": 190.46657344531613, "coding": [1456, 2064, 1287, 1432, 1781, 1473, 1954, 1430, 1759, 1367, 1401, 1857, 1409, 1787, 2163, 1646, 2039, 1366, 1844, 1729, 2173, 1680, 1969, 2362, 2330, 2776, 2336, 2393, 3282, 1727, 1578, 1721, 1832, 1385, 2688, 1471, 1404, 2044, 1650, 1955, 1564, 1611, 1446, 1564, 1551, 1546, 2020, 1501, 1489, 1433], "decoding": [1566, 1495, 1238, 939, 1843, 1207, 1409, 1139, 1601, 1173, 1449, 1321, 1162, 1901, 1165, 1492, 1208, 1619, 1629, 3281, 1306, 1239, 1574, 1809, 1419, 1577, 1518, 3370, 963, 1250, 1008, 1604, 1099, 1541, 1419, 1496, 1645, 1375, 1519, 1094, 1050, 1693, 1553, 1256, 1254, 1137, 1147, 1971, 1800, 987], "forwarding_mean": 1064.38, "forwarding": [1045, 997, 984, 1008, 1176, 915, 1283, 817, 987, 1234, 971, 908, 1123, 1359, 965, 1048, 981, 1292, 1239, 1297, 1003, 981, 1232, 1019, 845, 860, 867, 1251, 917, 1141, 1361, 861, 1078, 868, 1164, 1079, 1302, 1201, 971, 903, 1288, 1562, 1376, 792, 802, 857, 813, 1304, 1163, 729], "decoding_mean": 1470.2, "coding_sd": 412.17055935619663}}