{"A": {"coding_mean": 1941.62, "decoding_sd": 395.8903888704549, "forwarding_sd": 200.80028784839928, "coding": [1923, 1522, 2077, 1837, 2065, 1798, 1413, 1587, 1855, 1885, 1494, 1501, 1508, 2612, 1987, 1587, 2106, 2569, 2193, 2222, 1648, 2137, 1578, 1790, 3177, 1712, 1868, 1718, 1539, 1990, 2098, 1748, 2242, 2167, 1610, 2132, 1624, 2550, 1958, 2047, 2866, 1944, 2395, 1968, 1354, 1482, 1513, 2042, 2674, 1769], "decoding": [1689, 1327, 1298, 992, 1026, 1378, 1143, 955, 1193, 972, 1295, 1150, 1218, 962, 1793, 1345, 948, 1382, 1066, 1066, 1178, 1230, 863, 2661, 1257, 1189, 1615, 1442, 1351, 2577, 1118, 2280, 1017, 1199, 1083, 1083, 980, 1095, 1125, 1128, 1566, 1021, 1001, 974, 918, 762, 763, 740, 1681, 1375], "forwarding_mean": 1006.38, "forwarding": [937, 869, 1338, 906, 816, 783, 1035, 902, 807, 994, 798, 833, 979, 1014, 944, 1000, 1578, 1063, 931, 1150, 824, 1129, 943, 1062, 1047, 760, 896, 1030, 827, 1253, 898, 1312, 1275, 981, 1189, 855, 902, 1166, 1164, 1143, 1411, 861, 1122, 1147, 736, 855, 640, 623, 1300, 1291], "decoding_mean": 1249.4, "coding_sd": 391.5817610665747}, "B": {"coding_mean": 1688.48, "decoding_sd": 701.125438135003, "forwarding_sd": 211.92639854440034, "coding": [1635, 1495, 1307, 1439, 1733, 1382, 1388, 1519, 1916, 1336, 2369, 1631, 1629, 1848, 1793, 1661, 1574, 1911, 1707, 1539, 1788, 1345, 1865, 1670, 1816, 2215, 2273, 1734, 1826, 2115, 1380, 1843, 1407, 1474, 1582, 1484, 1458, 1750, 2442, 1449, 1962, 1546, 2933, 1382, 1148, 1191, 1232, 2036, 1802, 1464], "decoding": [1049, 1850, 1052, 1015, 1100, 1812, 1107, 1116, 1283, 1963, 1053, 1072, 1178, 1713, 4299, 1482, 3999, 1061, 1564, 996, 1785, 1313, 1447, 2947, 1243, 1252, 1864, 1117, 1853, 1005, 1250, 1916, 1218, 1234, 1028, 1393, 2975, 1185, 1522, 1136, 1138, 1091, 1430, 1025, 1091, 794, 767, 1529, 1144, 1194], "forwarding_mean": 1101.96, "forwarding": [935, 1296, 892, 1036, 994, 1330, 1235, 1082, 971, 1294, 949, 1359, 996, 1238, 1098, 1077, 778, 1153, 1338, 832, 1008, 888, 1539, 1049, 1198, 925, 1356, 1188, 1002, 1093, 998, 1565, 1015, 1115, 911, 1378, 1064, 993, 1405, 882, 1379, 1353, 1485, 843, 763, 759, 742, 1020, 1003, 1296], "decoding_mean": 1473.0, "coding_sd": 342.8755016037162}}