{"A": {"coding_mean": 1950.96, "decoding_sd": 290.3791183952455, "forwarding_sd": 247.870902689283, "coding": [2573, 1565, 1650, 1579, 2661, 1610, 1518, 2756, 1593, 1807, 1665, 2293, 1939, 2504, 2488, 1804, 2146, 2232, 1770, 1597, 2348, 2925, 3600, 2235, 2170, 1742, 1598, 1546, 1680, 1707, 1698, 1661, 1656, 2004, 1578, 1544, 1733, 1770, 1669, 1675, 1704, 2294, 1874, 1978, 1597, 1531, 2230, 2172, 1966, 1913], "decoding": [1032, 1594, 1049, 945, 1568, 824, 1003, 1031, 1344, 1341, 1661, 939, 934, 1035, 1596, 1159, 1728, 918, 923, 1342, 1052, 1887, 2294, 1533, 1069, 982, 906, 1051, 1362, 1246, 964, 1260, 1160, 1037, 1194, 959, 964, 901, 1063, 1319, 1060, 1259, 1356, 1390, 1078, 1066, 1360, 993, 1096, 986], "forwarding_mean": 1022.66, "forwarding": [817, 1563, 795, 887, 1234, 848, 936, 904, 919, 942, 1165, 1239, 805, 867, 834, 1410, 1019, 964, 932, 1175, 1201, 2050, 1414, 1081, 1164, 779, 755, 958, 933, 1195, 754, 1122, 787, 943, 1349, 711, 844, 1057, 901, 1100, 896, 1077, 1289, 1168, 847, 1117, 753, 846, 709, 1078], "decoding_mean": 1196.26, "coding_sd": 430.648300124359}, "B": {"coding_mean": 1778.66, "decoding_sd": 446.3352551614089, "forwarding_sd": 230.82268172777125, "coding": [1436, 1576, 1713, 1358, 1720, 2046, 1751, 1638, 1746, 2160, 1415, 2360, 2140, 1607, 1604, 1433, 1568, 1843, 1732, 2181, 3122, 3369, 3167, 1713, 1419, 1752, 2007, 1552, 1830, 1589, 1504, 1541, 1353, 1524, 2930, 1584, 1561, 1357, 1476, 1430, 1529, 1724, 1536, 1528, 1389, 1755, 1701, 1901, 1537, 1526], "decoding": [1184, 1546, 1415, 1108, 1587, 918, 1146, 1689, 1435, 1856, 964, 1182, 1748, 982, 1629, 1581, 1166, 1138, 3026, 2936, 1288, 2505, 1248, 1162, 984, 1496, 1467, 1070, 1006, 1050, 1119, 1040, 1801, 970, 1390, 1121, 1130, 929, 1091, 1124, 1125, 1429, 1130, 1132, 1070, 1084, 1130, 1490, 1386, 1107], "forwarding_mean": 997.36, "forwarding": [940, 973, 836, 991, 970, 923, 762, 1108, 892, 1082, 775, 936, 1602, 1313, 1216, 867, 942, 877, 1049, 785, 1617, 1333, 1678, 1449, 898, 833, 1074, 1221, 993, 1113, 923, 820, 806, 781, 1054, 943, 743, 837, 741, 767, 909, 870, 1274, 845, 831, 834, 805, 1066, 1169, 802], "decoding_mean": 1346.2, "coding_sd": 464.21256381101966}}