{"A": {"coding_mean": 2105.18, "decoding_sd": 244.12421510370493, "forwarding_sd": 184.7930345007625, "coding": [1435, 1738, 2144, 2384, 2153, 2159, 1900, 2268, 2592, 1822, 2460, 2458, 2267, 1912, 2257, 2219, 2238, 2621, 1913, 3181, 1725, 2032, 1762, 2006, 1806, 1594, 2563, 2101, 1654, 1516, 1914, 2585, 2061, 2633, 1634, 1887, 1910, 2456, 1765, 1948, 1571, 2897, 2365, 2277, 1902, 1961, 2204, 1943, 2566, 1900], "decoding": [996, 1499, 1630, 1118, 1018, 1052, 1675, 1537, 1656, 1336, 1366, 1439, 1391, 1683, 920, 1410, 877, 950, 1196, 1189, 1605, 1287, 1203, 905, 1196, 1180, 1520, 1070, 1313, 1326, 1091, 1655, 1069, 1075, 1410, 1668, 1596, 1695, 1271, 1067, 998, 1044, 1420, 1019, 896, 1351, 1126, 1276, 1510, 1307], "forwarding_mean": 1048.12, "forwarding": [820, 1188, 861, 1245, 850, 1197, 805, 860, 992, 1359, 846, 858, 883, 797, 1096, 851, 1143, 946, 1091, 1261, 1125, 870, 915, 807, 1139, 807, 1079, 1228, 925, 869, 1272, 1271, 856, 1087, 1266, 880, 865, 1212, 1239, 807, 1109, 1170, 1278, 1279, 1246, 1467, 906, 1180, 1109, 1194], "decoding_mean": 1281.74, "coding_sd": 367.4565928106339}, "B": {"coding_mean": 1737.84, "decoding_sd": 412.76881713617854, "forwarding_sd": 77.8614050733738, "coding": [1663, 2071, 2003, 1759, 1560, 1671, 1718, 1789, 1829, 1511, 1246, 1828, 1643, 1761, 1794, 1557, 2391, 1743, 1745, 1723, 1634, 1412, 1683, 1570, 1546, 1665, 1454, 1538, 1731, 1785, 2699, 2045, 1560, 2053, 1724, 1742, 1665, 1464, 1628, 1749, 1469, 1703, 1562, 1584, 1682, 1677, 2073, 1909, 1775, 2106], "decoding": [3829, 2999, 3834, 3187, 3206, 3290, 4104, 3723, 4146, 3022, 4059, 4202, 3645, 3629, 3881, 3223, 3991, 4126, 3832, 3440, 3609, 3377, 3860, 3214, 2858, 4008, 3295, 3231, 4084, 4052, 3312, 3540, 3511, 3587, 3286, 4076, 3509, 3381, 3835, 2954, 3130, 3005, 3243, 4121, 2961, 4267, 4338, 3555, 3072, 4014], "forwarding_mean": 819.96, "forwarding": [889, 843, 901, 831, 919, 820, 850, 1054, 834, 829, 838, 840, 908, 890, 616, 840, 921, 915, 908, 808, 842, 839, 797, 853, 761, 771, 751, 759, 766, 755, 797, 822, 821, 966, 757, 770, 818, 760, 800, 762, 769, 814, 874, 580, 793, 790, 830, 775, 697, 855], "decoding_mean": 3593.06, "coding_sd": 244.00183278000188}}