{"A": {"coding_mean": 2069.78, "decoding_sd": 265.27074848162204, "forwarding_sd": 216.95752210974388, "coding": [2022, 1884, 2037, 1988, 2072, 1744, 1722, 2285, 1737, 2064, 2561, 1955, 1777, 2324, 1894, 1854, 1655, 2539, 2307, 2028, 1742, 1571, 1773, 2241, 1784, 1949, 1744, 1717, 1607, 2322, 2235, 2262, 1943, 2318, 2524, 2253, 2081, 2488, 2645, 2574, 2004, 1878, 1996, 2366, 2508, 2150, 1794, 2406, 1953, 2212], "decoding": [1431, 1296, 1002, 2085, 1654, 1346, 1589, 1295, 979, 1038, 1518, 1126, 1033, 1253, 979, 1048, 1061, 1707, 1588, 1172, 1736, 1657, 938, 1221, 1227, 1338, 942, 1354, 932, 1414, 1055, 1036, 1189, 875, 1655, 1049, 1021, 1065, 1254, 1050, 1432, 1098, 1276, 1665, 1316, 1404, 1311, 1315, 1603, 1507], "forwarding_mean": 1040.56, "forwarding": [894, 775, 812, 791, 1259, 1028, 1237, 820, 818, 824, 1125, 1232, 1016, 823, 766, 861, 1034, 800, 1060, 1044, 1322, 817, 768, 833, 1230, 761, 1043, 963, 931, 927, 1048, 1264, 1139, 1028, 1072, 947, 1163, 1063, 1273, 1196, 804, 1166, 927, 1275, 1543, 1110, 915, 1584, 1625, 1272], "decoding_mean": 1282.7, "coding_sd": 287.6522407352323}, "B": {"coding_mean": 1726.3, "decoding_sd": 232.90601108601726, "forwarding_sd": 220.5933815870277, "coding": [2129, 1479, 1737, 1425, 1773, 1677, 1869, 1542, 2135, 1879, 1681, 1532, 1564, 1650, 1591, 1667, 1624, 1487, 2853, 1597, 2406, 1907, 1861, 1530, 1643, 1998, 1911, 1731, 1699, 1739, 1587, 1708, 1535, 1622, 2339, 1437, 1536, 1648, 1687, 1884, 1522, 1470, 1576, 1676, 1843, 1682, 1630, 1514, 1512, 1591], "decoding": [1366, 1477, 1461, 1517, 1188, 1492, 1193, 1802, 1771, 1427, 1695, 1502, 1369, 1243, 1671, 1443, 1467, 1608, 1042, 1136, 1000, 1603, 959, 1454, 1635, 1129, 1353, 1229, 1337, 1168, 1484, 979, 964, 1043, 1802, 1523, 1029, 1241, 1636, 1153, 1294, 1166, 1180, 1227, 1633, 1688, 1189, 1474, 1383, 1290], "forwarding_mean": 994.0, "forwarding": [1612, 1005, 828, 925, 1043, 1561, 981, 943, 1167, 1147, 1161, 1510, 1633, 949, 1059, 1068, 1022, 1211, 818, 886, 938, 1124, 1167, 827, 778, 839, 1222, 844, 704, 793, 964, 780, 835, 704, 1001, 835, 912, 778, 1188, 849, 839, 954, 796, 1065, 913, 851, 836, 1151, 829, 855], "decoding_mean": 1362.3, "coding_sd": 266.08662123451455}}