{"A": {"coding_mean": 1985.26, "decoding_sd": 273.38172287115316, "forwarding_sd": 233.05360413432786, "coding": [2163, 1744, 1977, 2773, 1741, 1995, 2171, 1712, 1413, 2235, 2002, 2554, 2071, 2490, 1660, 2670, 2509, 1987, 1960, 2191, 1892, 1594, 2002, 1651, 1680, 2326, 1680, 1594, 1769, 1514, 1751, 2528, 2788, 2774, 1936, 1760, 1866, 1939, 1883, 2082, 1755, 1975, 2006, 1892, 1876, 1718, 1593, 1691, 1849, 1881], "decoding": [1071, 1629, 1111, 1043, 1053, 1070, 1265, 1655, 1119, 1364, 1168, 1492, 968, 1046, 1669, 1064, 964, 1072, 1315, 952, 1044, 1378, 844, 1349, 1194, 1635, 1075, 1340, 991, 1024, 1279, 1395, 865, 1414, 1050, 1331, 1307, 1198, 1379, 1864, 1087, 1435, 1363, 1498, 1427, 1064, 1016, 2327, 1394, 1371], "forwarding_mean": 1056.24, "forwarding": [1585, 1239, 1239, 1248, 956, 1270, 1094, 955, 912, 1244, 1117, 1236, 856, 934, 1220, 1597, 1347, 1469, 1101, 1186, 878, 1194, 1550, 1198, 885, 1637, 962, 853, 787, 787, 948, 884, 912, 784, 849, 853, 1081, 848, 818, 832, 904, 1235, 809, 951, 860, 990, 891, 882, 1105, 840], "decoding_mean": 1260.56, "coding_sd": 342.5195941840408}, "B": {"coding_mean": 1729.74, "decoding_sd": 449.4340392093149, "forwarding_sd": 199.07980409875833, "coding": [1564, 1708, 1555, 2067, 1558, 1859, 2098, 1547, 1687, 1592, 1442, 1577, 1528, 1645, 1701, 2013, 1703, 1803, 1885, 1596, 1681, 1702, 1528, 1561, 1667, 1791, 1955, 1566, 1751, 1620, 1876, 2078, 1826, 1812, 1800, 1944, 1718, 2189, 1410, 1937, 1760, 1424, 1629, 1721, 1603, 1548, 2070, 1484, 1961, 1747], "decoding": [3124, 3492, 4328, 3781, 3727, 3192, 3260, 2947, 3076, 3064, 3422, 3098, 3460, 3405, 3557, 4123, 3844, 4044, 3843, 3788, 3237, 3625, 3069, 2857, 2903, 3058, 3148, 2801, 3033, 2840, 3676, 4831, 3872, 4380, 3582, 3074, 2823, 3160, 3224, 4279, 2994, 3526, 3302, 2943, 3607, 3275, 3533, 3489, 3510, 3305], "forwarding_mean": 864.46, "forwarding": [804, 812, 878, 893, 874, 859, 932, 810, 809, 844, 811, 801, 975, 834, 903, 990, 864, 874, 815, 811, 813, 839, 809, 806, 787, 846, 828, 810, 781, 804, 806, 2106, 791, 812, 912, 909, 876, 1306, 702, 728, 805, 690, 775, 715, 768, 902, 875, 778, 769, 882], "decoding_mean": 3430.62, "coding_sd": 190.30930718175608}}