{"A": {"coding_mean": 1915.0, "decoding_sd": 259.10356925368666, "forwarding_sd": 261.91015558775115, "coding": [1498, 1780, 1401, 1733, 1987, 2144, 2249, 1528, 1535, 1574, 1459, 1588, 2118, 2019, 1649, 2221, 1420, 2562, 1658, 2247, 1628, 2966, 1939, 1821, 1748, 2494, 1855, 1568, 1389, 1827, 2072, 1887, 1860, 1818, 1597, 1581, 1800, 1975, 2264, 1916, 1864, 2186, 2600, 2392, 1804, 2760, 1751, 1945, 2345, 1728], "decoding": [1229, 1405, 1345, 1020, 1346, 923, 935, 1302, 947, 912, 1015, 1038, 1298, 1180, 1663, 1194, 1245, 1089, 1259, 1390, 1269, 1429, 908, 1465, 986, 1408, 942, 1238, 1023, 1587, 929, 1059, 1314, 908, 957, 1501, 1019, 1225, 1052, 1256, 1617, 1599, 1006, 1302, 1349, 1521, 2262, 1317, 1033, 1333], "forwarding_mean": 1150.48, "forwarding": [871, 951, 895, 797, 937, 1222, 1125, 938, 973, 919, 1133, 937, 1156, 843, 992, 1214, 926, 861, 1473, 1179, 1495, 1353, 852, 1489, 828, 1434, 1090, 1119, 749, 1081, 1154, 1596, 1285, 914, 1481, 1368, 1472, 1636, 925, 1525, 1477, 1482, 937, 1507, 1582, 1120, 1479, 925, 857, 970], "decoding_mean": 1230.98, "coding_sd": 361.77827463793346}, "B": {"coding_mean": 1713.94, "decoding_sd": 680.9434055778792, "forwarding_sd": 247.99026190558368, "coding": [1429, 1737, 1900, 1616, 1557, 1359, 1666, 1291, 1281, 1927, 2173, 2446, 1753, 1539, 1576, 1660, 2023, 1868, 1423, 1470, 1973, 1588, 2691, 1840, 1303, 1636, 1393, 1363, 1507, 1880, 1427, 1634, 1511, 2183, 1545, 1871, 2558, 1794, 1836, 1579, 1700, 1838, 1514, 1859, 1628, 1609, 1636, 1664, 1811, 1632], "decoding": [1769, 1078, 1095, 1392, 1444, 1690, 1216, 979, 980, 1165, 1308, 1344, 1108, 1088, 1380, 1006, 2820, 1309, 1130, 1168, 1176, 1683, 1051, 1043, 1685, 1200, 1663, 1179, 1526, 1263, 994, 1046, 1401, 1351, 1746, 1407, 3556, 1193, 3111, 4219, 1641, 2580, 1883, 1461, 2975, 1445, 1483, 1107, 1338, 1489], "forwarding_mean": 1088.1, "forwarding": [1492, 894, 1218, 925, 1486, 1548, 1025, 888, 773, 884, 1445, 1532, 939, 1045, 947, 946, 840, 1020, 783, 1191, 792, 1269, 808, 927, 860, 771, 1143, 578, 1410, 1163, 1665, 966, 1209, 1495, 864, 1385, 1143, 1133, 1135, 858, 1152, 1027, 847, 1074, 1204, 1325, 973, 1079, 1365, 964], "decoding_mean": 1547.28, "coding_sd": 301.81076256488933}}