{"A": {"coding_mean": 2109.32, "decoding_sd": 224.54743463241792, "forwarding_sd": 239.70132748902333, "coding": [2079, 1651, 2322, 2390, 2352, 2488, 1798, 2493, 1770, 1850, 1932, 2530, 2102, 2410, 2017, 2521, 1870, 2037, 2394, 1775, 1784, 2821, 2181, 2419, 1650, 1837, 2086, 2600, 1543, 1888, 1384, 2183, 1944, 1793, 1851, 1633, 1929, 2276, 2305, 1642, 2120, 2536, 2068, 2252, 2594, 2122, 2093, 2486, 2218, 2447], "decoding": [1145, 1224, 1477, 1134, 920, 1224, 945, 1457, 1434, 982, 1203, 1077, 1079, 1048, 1192, 1411, 1213, 1279, 1653, 1636, 1091, 1673, 1384, 1075, 1516, 1065, 1300, 1546, 1648, 1569, 1276, 1120, 1249, 1455, 1168, 1583, 882, 1543, 1305, 953, 1060, 1351, 1185, 1482, 1700, 1112, 1041, 1114, 1534, 1119], "forwarding_mean": 1114.44, "forwarding": [1205, 1314, 1068, 1048, 999, 1352, 1162, 1686, 947, 1092, 922, 1657, 920, 1036, 1351, 855, 1277, 1364, 1258, 1163, 711, 1390, 909, 1243, 827, 1231, 1069, 1060, 853, 1291, 969, 852, 1274, 1277, 1053, 1143, 1256, 1336, 1449, 855, 744, 1216, 847, 1155, 790, 720, 843, 860, 1625, 1198], "decoding_mean": 1276.64, "coding_sd": 325.0322100961688}, "B": {"coding_mean": 1869.0, "decoding_sd": 799.7163257055591, "forwarding_sd": 197.64431082123258, "coding": [1844, 1473, 1471, 1833, 2281, 1980, 2479, 1502, 1915, 1611, 1594, 1641, 1760, 1724, 1753, 2347, 1717, 1994, 1916, 2310, 2590, 2554, 1731, 1706, 1623, 2492, 1796, 2132, 2682, 1738, 1533, 1851, 1671, 1819, 1876, 1605, 1450, 1850, 2202, 2282, 1480, 1910, 2164, 2052, 1613, 1618, 1568, 1266, 1863, 1588], "decoding": [1125, 1194, 1758, 1325, 1027, 1012, 947, 1569, 1453, 1352, 1450, 1479, 1089, 1178, 1610, 1557, 1339, 1222, 1749, 3228, 3070, 3653, 3238, 1400, 1142, 2892, 4071, 1203, 4081, 1052, 1144, 2927, 1438, 1478, 1368, 1553, 1238, 983, 1624, 1408, 1356, 1670, 1215, 1502, 1201, 1476, 1181, 1325, 1152, 1710], "forwarding_mean": 1074.92, "forwarding": [1424, 1230, 974, 1013, 946, 968, 980, 1099, 1200, 974, 1448, 1513, 1011, 1202, 988, 1484, 914, 1162, 1127, 1121, 1212, 1180, 846, 833, 1156, 768, 1064, 793, 1149, 774, 1083, 771, 838, 1081, 1532, 1089, 1038, 1002, 1252, 1049, 1050, 1284, 834, 1041, 1222, 773, 882, 941, 1358, 1073], "decoding_mean": 1668.28, "coding_sd": 333.6408248401265}}