{"A": {"coding_mean": 2079.12, "decoding_sd": 261.9988465623465, "forwarding_sd": 330.9530631373579, "coding": [2091, 2051, 2391, 1803, 2174, 2360, 2787, 2851, 1834, 2258, 1976, 2142, 2719, 1978, 1763, 1787, 1764, 2019, 2145, 1913, 1950, 2078, 1805, 2466, 1496, 1693, 2160, 2107, 2354, 2157, 1755, 2008, 2151, 1945, 2175, 2162, 2090, 1733, 1937, 2144, 1573, 2031, 1782, 2597, 1809, 1676, 2759, 2159, 1962, 2436], "decoding": [1335, 1134, 1434, 1182, 1433, 1729, 1966, 1771, 1579, 1207, 1812, 1417, 1732, 1143, 1415, 1788, 1652, 1486, 1393, 1390, 1142, 1818, 1354, 1555, 1331, 1728, 1351, 1370, 1125, 1130, 1577, 1738, 1211, 1756, 1129, 1758, 1505, 1776, 1871, 1780, 972, 967, 1577, 1178, 1359, 1515, 1436, 1279, 1446, 949], "forwarding_mean": 1264.3, "forwarding": [1270, 1499, 1680, 1175, 1392, 1603, 1449, 1247, 1112, 950, 992, 1286, 947, 868, 924, 1403, 1349, 1502, 1390, 987, 917, 1250, 980, 1347, 1269, 1452, 1415, 1289, 1446, 931, 1431, 980, 983, 1049, 1225, 1140, 992, 1315, 1453, 1223, 2888, 1475, 1628, 783, 994, 1068, 942, 1336, 1796, 1193], "decoding_mean": 1453.62, "coding_sd": 309.1607116048221}, "B": {"coding_mean": 1841.82, "decoding_sd": 390.0864729774669, "forwarding_sd": 231.63671988698164, "coding": [1539, 1741, 1997, 1841, 2100, 2503, 2334, 1773, 1572, 1606, 1858, 1496, 1890, 1761, 1785, 1594, 1625, 1617, 1512, 1885, 1752, 1936, 1778, 2289, 1911, 1562, 1360, 1543, 1580, 1412, 1679, 1715, 1636, 1634, 1717, 2103, 1947, 2151, 2468, 1854, 2070, 1718, 2397, 1597, 1973, 2080, 2276, 2055, 1915, 1954], "decoding": [1270, 1882, 1328, 3394, 1228, 1140, 1478, 1110, 1141, 1226, 1474, 1937, 1872, 1231, 1155, 1647, 1227, 1234, 1232, 1906, 1561, 1689, 1773, 1208, 1487, 1341, 1302, 1246, 1984, 1504, 1216, 1843, 1209, 1443, 1274, 1188, 1453, 1506, 1506, 2216, 1451, 1179, 1405, 1772, 1376, 1149, 1180, 931, 1601, 1742], "forwarding_mean": 1278.3, "forwarding": [1155, 963, 976, 1107, 1096, 1319, 1121, 1445, 1057, 1499, 1161, 1112, 1335, 1117, 1049, 1091, 1162, 1104, 1712, 1696, 1631, 1049, 1465, 1697, 1767, 1472, 1100, 1092, 1220, 1078, 983, 1515, 1312, 1601, 1585, 1157, 1391, 1580, 1570, 899, 1313, 1085, 1340, 1126, 1248, 1027, 1593, 1282, 1249, 1211], "decoding_mean": 1476.94, "coding_sd": 274.14402710983876}}