{"A": {"coding_mean": 1895.36, "decoding_sd": 386.58707738360835, "forwarding_sd": 283.5930577429568, "coding": [2225, 2856, 1753, 1506, 1832, 2308, 1843, 2454, 1624, 1798, 2094, 1746, 1733, 1965, 1852, 1618, 2520, 2127, 1864, 1755, 2377, 1895, 1616, 1864, 1700, 1937, 1748, 1607, 2182, 2506, 2023, 1717, 2187, 2264, 2030, 1615, 1959, 1647, 2076, 1580, 2129, 2872, 1670, 1243, 1261, 1254, 1447, 1707, 1557, 1625], "decoding": [1748, 1709, 1097, 1468, 1105, 1054, 1051, 1993, 1056, 1022, 1126, 1732, 1154, 1385, 1786, 1672, 1194, 1709, 1249, 1910, 1623, 1311, 1144, 1299, 1218, 1076, 991, 1285, 1249, 1392, 1586, 2098, 1137, 2072, 1078, 1057, 1776, 1566, 1365, 1073, 1292, 904, 750, 2348, 677, 697, 904, 922, 846, 867], "forwarding_mean": 1123.24, "forwarding": [1576, 1489, 871, 951, 1540, 1761, 836, 1034, 1333, 882, 1217, 1465, 1022, 1532, 918, 1758, 1190, 912, 1283, 1126, 1251, 1355, 1165, 976, 1255, 984, 939, 1118, 1073, 1582, 1113, 1215, 906, 1659, 1508, 890, 1063, 1044, 910, 1205, 1014, 916, 750, 722, 681, 998, 718, 814, 828, 814], "decoding_mean": 1316.46, "coding_sd": 363.5632412662204}, "B": {"coding_mean": 1724.94, "decoding_sd": 448.51766698760036, "forwarding_sd": 288.17410293084976, "coding": [1604, 1512, 2347, 1482, 1886, 1794, 1936, 1524, 1646, 2248, 1338, 2216, 1436, 1460, 1517, 1675, 1598, 2165, 1698, 2228, 1599, 1748, 1619, 2313, 1697, 1759, 1662, 1398, 1650, 1651, 2133, 1701, 2063, 2003, 1541, 2188, 1428, 1478, 1864, 1449, 1768, 1063, 2934, 2395, 1244, 1142, 1221, 1420, 1428, 1378], "decoding": [1443, 1425, 1881, 1545, 1201, 1168, 1825, 1729, 3268, 1533, 1785, 1755, 2228, 1159, 1734, 1114, 1991, 1304, 1739, 1487, 1487, 1155, 1957, 1728, 1078, 2039, 1159, 1543, 1666, 1467, 1159, 1921, 1495, 1404, 1189, 1544, 1107, 1476, 1120, 1792, 1219, 817, 919, 773, 849, 1213, 756, 944, 913, 913], "forwarding_mean": 1013.92, "forwarding": [853, 1058, 1199, 1046, 818, 2247, 1363, 839, 842, 1102, 847, 837, 772, 831, 819, 793, 1309, 1066, 1045, 1138, 1138, 866, 1168, 1147, 1035, 1446, 1443, 898, 1469, 900, 912, 1264, 1490, 1133, 989, 1143, 999, 894, 958, 1052, 891, 684, 726, 598, 577, 843, 569, 786, 1148, 706], "decoding_mean": 1442.32, "coding_sd": 368.28138209798226}}