{"A": {"coding_mean": 2050.48, "decoding_sd": 232.51141563372755, "forwarding_sd": 225.2634981527189, "coding": [1772, 1780, 2305, 2002, 1677, 1775, 2266, 2302, 1770, 1758, 1916, 2140, 1783, 1799, 2008, 2043, 1693, 2379, 1874, 1811, 2499, 1978, 2492, 1877, 2525, 2174, 2669, 2532, 2135, 2460, 1728, 2334, 1998, 2552, 2324, 1999, 1572, 2150, 2292, 1678, 1601, 2609, 1728, 2614, 1716, 2185, 2063, 1469, 1945, 1773], "decoding": [1117, 1399, 1104, 1420, 1590, 1837, 1133, 1250, 1160, 916, 1286, 1334, 973, 1304, 1051, 1796, 1113, 1017, 1235, 1119, 1077, 1287, 929, 1455, 1044, 891, 917, 882, 1258, 1456, 1516, 918, 942, 1203, 1478, 1731, 1030, 1406, 1341, 1157, 1281, 1013, 1308, 1001, 1309, 1028, 1054, 1095, 1142, 999], "forwarding_mean": 1090.42, "forwarding": [869, 1074, 1156, 1270, 1135, 779, 1285, 835, 999, 786, 1257, 972, 869, 784, 1207, 961, 1292, 1213, 1224, 1277, 1224, 920, 1235, 1062, 1045, 1284, 1021, 1052, 1252, 1529, 866, 772, 705, 809, 1237, 852, 842, 1315, 1447, 1347, 1466, 1179, 1210, 1180, 1547, 803, 842, 881, 1447, 906], "decoding_mean": 1206.04, "coding_sd": 319.3492909026103}, "B": {"coding_mean": 1741.94, "decoding_sd": 517.8234297518798, "forwarding_sd": 259.0630842092327, "coding": [1465, 1740, 1501, 1557, 1627, 1721, 1588, 1413, 1354, 1422, 1368, 1603, 1549, 1661, 1801, 1611, 1574, 2079, 1761, 1904, 1789, 2028, 1904, 1642, 2306, 1474, 1526, 1378, 2397, 1591, 1789, 1678, 1599, 1426, 2520, 1685, 1677, 1516, 1588, 1808, 1818, 1527, 3855, 2334, 1630, 1258, 1638, 2111, 1808, 1498], "decoding": [1613, 1740, 1282, 1403, 1335, 1512, 1521, 1381, 1480, 1429, 1537, 1571, 1567, 1810, 3097, 1063, 1350, 1132, 1105, 1367, 1495, 1476, 1562, 1516, 3488, 1238, 1599, 1582, 1282, 1028, 1033, 953, 1137, 1542, 3424, 1377, 1077, 1146, 1153, 1801, 1807, 1096, 1109, 1151, 1417, 1171, 1055, 1580, 1581, 1462], "forwarding_mean": 1177.28, "forwarding": [1132, 1451, 1028, 950, 1221, 1781, 939, 949, 847, 949, 941, 993, 952, 1309, 1161, 931, 969, 1161, 1069, 1254, 1608, 961, 1325, 962, 1227, 963, 1192, 1187, 1627, 895, 1019, 1329, 1555, 927, 1351, 934, 1345, 1880, 1108, 1365, 1373, 944, 1594, 1097, 1180, 753, 977, 1491, 1576, 1132], "decoding_mean": 1492.66, "coding_sd": 406.05957247674877}}