{"A": {"coding_mean": 2188.56, "decoding_sd": 246.321039296281, "forwarding_sd": 172.95641069356174, "coding": [1789, 2606, 1703, 2015, 2057, 2376, 2132, 1798, 2564, 1648, 2658, 1700, 2053, 1775, 1623, 1767, 2155, 2255, 2036, 1760, 1946, 2124, 1704, 1894, 2415, 1758, 2148, 2828, 1872, 1958, 1723, 2300, 2102, 2275, 1923, 2439, 2324, 1759, 2250, 2495, 3822, 2591, 2244, 1917, 2534, 2163, 2505, 2123, 2069, 4753], "decoding": [1086, 1525, 1636, 1702, 1382, 1413, 1084, 1741, 1407, 1194, 1404, 1367, 1094, 1025, 1372, 1097, 1092, 1072, 1084, 1100, 1541, 1031, 1021, 1123, 1394, 1772, 1213, 1379, 1455, 1391, 1397, 1275, 1116, 1666, 1036, 1181, 1137, 1046, 1358, 1359, 1867, 1743, 1896, 1358, 1144, 1095, 1020, 1659, 1461, 1331], "forwarding_mean": 1169.2, "forwarding": [1227, 1461, 871, 878, 1421, 1091, 975, 1272, 1257, 1114, 1265, 827, 809, 1094, 1116, 947, 1219, 1105, 1173, 970, 1375, 1093, 1099, 1046, 1236, 1271, 1356, 1163, 1216, 832, 1298, 1292, 1322, 1236, 1032, 1023, 1213, 1215, 1359, 1148, 1273, 1423, 1278, 1274, 1126, 1268, 873, 1573, 1186, 1269], "decoding_mean": 1326.84, "coding_sd": 532.628582034423}, "B": {"coding_mean": 1847.8, "decoding_sd": 500.63715443422694, "forwarding_sd": 68.56868381411444, "coding": [1766, 1722, 1979, 1888, 2238, 1764, 1690, 2101, 1668, 1503, 1803, 2229, 1590, 1831, 1764, 1980, 1751, 1582, 1657, 1967, 1557, 1601, 1603, 1612, 2045, 2315, 1696, 1702, 2038, 2214, 2351, 1755, 1810, 2047, 1808, 1765, 2510, 1720, 2195, 1589, 1876, 1590, 2008, 1634, 1759, 1865, 1670, 2002, 1755, 1825], "decoding": [3249, 3063, 3224, 3561, 3788, 3955, 3607, 4098, 3110, 3541, 3600, 3515, 3120, 3210, 3248, 3545, 3487, 3136, 3378, 3360, 3522, 3339, 3263, 1181, 3521, 3425, 4993, 3180, 3867, 3573, 3891, 3324, 3609, 3680, 3529, 3906, 3052, 3595, 3725, 3645, 3916, 3252, 3886, 2980, 3520, 3373, 3071, 3295, 4636, 3113], "forwarding_mean": 826.34, "forwarding": [868, 760, 764, 839, 833, 775, 826, 900, 822, 770, 873, 859, 770, 828, 784, 784, 774, 773, 783, 759, 845, 779, 856, 1155, 836, 829, 814, 906, 803, 885, 897, 776, 782, 847, 777, 820, 773, 783, 951, 860, 846, 780, 789, 824, 841, 768, 775, 975, 833, 768], "decoding_mean": 3473.14, "coding_sd": 232.71725333545857}}