{"A": {"coding_mean": 2146.82, "decoding_sd": 230.85763231914163, "forwarding_sd": 653.7963624860573, "coding": [1735, 2774, 2082, 2004, 2270, 2561, 1718, 1913, 1752, 1855, 1989, 2972, 2421, 1772, 2403, 2702, 1601, 2382, 3134, 2146, 2348, 2432, 1966, 1637, 1939, 1853, 2014, 1613, 1812, 2378, 1691, 2314, 2017, 2381, 2376, 1941, 2640, 2604, 2237, 2267, 1655, 2334, 1747, 2789, 2339, 2081, 1925, 1704, 2390, 1731], "decoding": [1593, 1352, 1099, 1307, 1163, 1725, 1188, 1723, 1758, 1812, 1913, 1464, 1644, 1304, 1211, 1292, 1315, 1487, 1217, 1608, 1381, 1299, 1247, 1433, 1025, 1201, 1020, 1257, 1455, 1268, 1400, 1262, 953, 1001, 1476, 1247, 952, 1046, 1549, 1381, 1014, 1407, 1505, 1277, 1558, 1251, 1472, 1127, 1561, 1628], "forwarding_mean": 1323.58, "forwarding": [1336, 1261, 987, 1273, 1130, 1648, 1007, 1666, 1281, 1192, 1787, 1390, 1435, 1454, 1369, 846, 912, 1031, 1375, 1335, 1315, 1300, 1098, 1057, 1153, 1017, 1150, 926, 866, 1318, 894, 959, 1510, 849, 1549, 1070, 1377, 1151, 1171, 1497, 994, 1182, 1291, 1266, 5598, 1581, 1344, 1010, 1702, 1269], "decoding_mean": 1356.56, "coding_sd": 377.72866928524235}, "B": {"coding_mean": 1813.98, "decoding_sd": 402.1054215003822, "forwarding_sd": 75.01184173182259, "coding": [1643, 1567, 1680, 1628, 2217, 1854, 1573, 1810, 1850, 2211, 1885, 1659, 1544, 1535, 1784, 1627, 1848, 1561, 1649, 1631, 1795, 1747, 1732, 1497, 1753, 2891, 1658, 1825, 1771, 1605, 1547, 2211, 1590, 1897, 2194, 2065, 1907, 1867, 2120, 1656, 2117, 1955, 1947, 1728, 1645, 2151, 1658, 1916, 1847, 1651], "decoding": [4409, 3738, 3754, 3179, 3246, 3319, 3514, 3140, 2998, 3058, 3190, 3486, 4129, 3026, 3387, 3585, 4129, 3506, 3196, 3676, 3950, 3033, 3858, 3124, 4023, 3576, 3435, 4098, 3366, 3385, 3596, 3101, 3992, 3668, 4211, 4258, 3580, 3981, 4053, 3163, 2755, 3167, 4059, 3066, 3892, 3904, 3218, 3948, 3496, 3544], "forwarding_mean": 914.06, "forwarding": [1040, 972, 963, 921, 980, 1019, 1018, 925, 922, 948, 919, 950, 963, 820, 822, 883, 829, 854, 895, 898, 818, 820, 966, 874, 821, 630, 994, 960, 952, 878, 934, 887, 901, 741, 997, 991, 985, 960, 899, 922, 923, 958, 891, 989, 838, 903, 941, 998, 925, 866], "decoding_mean": 3563.3, "coding_sd": 252.02352985386108}}