{"A": {"coding_mean": 1648.6600000000001, "decoding_sd": 500.12707225264256, "forwarding_sd": 103.08745025462605, "coding": [1765, 1817, 1783, 594, 1565, 1566, 1675, 1666, 1646, 1616, 1619, 1648, 1649, 1769, 1653, 1665, 1658, 1737, 1664, 1791, 1677, 1662, 1713, 1660, 1662, 1660, 1719, 1661, 1717, 1652, 1654, 1624, 1656, 1656, 1710, 1447, 1656, 1671, 1646, 1655, 1671, 1654, 1706, 1652, 1661, 1652, 1710, 1659, 1654, 1710], "decoding": [1257, 3679, 3508, 1055, 3538, 3364, 3402, 3438, 3439, 3355, 3293, 3400, 3394, 3301, 3281, 3299, 3446, 3387, 3234, 3585, 3454, 3428, 3377, 3434, 3259, 3226, 3442, 3389, 3301, 3345, 3238, 3383, 3417, 3405, 3240, 1663, 3393, 3409, 3393, 3379, 3341, 3402, 3407, 3235, 3381, 3452, 3354, 3397, 3396, 3382], "forwarding_mean": 950.75999999999999, "forwarding": [1145, 1060, 1054, 395, 980, 983, 977, 951, 982, 934, 954, 941, 945, 961, 956, 944, 966, 970, 946, 1063, 985, 977, 980, 987, 946, 906, 981, 972, 987, 950, 940, 937, 975, 978, 975, 589, 938, 952, 945, 948, 961, 949, 978, 956, 944, 952, 983, 937, 948, 975], "decoding_mean": 3259.54, "coding_sd": 161.55031538192674}, "B": {"coding_mean": 1658.28, "decoding_sd": 138.72967094316917, "forwarding_sd": 107.4971181009054, "coding": [1842, 1787, 688, 1620, 1660, 1633, 1697, 1618, 1597, 1616, 1686, 1631, 1622, 1687, 1711, 1666, 1667, 1648, 1834, 1609, 1734, 1679, 1744, 1731, 1737, 1671, 1671, 1746, 1687, 1695, 1719, 1713, 1692, 1615, 1163, 1680, 1696, 1678, 1682, 1703, 1688, 1648, 1679, 1704, 1695, 1641, 1708, 1690, 1622, 1884], "decoding": [1245, 1228, 371, 1225, 1120, 1142, 1131, 1126, 1133, 1210, 1139, 1142, 1086, 1127, 1135, 1139, 1135, 1139, 1328, 1125, 1129, 1133, 1142, 1137, 1129, 1129, 1137, 1139, 1138, 1135, 1129, 1181, 1142, 1141, 575, 1138, 1129, 1129, 1134, 1100, 1138, 1140, 1126, 1123, 1141, 1133, 1145, 1138, 1129, 1129], "forwarding_mean": 955.63999999999999, "forwarding": [1100, 1044, 318, 971, 969, 973, 971, 943, 964, 959, 932, 996, 980, 980, 973, 976, 968, 982, 1069, 978, 958, 960, 968, 970, 967, 969, 970, 985, 966, 962, 967, 972, 969, 966, 615, 971, 971, 979, 989, 978, 975, 964, 966, 971, 964, 969, 973, 961, 969, 972], "decoding_mean": 1118.28, "coding_sd": 167.23899545261565}}