{"A": {"coding_mean": 2223.2199999999998, "decoding_sd": 112.88036853235374, "forwarding_sd": 115.53835034307872, "coding": [1771, 2468, 2496, 2122, 2146, 2082, 2113, 2039, 2061, 2036, 2059, 2049, 2071, 2058, 2080, 2069, 2091, 3104, 3133, 2043, 2066, 2099, 2120, 2048, 2071, 2055, 2077, 2130, 2151, 2096, 2118, 2071, 2094, 2078, 2101, 2142, 2166, 2390, 2419, 2445, 2473, 2385, 2414, 2390, 2419, 2372, 2401, 2426, 2455, 2398], "decoding": [1375, 1141, 1141, 969, 969, 968, 968, 962, 962, 951, 951, 952, 952, 954, 954, 942, 942, 969, 969, 955, 955, 949, 949, 952, 952, 949, 949, 920, 920, 966, 966, 947, 947, 911, 911, 949, 949, 1160, 1160, 828, 828, 1159, 1159, 1191, 1191, 1118, 1118, 1208, 1208, 1151], "forwarding_mean": 1005.36, "forwarding": [1173, 1127, 1127, 954, 954, 937, 937, 932, 932, 905, 905, 923, 923, 923, 923, 926, 926, 1360, 1360, 967, 967, 930, 930, 924, 924, 924, 924, 932, 932, 873, 873, 915, 915, 927, 927, 944, 944, 1122, 1122, 1123, 1123, 1127, 1127, 1109, 1109, 1074, 1074, 1117, 1117, 1105], "decoding_mean": 1009.3200000000001, "coding_sd": 247.17615499881862}, "B": {"coding_mean": 2117.9200000000001, "decoding_sd": 253.59830914262815, "forwarding_sd": 221.13621503498698, "coding": [2346, 2374, 2386, 2413, 2035, 2058, 2053, 2073, 2045, 2067, 2068, 2090, 2041, 2064, 2049, 2071, 2064, 2084, 2066, 2089, 2099, 2121, 2176, 2198, 2047, 2069, 2050, 2073, 2087, 2110, 2081, 2103, 2071, 2099, 2090, 2112, 2144, 2169, 757, 766, 2348, 2376, 2358, 2386, 2371, 2396, 2444, 2473, 2379, 2407], "decoding": [1319, 1319, 1276, 1276, 1060, 1060, 1063, 1063, 1056, 1056, 1047, 1047, 1043, 1043, 1052, 1052, 1051, 1051, 1065, 1065, 1049, 1049, 1057, 1057, 1059, 1059, 1134, 1134, 1056, 1056, 1056, 1056, 1045, 1045, 1011, 1011, 1252, 1252, 2315, 2315, 1251, 1251, 1276, 1276, 1266, 1266, 1276, 1276, 1234, 1234], "forwarding_mean": 989.88, "forwarding": [1077, 1077, 1779, 1779, 1133, 1133, 890, 890, 879, 879, 881, 881, 888, 888, 886, 886, 882, 882, 940, 940, 922, 922, 927, 927, 928, 928, 924, 924, 891, 891, 885, 885, 924, 924, 936, 936, 1067, 1067, 408, 408, 1130, 1130, 1136, 1136, 1135, 1135, 1145, 1145, 1154, 1154], "decoding_mean": 1174.76, "coding_sd": 310.34218791521079}}