{"A": {"coding_mean": 1674.26, "decoding_sd": 437.91479719233052, "forwarding_sd": 112.54421353405958, "coding": [1514, 1557, 1530, 1521, 1533, 1531, 1527, 1531, 1530, 1536, 1520, 1525, 1518, 1540, 1535, 3462, 1499, 1533, 1523, 1521, 1531, 1526, 1538, 1501, 1473, 1529, 1519, 1527, 1526, 1536, 1816, 1767, 1833, 1789, 1793, 1798, 1781, 1793, 1802, 1764, 1788, 1821, 1776, 1822, 1817, 1829, 1832, 1775, 1780, 1845], "decoding": [980, 2881, 2953, 3106, 2967, 3017, 3121, 2995, 3007, 3105, 2991, 3001, 3081, 2887, 2947, 2961, 3066, 2992, 3023, 3023, 3011, 3007, 2989, 2998, 2995, 3073, 2963, 3047, 3058, 3024, 3329, 3535, 3659, 3621, 3585, 3701, 3710, 3656, 3601, 3691, 3599, 3531, 3638, 3635, 3722, 3516, 3710, 3583, 3599, 3586], "forwarding_mean": 1003.6, "forwarding": [937, 1094, 944, 968, 931, 929, 925, 914, 918, 867, 907, 927, 922, 922, 914, 1594, 964, 925, 983, 930, 926, 926, 926, 922, 930, 1045, 917, 958, 919, 929, 1067, 1061, 1069, 1074, 1087, 1113, 1090, 1075, 1105, 1088, 1079, 1070, 1040, 1006, 1027, 1052, 1070, 1012, 1170, 1012], "decoding_mean": 3209.52, "coding_sd": 289.12120710871415}, "B": {"coding_mean": 1753.76, "decoding_sd": 120.77106275925536, "forwarding_sd": 123.2645999466189, "coding": [1570, 1603, 1593, 1591, 1637, 1602, 1595, 1650, 1636, 1597, 1606, 1586, 1586, 1613, 2990, 1571, 1561, 1603, 1609, 1602, 1581, 1576, 1594, 1586, 1612, 1576, 1611, 1562, 1621, 1843, 1850, 1856, 1867, 1864, 1855, 1862, 1843, 1880, 1891, 1870, 1872, 1883, 1816, 1831, 1810, 1818, 1812, 1817, 1810, 3018], "decoding": [988, 1049, 1028, 1031, 1036, 1037, 1026, 1037, 1032, 1034, 1024, 1027, 1019, 1024, 1034, 1058, 1026, 1033, 1028, 1041, 1019, 1031, 1033, 1032, 1026, 1030, 1036, 1024, 1038, 1114, 1256, 1420, 1246, 1243, 1243, 1279, 1242, 1270, 1321, 1267, 1250, 1250, 1268, 1327, 1249, 1254, 1312, 1247, 1232, 1255], "forwarding_mean": 1005.72, "forwarding": [954, 875, 920, 925, 869, 907, 911, 929, 1014, 923, 908, 905, 913, 981, 1596, 919, 926, 921, 924, 918, 920, 903, 916, 907, 900, 924, 914, 947, 876, 1067, 1028, 1131, 1119, 1123, 1121, 1080, 1071, 1056, 1092, 1064, 1052, 1124, 1103, 1153, 1115, 1113, 1105, 1117, 1040, 1067], "decoding_mean": 1128.52, "coding_sd": 283.28512562434338}}