{"A": {"coding_mean": 1778.9200000000001, "decoding_sd": 434.41224154022177, "forwarding_sd": 134.41868322521239, "coding": [1582, 1605, 1484, 1580, 1617, 1484, 1598, 1590, 465, 1607, 1556, 1551, 1554, 1543, 1544, 1614, 1603, 1615, 1668, 1617, 1592, 1709, 1581, 1584, 1698, 1583, 1617, 1699, 1844, 1852, 5621, 1859, 1877, 1830, 1857, 1831, 1886, 1939, 1848, 1873, 1861, 1904, 1819, 1793, 1843, 1916, 1903, 1885, 2481, 1884], "decoding": [1043, 2980, 3074, 3093, 3089, 3085, 3084, 3068, 2949, 3057, 3124, 2971, 3058, 3060, 3063, 3309, 3078, 3169, 3066, 3077, 3085, 3069, 3086, 3094, 3071, 3068, 3121, 3336, 3734, 3746, 3697, 3626, 3467, 3655, 3747, 3828, 3680, 3641, 3605, 3712, 3671, 3656, 3669, 3665, 3637, 3581, 3662, 3535, 3560, 3718], "forwarding_mean": 1039.24, "forwarding": [987, 1031, 993, 975, 996, 992, 992, 989, 261, 1023, 963, 969, 985, 977, 973, 1121, 1039, 994, 964, 966, 953, 943, 941, 985, 995, 980, 1002, 1046, 1114, 1143, 1163, 1126, 1114, 1116, 1105, 1140, 1141, 1114, 1116, 1159, 1123, 1113, 1158, 1173, 1149, 1151, 1127, 1125, 1142, 1115], "decoding_mean": 3298.3800000000001, "coding_sd": 602.35022503523658}, "B": {"coding_mean": 1811.0999999999999, "decoding_sd": 116.85615259796978, "forwarding_sd": 140.86200481322138, "coding": [1646, 1655, 1694, 1678, 1635, 1675, 1671, 480, 1626, 1620, 1640, 1653, 1633, 1630, 2328, 1678, 1683, 1680, 1715, 1696, 1697, 1676, 1672, 1686, 1686, 1665, 1744, 1959, 1959, 3380, 1929, 1947, 1931, 1892, 1901, 1933, 1956, 1913, 1899, 1946, 1927, 1893, 1946, 1969, 1961, 1932, 1893, 2040, 1923, 1984], "decoding": [1029, 1114, 1071, 1066, 1066, 1067, 1059, 1063, 1077, 1070, 1067, 1061, 1062, 1058, 1105, 1061, 1058, 1066, 1076, 1064, 1063, 1061, 1066, 1062, 1073, 1070, 1143, 1325, 1314, 1286, 1279, 1252, 1291, 1277, 1423, 1281, 1317, 1293, 1302, 1322, 1342, 1294, 1264, 1239, 1280, 1276, 1271, 1323, 1300, 1294], "forwarding_mean": 1033.3399999999999, "forwarding": [994, 942, 951, 954, 950, 935, 943, 334, 951, 994, 944, 940, 936, 963, 1050, 952, 943, 954, 955, 951, 953, 945, 950, 937, 953, 948, 982, 1124, 1155, 1135, 1130, 1099, 1162, 1150, 1134, 1140, 1153, 1150, 1195, 1153, 1173, 1135, 1136, 1158, 1142, 1135, 1246, 1143, 1130, 1185], "decoding_mean": 1174.8599999999999, "coding_sd": 328.72385067104574}}