{"A": {"coding_mean": 2995.7600000000002, "decoding_sd": 701.22313395951221, "forwarding_sd": 129.10480084024761, "coding": [1517, 2702, 2832, 2742, 2613, 2781, 2830, 2778, 2767, 3005, 1521, 1541, 3381, 3375, 3186, 2981, 4203, 3262, 3376, 2949, 3339, 2882, 3359, 2842, 2587, 3019, 3145, 2880, 2964, 3196, 1888, 3340, 3386, 3232, 3139, 3250, 3485, 3205, 2887, 3139, 3155, 3087, 3262, 2992, 3332, 3108, 3251, 3365, 3393, 3337], "decoding": [983, 3061, 2752, 3026, 3002, 2981, 3004, 3023, 3021, 2998, 425, 425, 3216, 3645, 3578, 3551, 3553, 3392, 3313, 3223, 3242, 3208, 3522, 3337, 3042, 3685, 3421, 3217, 3076, 3601, 3437, 3484, 3462, 3461, 3496, 3581, 3493, 3579, 3594, 3578, 3604, 3572, 3705, 3643, 3568, 3627, 3572, 3511, 3487, 3552], "forwarding_mean": 1034.48, "forwarding": [944, 918, 925, 906, 926, 939, 938, 881, 910, 941, 570, 570, 1015, 1106, 1137, 1114, 1085, 1164, 1140, 1115, 1008, 1001, 1180, 1119, 987, 1249, 1084, 917, 946, 1076, 1074, 1088, 1085, 1080, 1061, 1077, 1082, 1078, 1065, 1081, 1146, 1123, 1113, 1227, 1060, 1172, 1069, 1064, 1058, 1110], "decoding_mean": 3210.5799999999999, "coding_sd": 493.36033727895074}, "B": {"coding_mean": 1868.3, "decoding_sd": 103.28996272629786, "forwarding_sd": 163.530940191757, "coding": [1769, 1679, 1691, 1698, 1685, 1676, 1675, 1774, 1804, 996, 1004, 1987, 1942, 1962, 1928, 2943, 1965, 1876, 1942, 2009, 1669, 1938, 1728, 1591, 1872, 1947, 1777, 1676, 1836, 2664, 2002, 2013, 1919, 1934, 1896, 1959, 1973, 1880, 1930, 1901, 1905, 1928, 1883, 1906, 1898, 1954, 1910, 1962, 1986, 1973], "decoding": [988, 946, 1033, 1031, 1041, 1036, 1025, 1026, 1039, 1038, 1038, 1102, 1259, 1230, 1249, 1264, 1202, 1214, 1062, 1062, 1130, 1277, 1208, 1065, 1252, 1212, 1070, 1069, 1275, 1245, 1256, 1238, 1241, 1256, 1252, 1243, 1233, 1233, 1225, 1277, 1236, 1245, 1349, 1230, 1328, 1248, 1236, 1242, 1247, 1244], "forwarding_mean": 1041.46, "forwarding": [916, 929, 918, 936, 1010, 999, 932, 923, 1004, 317, 317, 1119, 1114, 1137, 1071, 1109, 1118, 1109, 1078, 1099, 1063, 1131, 1079, 962, 1113, 1115, 1024, 957, 1078, 1120, 1133, 1121, 1129, 1082, 1186, 1133, 1119, 1068, 1113, 1126, 1113, 1051, 1107, 1107, 1108, 1114, 1110, 1094, 1113, 1149], "decoding_mean": 1174.9400000000001, "coding_sd": 279.43330152292157}}