{"A": {"coding_mean": 1724.2, "decoding_sd": 679.47237206526654, "forwarding_sd": 120.21445670134686, "coding": [1509, 1439, 1487, 1476, 1477, 1477, 1491, 1486, 1485, 573, 1782, 1755, 1699, 1822, 1802, 1827, 1721, 1828, 1755, 1776, 1803, 1885, 1800, 1860, 1783, 1788, 1828, 1756, 1752, 1777, 1789, 1792, 1949, 1799, 1799, 1816, 1806, 1813, 1814, 1836, 1804, 1792, 1875, 1790, 1810, 1792, 1795, 1950, 1828, 1862], "decoding": [986, 2881, 2997, 2990, 3055, 3040, 3029, 3018, 3013, 907, 3610, 3596, 2080, 3628, 3586, 3675, 5521, 3564, 3512, 3731, 3762, 3579, 3503, 3595, 3487, 3628, 3621, 4612, 3668, 3706, 3570, 3560, 3828, 3646, 3690, 3705, 3675, 3682, 3674, 3693, 3544, 3583, 3661, 3558, 3605, 3688, 3680, 3572, 3681, 3608], "forwarding_mean": 1062.3800000000001, "forwarding": [928, 938, 937, 960, 1074, 1078, 982, 953, 950, 361, 1100, 1093, 884, 1080, 1092, 1151, 980, 1177, 1091, 1118, 1088, 1098, 1089, 1106, 1093, 1089, 1094, 1094, 1145, 1099, 1116, 1085, 1112, 1171, 1096, 1096, 1109, 1117, 1095, 1089, 1091, 1095, 1114, 1093, 1113, 1096, 1125, 1170, 1124, 1090], "decoding_mean": 3449.6599999999999, "coding_sd": 211.46299912750695}, "B": {"coding_mean": 1775.6800000000001, "decoding_sd": 312.60687196541284, "forwarding_sd": 160.07788604301345, "coding": [1544, 1572, 1613, 1569, 1575, 1587, 1575, 1604, 557, 1837, 1850, 1773, 1834, 1873, 1813, 1840, 1882, 1844, 1815, 1836, 1850, 1850, 1864, 1872, 1842, 1855, 1808, 1815, 1850, 1853, 1853, 1867, 1849, 1876, 1850, 1856, 1858, 1866, 1814, 1808, 1966, 1815, 1863, 1813, 1880, 1845, 1823, 1812, 1801, 1817], "decoding": [1010, 1043, 1034, 1027, 1038, 1038, 1034, 1040, 284, 1209, 1259, 738, 1298, 1252, 1254, 3062, 1260, 1283, 1437, 1256, 1255, 1240, 1262, 1273, 1260, 1273, 1276, 1233, 1272, 1285, 1244, 1275, 1241, 1236, 1251, 1266, 1249, 1265, 1262, 1241, 1291, 1255, 1243, 1254, 1250, 1246, 1248, 1258, 1241, 1252], "forwarding_mean": 1059.52, "forwarding": [909, 891, 1026, 873, 940, 901, 910, 890, 346, 1096, 1092, 777, 1093, 1202, 1129, 1082, 1086, 1091, 1088, 1046, 1070, 1101, 1098, 1106, 1050, 1094, 1699, 1105, 1092, 1096, 1057, 1243, 1091, 1087, 1104, 1092, 1096, 1095, 1100, 1120, 1142, 1055, 1115, 1049, 1086, 1093, 1083, 1092, 1093, 1104], "decoding_mean": 1231.0599999999999, "coding_sd": 201.21922770948106}}