{"A": {"coding_mean": 2686.6999999999998, "decoding_sd": 662.51828533256355, "forwarding_sd": 93.197907701836314, "coding": [1791, 2752, 3266, 3051, 2982, 2928, 2787, 2740, 3013, 2666, 2659, 2469, 2637, 2741, 2516, 2559, 2207, 2233, 3015, 2583, 2536, 2742, 2806, 2604, 2642, 2828, 2696, 2656, 2718, 2722, 2407, 2767, 2778, 2690, 2836, 2792, 2727, 2673, 2561, 3037, 2555, 2880, 2499, 2644, 2891, 2604, 2538, 2626, 2575, 2710], "decoding": [1222, 3732, 3694, 3709, 3769, 3314, 4053, 3231, 3243, 3827, 3307, 3338, 3312, 3349, 3320, 3274, 1072, 1072, 4433, 3382, 3383, 3305, 4752, 3424, 3329, 3290, 3333, 3388, 3313, 3341, 3320, 3242, 3389, 3377, 3326, 3237, 3357, 3296, 3285, 1691, 3444, 3324, 3404, 3460, 3245, 3408, 3386, 3346, 3399, 3355], "forwarding_mean": 979.70000000000005, "forwarding": [1154, 1156, 1102, 1243, 1114, 956, 1123, 960, 950, 952, 964, 963, 953, 965, 959, 947, 966, 966, 1150, 1017, 1043, 1055, 1143, 1019, 1076, 906, 941, 920, 904, 925, 1029, 919, 906, 912, 922, 919, 910, 913, 944, 681, 1031, 915, 921, 916, 908, 956, 950, 941, 941, 959], "decoding_mean": 3276.04, "coding_sd": 232.87483762742596}, "B": {"coding_mean": 1767.6400000000001, "decoding_sd": 163.07730191537999, "forwarding_sd": 171.60174358088554, "coding": [1869, 1902, 1901, 1912, 1878, 1874, 1679, 1860, 1686, 1701, 1688, 1701, 1683, 1713, 1707, 2517, 2541, 1883, 1698, 1708, 1672, 1868, 1725, 1667, 1725, 1740, 1691, 1850, 1722, 1716, 1712, 1687, 1659, 1717, 1760, 1643, 1713, 1709, 1354, 1805, 1738, 1712, 1702, 1736, 1665, 1724, 1717, 1735, 1688, 1729], "decoding": [1304, 1327, 1328, 1365, 1133, 1414, 1162, 1161, 1279, 1150, 1152, 1140, 1163, 1145, 1143, 1112, 1112, 2022, 1143, 1144, 1113, 1156, 1150, 1149, 1146, 1150, 1191, 1154, 1150, 1151, 1142, 1137, 1144, 1147, 1098, 1158, 1142, 1150, 552, 1144, 1147, 1144, 1154, 1146, 1260, 1133, 1150, 1207, 1147, 1111], "forwarding_mean": 1036.04, "forwarding": [1099, 1118, 1121, 1076, 965, 1079, 998, 997, 1022, 1007, 998, 969, 992, 994, 953, 1820, 1820, 1040, 906, 905, 916, 1091, 919, 994, 1005, 1000, 1062, 1000, 999, 987, 996, 1000, 1058, 995, 1132, 1002, 993, 996, 742, 989, 998, 997, 998, 994, 997, 1001, 1012, 985, 1005, 1060], "decoding_mean": 1176.4400000000001, "coding_sd": 180.37225507266908}}