{"A": {"coding_mean": 1743.8, "decoding_sd": 533.85999100887864, "forwarding_sd": 95.56386137028997, "coding": [1781, 1721, 1872, 1823, 1905, 1848, 1939, 1891, 1909, 1902, 1805, 1765, 1777, 1819, 1799, 1802, 1818, 2110, 1799, 1801, 1801, 1797, 1655, 1749, 1535, 1532, 1534, 1527, 1537, 1529, 1534, 1527, 1536, 1540, 1530, 1529, 1531, 1811, 879, 1803, 1805, 1803, 1920, 1911, 1826, 1797, 1826, 1822, 2377, 1801], "decoding": [1179, 3457, 3520, 3548, 3573, 3633, 3592, 4857, 3384, 3404, 3436, 3455, 3565, 3455, 3573, 3511, 3293, 3516, 3412, 3390, 3472, 3526, 3393, 3286, 2945, 2946, 2910, 2920, 3019, 2952, 3041, 2870, 2920, 2920, 2930, 2911, 2937, 3448, 1214, 3478, 3468, 3448, 3457, 3426, 3437, 3491, 3542, 3456, 3562, 3637], "forwarding_mean": 1017.22, "forwarding": [1115, 1032, 1100, 1057, 1057, 1053, 1057, 1007, 1019, 1095, 1049, 1070, 1044, 1036, 1013, 1051, 1057, 1063, 1097, 1056, 1044, 1059, 1037, 1033, 934, 932, 922, 929, 941, 935, 932, 934, 921, 922, 929, 934, 939, 1091, 509, 1131, 1058, 1053, 1102, 1074, 1052, 1080, 1087, 1086, 1083, 1050], "decoding_mean": 3274.3000000000002, "coding_sd": 208.85133468570413}, "B": {"coding_mean": 1769.1400000000001, "decoding_sd": 138.41254856406627, "forwarding_sd": 156.95325291308873, "coding": [1731, 1889, 1875, 1862, 1876, 1866, 1958, 1822, 1857, 1864, 2013, 1861, 1868, 1852, 1845, 1868, 1879, 1855, 1857, 1821, 1836, 1737, 1773, 1615, 1610, 1595, 1595, 1603, 1609, 1592, 1581, 1599, 1599, 1612, 1606, 1579, 1858, 948, 1839, 1864, 1827, 1921, 1812, 1803, 1807, 1846, 1859, 1928, 1859, 1826], "decoding": [1239, 1250, 1236, 1232, 1244, 1236, 1221, 1179, 1177, 1244, 1228, 1234, 1231, 1334, 1239, 1186, 1292, 1183, 1193, 1250, 1311, 1173, 1166, 1029, 1037, 1038, 1020, 1034, 1029, 1138, 1031, 1028, 1015, 1029, 1027, 1076, 1237, 455, 1229, 1174, 1231, 1245, 1235, 1236, 1236, 1229, 1238, 1247, 1391, 1212], "forwarding_mean": 1045.4200000000001, "forwarding": [1072, 1101, 947, 1093, 1124, 1113, 1772, 1021, 1100, 1081, 1104, 1108, 1058, 1046, 1064, 1074, 1113, 1110, 1117, 1070, 1104, 1057, 1044, 921, 913, 924, 918, 920, 919, 919, 880, 888, 888, 919, 925, 921, 1063, 458, 1126, 1130, 1124, 1125, 1103, 1150, 1067, 1112, 1132, 1112, 1118, 1103], "decoding_mean": 1168.0799999999999, "coding_sd": 167.30714390007381}}