{"A": {"coding_mean": 1955.7, "decoding_sd": 460.1183452113163, "forwarding_sd": 132.65127213864179, "coding": [1708, 1670, 1739, 1552, 1635, 1762, 1772, 1525, 1816, 553, 1538, 1662, 1715, 1496, 1759, 1529, 1587, 2232, 2284, 2346, 1858, 2183, 1873, 1818, 2154, 1831, 2330, 2306, 1890, 2166, 2288, 2177, 2213, 2195, 1885, 1900, 1870, 2183, 2315, 2126, 2338, 2202, 2345, 2307, 2252, 1806, 2453, 2194, 1855, 2592], "decoding": [1125, 3136, 3053, 3044, 3047, 2788, 3026, 3070, 3060, 3059, 3071, 3024, 3019, 3061, 3041, 3126, 4064, 3605, 3691, 3531, 3767, 3858, 3644, 3673, 3673, 3744, 3703, 3701, 3698, 3627, 3648, 3530, 3684, 3600, 3579, 3545, 3573, 3682, 3508, 3325, 3783, 3457, 3657, 3613, 3453, 3622, 3882, 3395, 4324, 3672], "forwarding_mean": 1042.4000000000001, "forwarding": [1227, 1078, 909, 917, 905, 922, 912, 881, 879, 396, 921, 908, 907, 915, 912, 918, 1072, 1039, 1062, 1101, 1112, 1045, 1172, 1154, 1073, 1115, 1074, 1054, 1122, 1132, 1146, 1065, 1135, 1099, 1174, 1131, 1123, 1132, 1208, 1138, 1102, 1082, 1104, 1126, 1116, 1089, 1063, 1111, 1078, 1064], "decoding_mean": 3425.2199999999998, "coding_sd": 351.9993323857305}, "B": {"coding_mean": 1769.9400000000001, "decoding_sd": 126.01431029847363, "forwarding_sd": 131.75295063109593, "coding": [1840, 1711, 1610, 1606, 1512, 1633, 1476, 1594, 487, 1560, 1569, 1619, 1605, 1639, 1621, 1897, 1853, 1834, 1820, 1842, 1845, 1851, 1852, 1848, 1843, 2026, 1847, 1836, 1832, 1850, 1829, 1942, 1850, 1944, 1834, 1908, 1839, 1924, 1831, 1847, 1828, 1982, 1860, 1995, 1841, 1840, 1853, 1867, 1835, 1890], "decoding": [1074, 1061, 1042, 1037, 954, 1038, 1049, 1056, 1046, 1035, 1036, 1043, 1032, 1059, 1048, 1245, 1253, 1289, 1129, 1295, 1464, 1227, 1260, 1246, 1366, 1275, 1262, 1271, 1255, 1264, 1226, 1260, 1208, 1228, 1208, 1217, 1269, 1146, 1036, 1482, 1046, 1255, 1217, 1139, 1215, 1505, 1104, 1129, 1278, 1249], "forwarding_mean": 1017.4, "forwarding": [995, 909, 896, 894, 902, 906, 900, 902, 317, 899, 892, 899, 895, 897, 902, 986, 1086, 1175, 1053, 1045, 1037, 1039, 1014, 1058, 1038, 1099, 1081, 1085, 1090, 1090, 1086, 1091, 1109, 1058, 1062, 1074, 1087, 1098, 1089, 1099, 1095, 1082, 1105, 1098, 1104, 1087, 1102, 1074, 1087, 1202], "decoding_mean": 1182.5599999999999, "coding_sd": 224.39656057970231}}