{"A": {"coding_mean": 3013.0999999999999, "decoding_sd": 379.26503081618267, "forwarding_sd": 82.028846145730952, "coding": [1574, 2802, 2659, 2767, 2782, 2733, 2757, 2572, 2630, 2937, 2979, 2966, 3001, 3219, 3100, 3031, 3076, 3434, 3321, 3413, 3272, 2892, 3312, 3065, 3307, 3123, 3034, 2988, 3257, 3090, 3240, 3305, 2972, 2922, 3122, 3266, 3391, 3188, 3036, 3108, 2871, 1833, 3092, 3163, 2952, 3434, 3160, 3114, 3157, 3236], "decoding": [1131, 3012, 3268, 3274, 3156, 3266, 3287, 3364, 3302, 3666, 3662, 3776, 3604, 3604, 3674, 3657, 3531, 3587, 3718, 3584, 3580, 3587, 3589, 3662, 3655, 3574, 3577, 3589, 3643, 3477, 3755, 3579, 3818, 3704, 3719, 3577, 3597, 3716, 3665, 3561, 3757, 3653, 3605, 3684, 3556, 3558, 3630, 3582, 3759, 3640], "forwarding_mean": 1087.78, "forwarding": [958, 949, 898, 877, 962, 956, 958, 965, 958, 1048, 1009, 1087, 1112, 1114, 1116, 1125, 1092, 1079, 1094, 1091, 1144, 1131, 1154, 1124, 1112, 1085, 1100, 1079, 1124, 1087, 1089, 1126, 1088, 1232, 1135, 1087, 1144, 1262, 1080, 1094, 1259, 1171, 1153, 1146, 1132, 1064, 1124, 1132, 1133, 1150], "decoding_mean": 3523.4200000000001, "coding_sd": 340.71608415218674}, "B": {"coding_mean": 1855.02, "decoding_sd": 73.256046849389847, "forwarding_sd": 75.277683279973488, "coding": [1588, 1625, 1674, 1691, 1716, 1720, 1673, 1659, 1869, 1815, 1877, 1857, 1909, 1898, 1905, 1898, 1831, 1827, 1890, 1898, 1869, 1880, 1888, 1914, 1890, 1821, 1884, 1908, 1911, 1907, 1903, 1917, 1898, 1909, 1905, 1891, 1921, 1863, 1881, 1856, 2109, 1872, 1912, 1856, 1901, 1918, 1891, 1887, 1878, 1891], "decoding": [1058, 1161, 1109, 1022, 1134, 1165, 1105, 1069, 1297, 1253, 1397, 1262, 1263, 1251, 1340, 1212, 1229, 1206, 1221, 1217, 1253, 1265, 1252, 1256, 1246, 1265, 1219, 1280, 1216, 1323, 1244, 1259, 1374, 1277, 1253, 1250, 1297, 1270, 1258, 1259, 1318, 1268, 1261, 1208, 1255, 1209, 1210, 1345, 1249, 1213], "forwarding_mean": 1143.48, "forwarding": [1001, 1047, 1022, 1014, 1005, 1008, 987, 976, 1149, 1136, 1137, 1113, 1162, 1148, 1169, 1143, 1238, 1154, 1219, 1273, 1147, 1164, 1172, 1147, 1151, 1168, 1035, 1173, 1109, 1160, 1245, 1144, 1158, 1115, 1157, 1313, 1268, 1238, 1153, 1242, 1155, 1161, 1224, 1153, 1166, 1148, 1163, 1142, 1152, 1150], "decoding_mean": 1236.46, "coding_sd": 92.099617805938806}}