{"A": {"coding_mean": 2003.8599999999999, "decoding_sd": 396.91626320925678, "forwarding_sd": 71.051499632308946, "coding": [1618, 1735, 1800, 1720, 1774, 1593, 1640, 1842, 1961, 1656, 1621, 1598, 1632, 1992, 1896, 1905, 1943, 1919, 2042, 1964, 1854, 1853, 1867, 1927, 1649, 2015, 1828, 2017, 2014, 2167, 2266, 2569, 2132, 2287, 2173, 2183, 2309, 2169, 2285, 2032, 2162, 1953, 2169, 2316, 3254, 2426, 2281, 1780, 2181, 2224], "decoding": [1153, 3095, 3201, 3181, 3172, 3251, 3290, 3259, 3253, 3355, 3258, 3233, 3316, 3471, 3152, 3134, 3150, 3124, 3067, 3058, 3080, 3053, 3092, 3068, 3244, 3136, 3133, 3108, 2831, 3503, 3526, 3183, 3684, 3562, 3817, 3585, 3666, 3570, 3674, 3574, 3628, 3878, 3578, 3704, 3739, 3553, 3668, 3269, 3710, 3571], "forwarding_mean": 1044.3800000000001, "forwarding": [1048, 920, 993, 972, 972, 1141, 948, 990, 989, 1050, 1115, 1092, 1166, 1239, 958, 932, 1008, 996, 973, 963, 968, 964, 961, 966, 1097, 1003, 1015, 963, 961, 1091, 1098, 1111, 1077, 1105, 1017, 1120, 1144, 1100, 1061, 1089, 1058, 1038, 1064, 1129, 1106, 1112, 1067, 1076, 1110, 1083], "decoding_mean": 3311.1999999999998, "coding_sd": 297.6877565503828}, "B": {"coding_mean": 1791.1199999999999, "decoding_sd": 89.341817756300429, "forwarding_sd": 67.717247433722534, "coding": [1596, 1701, 1670, 1676, 1767, 1674, 1723, 1698, 1687, 1683, 1687, 1657, 1847, 1699, 1672, 1741, 1709, 1745, 1745, 1751, 1749, 1743, 1756, 1737, 1756, 1701, 1754, 1763, 1852, 1936, 2035, 1881, 1875, 1902, 1887, 1886, 1875, 1877, 1897, 1950, 1895, 1876, 1886, 1868, 1877, 1892, 1733, 1940, 1872, 1777], "decoding": [1046, 1026, 1033, 1020, 1100, 1113, 1115, 1113, 1110, 1123, 1111, 1116, 1221, 1116, 1118, 1111, 1033, 1038, 1034, 1039, 1030, 1038, 1030, 1109, 1116, 1115, 1117, 975, 1242, 1262, 988, 1249, 1261, 1225, 1214, 1220, 1216, 1268, 1220, 1205, 1255, 1210, 1276, 1255, 1251, 1255, 1114, 1261, 1222, 1072], "forwarding_mean": 1043.8800000000001, "forwarding": [962, 998, 947, 999, 986, 982, 990, 1001, 989, 1002, 1004, 996, 1077, 1007, 953, 991, 995, 1009, 977, 989, 995, 989, 1002, 991, 950, 966, 995, 993, 1086, 1114, 1122, 1118, 1122, 1119, 1108, 1111, 1143, 1133, 1084, 1129, 1132, 1092, 1178, 1123, 1132, 1120, 963, 1122, 1127, 1081], "decoding_mean": 1140.1400000000001, "coding_sd": 97.690048623183714}}