{"A": {"coding_mean": 1806.5999999999999, "decoding_sd": 1004.8046862948044, "forwarding_sd": 325.96661240071813, "coding": [1765, 550, 604, 587, 510, 503, 580, 1950, 1870, 1905, 1932, 1958, 1957, 1927, 1930, 1844, 1949, 1924, 2260, 1838, 1905, 610, 1924, 2946, 1879, 1930, 1810, 1919, 1899, 1871, 1918, 1835, 1878, 1897, 1925, 1957, 1841, 2003, 1926, 1824, 3040, 3078, 3003, 1847, 1895, 1875, 2002, 1866, 1808, 1876], "decoding": [1180, 7485, 1583, 1145, 1020, 996, 1266, 3570, 3676, 3668, 3628, 3677, 3627, 3672, 3659, 3669, 3604, 3584, 3624, 3665, 3715, 3705, 3717, 3829, 3701, 3595, 3617, 3751, 3541, 3623, 3718, 4355, 3647, 3804, 3672, 3626, 3633, 3610, 3595, 3683, 3681, 3720, 3681, 3837, 3704, 3743, 3565, 3946, 3619, 4135], "forwarding_mean": 1079.26, "forwarding": [1166, 338, 318, 356, 339, 320, 330, 1144, 1144, 1137, 1150, 1168, 1150, 1159, 1173, 1158, 1149, 1157, 1162, 1183, 1164, 368, 1158, 1158, 1106, 1108, 1105, 1121, 1202, 1113, 1152, 1161, 1165, 1142, 1137, 1162, 1136, 1150, 1115, 1598, 1147, 1144, 1139, 1145, 1149, 1208, 1578, 1572, 1582, 1577], "decoding_mean": 3475.3200000000002, "coding_sd": 588.44472977502312}, "B": {"coding_mean": 1778.3800000000001, "decoding_sd": 299.04275547152116, "forwarding_sd": 228.8299665690663, "coding": [906, 524, 595, 596, 561, 478, 1941, 1847, 1891, 1936, 1917, 1922, 1848, 1862, 1861, 1850, 1843, 1847, 1857, 1849, 677, 1857, 1855, 1848, 1840, 1853, 1859, 1841, 1849, 1861, 1850, 1900, 1896, 1915, 1909, 1866, 1928, 1923, 2468, 1914, 1926, 1893, 1908, 1893, 1907, 2455, 2490, 2535, 2617, 2455], "decoding": [2286, 688, 356, 355, 337, 579, 1285, 1259, 1342, 1205, 1234, 1230, 1247, 1227, 1241, 1238, 1233, 1232, 1279, 1288, 1314, 1270, 1287, 1283, 1276, 1272, 1278, 1279, 1277, 1280, 1405, 1270, 1329, 1269, 1270, 1283, 1236, 1270, 1276, 1270, 1278, 1313, 1431, 1275, 1289, 1280, 1457, 1287, 1532, 1297], "forwarding_mean": 1041.9200000000001, "forwarding": [396, 455, 410, 299, 306, 846, 1105, 1080, 1284, 1084, 1124, 1099, 1122, 1124, 1111, 1134, 1126, 1082, 1103, 1089, 1143, 1113, 1110, 1117, 1117, 1139, 1113, 1125, 1124, 1118, 1102, 1124, 1136, 1118, 1124, 1143, 1175, 1108, 1125, 1128, 1123, 1104, 1130, 1126, 1152, 1111, 1121, 1126, 1113, 1109], "decoding_mean": 1225.48, "coding_sd": 512.12236389363034}}