{"A": {"coding_mean": 2041.28, "decoding_sd": 403.94954338382411, "forwarding_sd": 73.478946644600171, "coding": [1538, 2470, 1542, 1562, 1566, 1564, 1542, 1535, 1618, 1971, 1939, 1858, 1976, 1899, 1915, 1949, 1890, 2646, 1954, 1908, 1914, 1860, 1915, 1854, 2954, 2837, 1878, 2001, 1965, 1913, 1878, 1952, 2791, 3078, 2863, 2684, 2826, 2014, 1963, 1924, 1915, 1929, 1927, 1826, 1916, 1853, 1885, 3059, 1896, 1952], "decoding": [1045, 2937, 2906, 2989, 3030, 2943, 2900, 2976, 3002, 3607, 3576, 3524, 3460, 3547, 3556, 3543, 3472, 3596, 3587, 3565, 3603, 3536, 3683, 3605, 3566, 3521, 3594, 3543, 3602, 3563, 3475, 3719, 3606, 3635, 3562, 3469, 3471, 3553, 3488, 3592, 3489, 3484, 3536, 3494, 3471, 3506, 3501, 3574, 3510, 3534], "forwarding_mean": 1074.3800000000001, "forwarding": [950, 970, 967, 997, 1342, 978, 962, 972, 1336, 1050, 1058, 1233, 1127, 1085, 1100, 1128, 1099, 1067, 1088, 1058, 1047, 1055, 1043, 1037, 1088, 1053, 1056, 1061, 1056, 1046, 1101, 1052, 1090, 1086, 1060, 1050, 1058, 1064, 1085, 1030, 1058, 1120, 1130, 1051, 1089, 1087, 1097, 1091, 1093, 1118], "decoding_mean": 3404.9200000000001, "coding_sd": 419.71176014021813}, "B": {"coding_mean": 1919.7, "decoding_sd": 82.445688789651086, "forwarding_sd": 73.820563530766947, "coding": [1580, 1692, 1654, 2158, 1659, 1703, 1698, 2128, 1908, 1917, 1933, 1989, 1901, 1928, 1933, 1945, 1972, 1869, 1930, 1953, 1962, 1938, 1945, 1965, 1947, 1941, 1938, 1976, 1968, 1861, 1896, 1973, 1931, 1925, 1943, 1924, 1938, 1907, 1916, 1904, 1940, 1945, 1918, 1914, 2102, 2097, 2098, 1941, 1932, 1950], "decoding": [1005, 984, 1021, 1030, 1027, 1035, 1042, 1031, 1252, 1255, 1248, 1251, 1253, 1245, 1228, 1241, 1255, 1260, 1244, 1251, 1221, 1241, 1247, 1247, 1256, 1253, 1243, 1211, 1232, 1195, 1187, 1275, 1234, 1274, 1238, 1217, 1233, 1242, 1204, 1239, 1231, 1253, 1229, 1239, 1239, 1251, 1236, 1286, 1246, 1232], "forwarding_mean": 1064.6199999999999, "forwarding": [909, 925, 901, 923, 903, 903, 899, 900, 1098, 1102, 1087, 1102, 1090, 1082, 1101, 1098, 1105, 1069, 1245, 1091, 1087, 1087, 1083, 1075, 1073, 1097, 1093, 1049, 1056, 1087, 1102, 1083, 1045, 1093, 1105, 1112, 1080, 1127, 1081, 1050, 1096, 1095, 1133, 1101, 1094, 1128, 1101, 1094, 1094, 1097], "decoding_mean": 1205.78, "coding_sd": 112.62455327325388}}