{"first_pkt_time": 1521610232.13, "last_pkt_time": 1521610291.441509, "n_bits_received": 4096000, "throughput": 0.06905910971380895, "time_diff": 59.311508893966675, "send_rate": 0.069010954668}