{"first_pkt_time": 1521609451.14, "last_pkt_time": 1521609657.336505, "n_bits_received": 4096000, "throughput": 0.019864546216973315, "time_diff": 206.1965048313141, "send_rate": 0.0198557595016}