{"first_pkt_time": 1521611105.32, "last_pkt_time": 1521611243.816741, "n_bits_received": 4096000, "throughput": 0.029574703121214505, "time_diff": 138.49674105644226, "send_rate": 0.0295737173129}