{"first_pkt_time": 1521609674.96, "last_pkt_time": 1521609818.733257, "n_bits_received": 4096000, "throughput": 0.02848930381755084, "time_diff": 143.77325701713562, "send_rate": 0.028468944914}