{"first_pkt_time": 1521646864.61, "last_pkt_time": 1521646873.778762, "n_bits_received": 409600, "throughput": 0.04467342382223524, "time_diff": 9.16876220703125, "send_rate": 0.0824882586225}