{"first_pkt_time": 1521610056.48, "last_pkt_time": 1521610129.887478, "n_bits_received": 4096000, "throughput": 0.055798129922803544, "time_diff": 73.40747809410095, "send_rate": 0.0557437077868}