{"first_pkt_time": 1521610447.42, "last_pkt_time": 1521610855.468588, "n_bits_received": 4096000, "throughput": 0.010038020275231698, "time_diff": 408.04858803749084, "send_rate": 0.0100544214477}