{"first_pkt_time": 1521610056.48, "last_pkt_time": 1521610129.873335, "n_bits_received": 4096000, "throughput": 0.05580888247553248, "time_diff": 73.39333486557007, "send_rate": 0.0557437077868}