{"first_pkt_time": 1521611387.38, "last_pkt_time": 1521611482.134176, "n_bits_received": 4096000, "throughput": 0.04322764628612976, "time_diff": 94.75417590141296, "send_rate": 0.0474221845076}