{"first_pkt_time": 1521608969.53, "last_pkt_time": 1521609374.942763, "n_bits_received": 4096000, "throughput": 0.010103283301912961, "time_diff": 405.4127631187439, "send_rate": 0.010091132363}