{"first_pkt_time": 1521611499.72, "last_pkt_time": 1521611593.964976, "n_bits_received": 4096000, "throughput": 0.04346120262262781, "time_diff": 94.24497604370117, "send_rate": 0.0538831415754}