{"first_pkt_time": 1521646837.97, "last_pkt_time": 1521646847.106114, "n_bits_received": 409600, "throughput": 0.044833066365787, "time_diff": 9.13611388206482, "send_rate": 0.080373369234}