{"first_pkt_time": 1521610147.58, "last_pkt_time": 1521610214.495364, "n_bits_received": 4096000, "throughput": 0.061211652354545336, "time_diff": 66.91536402702332, "send_rate": 0.0611909134056}