{"first_pkt_time": 1521611611.49, "last_pkt_time": 1521611705.839249, "n_bits_received": 4096000, "throughput": 0.04341317019857143, "time_diff": 94.3492488861084, "send_rate": 0.0610136743956}