{"first_pkt_time": 1521610873.1, "last_pkt_time": 1521611087.660182, "n_bits_received": 4096000, "throughput": 0.0190902149691249, "time_diff": 214.56018209457397, "send_rate": 0.0190861916362}