{"first_pkt_time": 1521610232.13, "last_pkt_time": 1521610291.441034, "n_bits_received": 4096000, "throughput": 0.06905966270079356, "time_diff": 59.311033964157104, "send_rate": 0.069010954668}