{"first_pkt_time": 1521610308.95, "last_pkt_time": 1521610363.289577, "n_bits_received": 4096000, "throughput": 0.07537784114595725, "time_diff": 54.339576959609985, "send_rate": 0.0753508425483}