{"first_pkt_time": 1521610380.82, "last_pkt_time": 1521610429.760776, "n_bits_received": 4096000, "throughput": 0.0836929923387251, "time_diff": 48.940776109695435, "send_rate": 0.0855043364478}