{"first_pkt_time": 1521609674.96, "last_pkt_time": 1521609818.733752, "n_bits_received": 4096000, "throughput": 0.028489205739985864, "time_diff": 143.77375197410583, "send_rate": 0.028468944914}