{"first_pkt_time": 1521611499.72, "last_pkt_time": 1521611594.059538, "n_bits_received": 4096000, "throughput": 0.043417639019214756, "time_diff": 94.33953785896301, "send_rate": 0.0538831415754}