{"first_pkt_time": 1521611105.32, "last_pkt_time": 1521611243.811862, "n_bits_received": 4096000, "throughput": 0.029575745022950822, "time_diff": 138.49186205863953, "send_rate": 0.0295737173129}