{"first_pkt_time": 1521608969.53, "last_pkt_time": 1521609374.942325, "n_bits_received": 4096000, "throughput": 0.010103294216689155, "time_diff": 405.4123251438141, "send_rate": 0.010091132363}