{"first_pkt_time": 1521611261.49, "last_pkt_time": 1521611369.79216, "n_bits_received": 4096000, "throughput": 0.037820113643790676, "time_diff": 108.30216002464294, "send_rate": 0.0378142887887}