{"first_pkt_time": 1521646864.61, "last_pkt_time": 1521646873.650244, "n_bits_received": 409600, "throughput": 0.045308511070815474, "time_diff": 9.040244102478027, "send_rate": 0.0824882586225}