{"first_pkt_time": 1521610447.42, "last_pkt_time": 1521610855.463691, "n_bits_received": 4096000, "throughput": 0.010038140746070977, "time_diff": 408.0436909198761, "send_rate": 0.0100544214477}