{"first_pkt_time": 1521609956.98, "last_pkt_time": 1521610038.865659, "n_bits_received": 4096000, "throughput": 0.05002096888576835, "time_diff": 81.8856589794159, "send_rate": 0.0499999798654}