{"first_pkt_time": 1521609836.37, "last_pkt_time": 1521609939.306781, "n_bits_received": 4096000, "throughput": 0.03979141326865155, "time_diff": 102.93678116798401, "send_rate": 0.0398335071733}