{"first_pkt_time": 1521610873.1, "last_pkt_time": 1521611087.655386, "n_bits_received": 4096000, "throughput": 0.019090641699070092, "time_diff": 214.55538606643677, "send_rate": 0.0190861916362}