{"first_pkt_time": 1521610380.82, "last_pkt_time": 1521610429.722671, "n_bits_received": 4096000, "throughput": 0.08375820600335517, "time_diff": 48.902671098709106, "send_rate": 0.0855043364478}