{"first_pkt_time": 1521646837.97, "last_pkt_time": 1521646847.011666, "n_bits_received": 409600, "throughput": 0.04530138567393681, "time_diff": 9.041666030883789, "send_rate": 0.080373369234}