{"first_pkt_time": 1521609836.37, "last_pkt_time": 1521609939.306282, "n_bits_received": 4096000, "throughput": 0.039791606167755185, "time_diff": 102.93628215789795, "send_rate": 0.0398335071733}