{"first_pkt_time": 1521610147.58, "last_pkt_time": 1521610214.494091, "n_bits_received": 4096000, "throughput": 0.06121281679299122, "time_diff": 66.91409111022949, "send_rate": 0.0611909134056}