{"first_pkt_time": 1521611261.49, "last_pkt_time": 1521611369.796874, "n_bits_received": 4096000, "throughput": 0.03781846753889969, "time_diff": 108.30687403678894, "send_rate": 0.0378142887887}