{"first_pkt_time": 1521646811.26, "last_pkt_time": 1521646820.429548, "n_bits_received": 409600, "throughput": 0.04466959532262614, "time_diff": 9.169548034667969, "send_rate": 0.064782795483}