{"first_pkt_time": 1521646811.26, "last_pkt_time": 1521646820.334901, "n_bits_received": 409600, "throughput": 0.045135478095806376, "time_diff": 9.074901103973389, "send_rate": 0.064782795483}