{"first_pkt_time": 1521611387.38, "last_pkt_time": 1521611482.22871, "n_bits_received": 4096000, "throughput": 0.04318456210632451, "time_diff": 94.84870982170105, "send_rate": 0.0474221845076}