{"first_pkt_time": 1521610308.95, "last_pkt_time": 1521610363.290003, "n_bits_received": 4096000, "throughput": 0.07537725014431913, "time_diff": 54.34000301361084, "send_rate": 0.0753508425483}