{"first_pkt_time": 1521609956.98, "last_pkt_time": 1521610038.865203, "n_bits_received": 4096000, "throughput": 0.05002124749899865, "time_diff": 81.88520288467407, "send_rate": 0.0499999798654}