{"first_pkt_time": 1521609451.14, "last_pkt_time": 1521609657.33705, "n_bits_received": 4096000, "throughput": 0.01986449371053948, "time_diff": 206.1970498561859, "send_rate": 0.0198557595016}