{"first_pkt_time": 1521611611.49, "last_pkt_time": 1521611705.745334, "n_bits_received": 4096000, "throughput": 0.043456426607389825, "time_diff": 94.25533390045166, "send_rate": 0.0610136743956}