{"A": {"coding_mean": 1527.9, "decoding_sd": 225.8319764780887, "forwarding_sd": 174.58285024595054, "coding": [1301, 1288, 1495, 1546, 1500, 1454, 2181, 1407, 1435, 1484, 1496, 2154, 1429, 1586, 1509, 1389, 1613, 1533, 1719, 1404, 1389, 1505, 1530, 1380, 1460, 1470, 1534, 1524, 1378, 1707, 2449, 1879, 1380, 1718, 1235, 1533, 1459, 1455, 1625, 1519, 1422, 1283, 1480, 1453, 1485, 1390, 1429, 1344, 1599, 1458], "decoding": [848, 1257, 1570, 1129, 950, 942, 1353, 865, 859, 884, 971, 940, 1105, 909, 863, 1180, 1283, 1161, 891, 923, 925, 1048, 1051, 1215, 1085, 1796, 1056, 1073, 1005, 1014, 1054, 954, 1227, 1020, 1006, 1035, 995, 1203, 1050, 1166, 1205, 1368, 1157, 1035, 2041, 1066, 1013, 1072, 1283, 863], "forwarding_mean": 982.22, "forwarding": [887, 968, 883, 1133, 1005, 1508, 1416, 1182, 1193, 1029, 1068, 986, 1108, 1024, 909, 847, 1073, 872, 921, 979, 867, 951, 1044, 729, 780, 766, 1338, 896, 730, 799, 1344, 910, 908, 949, 853, 826, 739, 840, 904, 1034, 879, 923, 900, 956, 892, 1103, 1108, 920, 1322, 910], "decoding_mean": 1099.28, "coding_sd": 221.18817780342602}, "B": {"coding_mean": 1432.3, "decoding_sd": 602.1969299157876, "forwarding_sd": 151.73282439867782, "coding": [1282, 1411, 1603, 1701, 1431, 1302, 1277, 1534, 1467, 1125, 1298, 1478, 1180, 1310, 1411, 1609, 1379, 1368, 1514, 1506, 1496, 1308, 1346, 1598, 1578, 1446, 1566, 1456, 1527, 1406, 1218, 1413, 1517, 1559, 1375, 1842, 1284, 1528, 1725, 1411, 1342, 1410, 1359, 1414, 1291, 1377, 1602, 1249, 1367, 1419], "decoding": [3826, 4325, 5070, 4972, 3602, 3177, 3781, 4625, 2883, 3687, 3761, 4437, 3651, 3532, 3633, 5117, 2648, 2790, 4390, 3073, 4307, 3541, 3845, 4404, 4568, 3109, 3239, 3892, 4590, 3490, 3391, 3287, 3094, 3644, 3028, 3693, 2984, 3172, 4412, 3123, 3455, 4059, 3761, 3659, 3481, 3423, 2973, 3482, 4044, 3258], "forwarding_mean": 952.9, "forwarding": [760, 931, 828, 1196, 933, 1036, 985, 1159, 863, 1277, 968, 959, 896, 889, 839, 1409, 900, 1115, 836, 811, 948, 1111, 914, 833, 828, 908, 882, 882, 814, 922, 894, 839, 870, 931, 872, 969, 840, 897, 955, 980, 986, 844, 1083, 945, 722, 1054, 903, 989, 1542, 898], "decoding_mean": 3707.76, "coding_sd": 140.502135215092}}