{"A": {"coding_mean": 2803.4166666666665, "decoding_sd": 353.49634358866507, "forwarding_sd": 142.7290906436814, "coding": [3387, 2982, 2770, 2558, 3113, 1398, 2549, 2820, 2053, 2180, 2632, 1424, 1958, 2421, 2863, 2120, 1590, 4194, 2430, 2584, 3231, 2991, 3329, 5219, 2209, 3090, 3337, 2698, 2865, 3138, 2172, 3558, 2502, 3788, 2688, 3231, 1729, 2605, 3185, 2148, 3016, 3271, 3161, 3094, 3156, 2906, 3565, 2656], "decoding": [4858, 4603, 4974, 4589, 4862, 4633, 4543, 4453, 4119, 4823, 5608, 5064, 4997, 4475, 4032, 5148, 5268, 4606, 5672, 4626, 4965, 5109, 4343, 4924, 4695, 4553, 5168, 5303, 4800, 4864, 5093, 4755, 4933, 5170, 5298, 4695, 5445, 4986, 4536, 5111, 4695, 4174, 4536, 5047, 4557, 4718, 4558, 4666], "forwarding_mean": 880.1041666666666, "forwarding": [873, 737, 836, 913, 1140, 887, 946, 1038, 879, 832, 945, 1179, 873, 699, 1253, 847, 755, 808, 859, 750, 777, 806, 812, 748, 799, 867, 890, 829, 754, 925, 962, 785, 767, 871, 776, 748, 1083, 748, 825, 751, 755, 875, 920, 804, 794, 1093, 1371, 1061], "decoding_mean": 4826.041666666667, "coding_sd": 688.6202337928279}, "B": {"coding_mean": 1794.5, "decoding_sd": 333.3494000072703, "forwarding_sd": 120.07905433480407, "coding": [1430, 1910, 3246, 3279, 1553, 2052, 1621, 1602, 1699, 1822, 1386, 1529, 1526, 1586, 1846, 1538, 1489, 1714, 1479, 3215, 3249, 1454, 1642, 1471, 1431, 1675, 1548, 4087, 1439, 1590, 1595, 1576, 1478, 1469, 1692, 1510, 1577, 1707, 1647, 1556, 2145, 1465, 1608, 1507, 1610, 1905, 2083, 1628, 1654, 1624, 1670, 1500], "decoding": [3133, 3406, 3183, 3183, 3699, 3263, 3528, 3249, 3229, 3159, 3080, 3742, 4463, 3820, 3941, 3398, 2895, 3767, 3446, 3428, 3428, 3311, 4065, 3237, 3688, 3738, 2645, 3598, 3372, 3501, 3853, 3869, 3574, 3549, 3723, 3575, 3772, 3728, 3994, 3458, 3961, 3736, 3555, 3859, 3390, 2870, 3226, 2993, 3389, 3484, 3296, 3491], "forwarding_mean": 1012.5384615384615, "forwarding": [892, 1067, 977, 977, 937, 978, 1293, 940, 893, 1075, 1045, 828, 947, 1135, 846, 938, 1163, 1151, 1089, 1144, 1144, 941, 1046, 1115, 1113, 998, 1291, 853, 1079, 1214, 1072, 968, 974, 1009, 1090, 946, 890, 1151, 912, 1064, 986, 1210, 1024, 888, 889, 812, 812, 860, 894, 910, 1102, 1080], "decoding_mean": 3498.846153846154, "coding_sd": 562.6716319351948}}