{"A": {"coding_mean": 1484.22, "decoding_sd": 179.71660023492544, "forwarding_sd": 167.95880923607433, "coding": [1344, 1427, 1531, 1440, 1416, 1340, 1382, 1417, 1402, 1410, 1450, 1472, 1336, 1381, 1428, 1528, 1675, 1572, 1553, 1497, 1283, 1469, 1391, 1641, 1493, 1569, 1474, 1438, 1621, 1484, 1607, 1630, 1627, 1497, 1591, 1424, 1511, 1577, 1753, 1581, 1293, 1380, 1387, 1425, 1485, 1455, 1320, 1596, 1757, 1451], "decoding": [1032, 1129, 1737, 1055, 1281, 996, 1301, 1250, 1541, 1013, 1571, 1110, 1180, 958, 996, 1351, 1281, 1304, 1263, 965, 1041, 1075, 1030, 1161, 1002, 1042, 1251, 904, 1134, 1017, 1362, 1208, 1071, 1145, 892, 914, 939, 956, 951, 1062, 942, 978, 1049, 908, 1058, 969, 1034, 1038, 1038, 962], "forwarding_mean": 908.72, "forwarding": [772, 935, 894, 811, 860, 806, 760, 730, 1139, 819, 763, 1019, 944, 843, 928, 1065, 836, 796, 892, 873, 1090, 1155, 1063, 956, 1227, 873, 952, 1548, 1298, 771, 778, 834, 809, 746, 908, 749, 725, 788, 952, 794, 858, 887, 806, 810, 815, 927, 734, 1081, 1239, 778], "decoding_mean": 1108.94, "coding_sd": 110.36725782586065}, "B": {"coding_mean": 1533.04, "decoding_sd": 458.4337810414935, "forwarding_sd": 131.14880251073586, "coding": [1330, 1489, 1381, 1524, 1301, 1514, 1468, 1390, 1720, 1354, 1500, 1402, 1450, 1730, 1490, 1434, 1508, 1709, 1467, 1408, 1497, 1303, 1801, 1289, 1780, 1605, 1398, 1345, 1464, 1563, 1442, 1416, 1817, 1704, 1377, 1273, 1945, 1452, 1384, 1432, 1389, 2753, 1836, 1595, 1369, 1418, 1612, 1427, 1898, 1499], "decoding": [4964, 5190, 4723, 5108, 4744, 5218, 5316, 4777, 4844, 4894, 5978, 4959, 5745, 5030, 4784, 5056, 4805, 4993, 4452, 4623, 4585, 4047, 4086, 5327, 4805, 4829, 4977, 5046, 5221, 5114, 5285, 4702, 4671, 6231, 4837, 4968, 5703, 3657, 4452, 4763, 4906, 5623, 4232, 4886, 4483, 4690, 4690, 4496, 4956, 4568], "forwarding_mean": 971.46, "forwarding": [991, 926, 973, 910, 852, 1040, 940, 1011, 911, 814, 1133, 1009, 941, 902, 996, 1171, 1274, 919, 943, 1194, 1429, 856, 1089, 871, 1121, 1070, 936, 979, 1112, 984, 853, 869, 940, 938, 834, 962, 886, 936, 879, 918, 795, 1050, 780, 1099, 817, 1203, 899, 764, 934, 920], "decoding_mean": 4900.78, "coding_sd": 239.98482952053448}}