{"A": {"coding_mean": 1504.44, "decoding_sd": 152.251717888502, "forwarding_sd": 134.28719819848803, "coding": [1717, 1442, 1486, 1818, 1728, 1433, 1512, 1462, 1438, 1616, 1550, 1727, 1345, 1480, 1310, 1462, 1701, 1459, 1342, 1467, 1391, 1481, 1537, 1355, 1349, 1445, 1570, 1440, 2070, 1471, 1669, 1532, 1288, 1252, 1533, 1304, 1714, 1400, 1339, 1428, 1444, 1586, 1402, 1477, 1506, 1240, 1365, 1357, 1366, 2416], "decoding": [1153, 1134, 1331, 1027, 1331, 1022, 1134, 878, 1110, 1111, 1399, 1056, 1111, 1419, 1056, 1065, 1338, 886, 1003, 1290, 1011, 1170, 1341, 924, 1324, 1102, 944, 894, 947, 945, 1450, 1224, 1234, 982, 1152, 1308, 1067, 1248, 1114, 915, 1053, 1134, 1174, 901, 1004, 942, 973, 1015, 1059, 1101], "forwarding_mean": 916.78, "forwarding": [1272, 803, 1140, 842, 834, 1014, 879, 749, 943, 782, 925, 828, 819, 771, 937, 867, 872, 864, 906, 789, 868, 827, 887, 993, 832, 788, 809, 892, 848, 931, 873, 845, 989, 712, 752, 713, 1245, 920, 1050, 885, 1155, 894, 1117, 1043, 909, 1145, 820, 1094, 1155, 1012], "decoding_mean": 1110.12, "coding_sd": 202.55420607827426}, "B": {"coding_mean": 1326.36, "decoding_sd": 346.8782933537352, "forwarding_sd": 197.4546023773566, "coding": [1553, 1211, 1312, 1463, 1233, 1144, 1246, 1177, 1273, 1235, 1217, 1449, 1224, 1290, 1188, 1289, 1474, 1245, 1218, 1477, 1499, 1455, 1569, 1274, 1274, 2021, 1273, 1205, 1289, 1202, 1217, 1392, 1328, 1247, 1172, 1142, 1178, 1196, 1134, 1255, 1492, 1547, 1187, 1354, 1854, 1401, 1243, 1257, 1389, 1354], "decoding": [3552, 3336, 3665, 3810, 3379, 3288, 3311, 3857, 3175, 4043, 3593, 3134, 3383, 3937, 3394, 3380, 3600, 3496, 3681, 3266, 2939, 2924, 3230, 3673, 3336, 2839, 2470, 3309, 4277, 4129, 3821, 3693, 3596, 3872, 3688, 3137, 3950, 3497, 4059, 3296, 3570, 3669, 3545, 3678, 3794, 3533, 3648, 3908, 3892, 3416], "forwarding_mean": 967.0, "forwarding": [905, 757, 829, 922, 1012, 1182, 953, 767, 997, 760, 1041, 1128, 752, 1004, 815, 816, 1683, 924, 901, 898, 1581, 818, 888, 1210, 864, 687, 909, 953, 736, 865, 751, 1271, 918, 774, 1108, 941, 906, 929, 836, 1110, 1038, 1265, 1149, 915, 1163, 856, 1159, 835, 936, 933], "decoding_mean": 3533.36, "coding_sd": 171.67140239422523}}