{"A": {"coding_mean": 1798.52, "decoding_sd": 271.16008187046998, "forwarding_sd": 28.259955767835159, "coding": [1736, 1686, 1588, 1839, 1720, 1785, 1786, 1784, 1801, 1773, 1820, 1790, 1824, 1929, 1874, 1834, 1809, 1813, 1836, 1780, 1760, 1783, 1756, 1787, 1834, 1742, 1799, 1801, 1811, 1818, 1753, 1851, 1851, 1802, 1844, 1781, 1838, 1832, 1840, 1828, 1836, 1856, 1838, 1872, 1842, 1758, 1825, 1900, 1847, 1900, 1669, 1785, 1841, 1806, 1895, 1768, 1784, 1749, 1845, 1783, 1775, 1820, 1824, 1878, 1846, 1844, 1776, 1829, 1825, 1803, 1768, 1780, 1748, 1888, 1779, 1799, 1776, 1788, 1782, 1740, 1749, 1783, 1802, 1806, 1802, 1743, 1762, 1735, 1765, 1740, 1763, 1838, 1809, 1783, 1737, 1742, 1777, 1740, 1790, 1801], "decoding": [1147, 3449, 2876, 3506, 3682, 3600, 3686, 3834, 3577, 3570, 3603, 3753, 3690, 3565, 3590, 3773, 3608, 3680, 3618, 3707, 3532, 3668, 3590, 3559, 3682, 3708, 3541, 3718, 3707, 3588, 3669, 3593, 3528, 3574, 3595, 3579, 3719, 3760, 3661, 3584, 3669, 3564, 3686, 3634, 3613, 3691, 3591, 3603, 3685, 3740, 3120, 3690, 3596, 3611, 3653, 3585, 3695, 3671, 3642, 3691, 3685, 3579, 3572, 3595, 3598, 3619, 3694, 3665, 3616, 3606, 3657, 3729, 3803, 3562, 3642, 3700, 3608, 3656, 3678, 3650, 3680, 3599, 3678, 3658, 3566, 3682, 3581, 3675, 3595, 3671, 3728, 3732, 3645, 3628, 3666, 3672, 3568, 3689, 3568, 3636], "forwarding_mean": 1106.5699999999999, "forwarding": [1124, 1114, 990, 1103, 1122, 1102, 1109, 1120, 1108, 1118, 1110, 1115, 1106, 1109, 1112, 1101, 1096, 1121, 1111, 1113, 1109, 1117, 1111, 1098, 1113, 1102, 1103, 1104, 1120, 1108, 1107, 1113, 1110, 1106, 1105, 1098, 1114, 1118, 1105, 1117, 1116, 1108, 1106, 1110, 1137, 1109, 1107, 1089, 1119, 1016, 894, 1103, 1123, 1087, 1080, 1114, 1127, 1121, 1112, 1117, 1119, 1113, 1078, 1101, 1114, 1106, 1128, 1119, 1100, 1106, 1096, 1113, 1110, 1108, 1120, 1108, 1113, 1121, 1105, 1108, 1120, 1135, 1125, 1119, 1109, 1117, 1121, 1125, 1121, 1118, 1082, 1084, 1109, 1130, 1119, 1111, 1113, 1111, 1113, 1112], "decoding_mean": 3603.3000000000002, "coding_sd": 50.485538523422726}, "B": {"coding_mean": 1867.0799999999999, "decoding_sd": 52.296802961557795, "forwarding_sd": 29.338500302503533, "coding": [1767, 1765, 1841, 1864, 1866, 1852, 1866, 1879, 1856, 1857, 1894, 1883, 1856, 1852, 1870, 1878, 1868, 1860, 1835, 1831, 1884, 1844, 1866, 1881, 1822, 1860, 1870, 1868, 1864, 1859, 1873, 1878, 1860, 1860, 1875, 1877, 1879, 1862, 1857, 1868, 1869, 1868, 1865, 1867, 1864, 1883, 1862, 1869, 1841, 1839, 1883, 1874, 1883, 1855, 1862, 1886, 1868, 1885, 1863, 1887, 1869, 1866, 1869, 1862, 1905, 1865, 1868, 1868, 1874, 1872, 1873, 1909, 1895, 1880, 1867, 1871, 1872, 1875, 1971, 1892, 1876, 1868, 1867, 1835, 1867, 1872, 1892, 1872, 1869, 1875, 1874, 1880, 1867, 1865, 1873, 1864, 1871, 1855, 1866, 1857], "decoding": [1209, 960, 1258, 1247, 1269, 1253, 1408, 1266, 1279, 1253, 1431, 1271, 1245, 1253, 1344, 1263, 1254, 1253, 1251, 1250, 1249, 1249, 1260, 1243, 1263, 1250, 1243, 1257, 1250, 1204, 1227, 1207, 1212, 1242, 1253, 1405, 1264, 1351, 1250, 1226, 1214, 1231, 1272, 1265, 1257, 1252, 1200, 1247, 1248, 1071, 1295, 1251, 1252, 1249, 1253, 1259, 1216, 1206, 1219, 1227, 1229, 1196, 1247, 1291, 1256, 1247, 1259, 1237, 1255, 1256, 1248, 1260, 1261, 1309, 1221, 1256, 1215, 1214, 1214, 1214, 1224, 1217, 1211, 1212, 1224, 1205, 1224, 1221, 1220, 1315, 1263, 1260, 1271, 1253, 1212, 1259, 1243, 1208, 1215, 1214], "forwarding_mean": 1098.1800000000001, "forwarding": [1110, 921, 1075, 1098, 1086, 1094, 1088, 1102, 1123, 1100, 1090, 1098, 1091, 1095, 1106, 1093, 1100, 1098, 1101, 1119, 1098, 1092, 1100, 1113, 1100, 1110, 1113, 1094, 1089, 1087, 1098, 1107, 1104, 1088, 1097, 1105, 1099, 1103, 1092, 1101, 1083, 1125, 1087, 1104, 1103, 1111, 1101, 1131, 1064, 937, 1096, 1112, 1093, 1126, 1114, 1092, 1108, 1100, 1089, 1090, 1106, 1095, 1092, 1098, 1104, 1090, 1089, 1101, 1128, 1187, 1098, 1109, 1197, 1109, 1110, 1102, 1091, 1102, 1097, 1094, 1100, 1108, 1105, 1107, 1100, 1090, 1096, 1086, 1097, 1106, 1104, 1103, 1087, 1103, 1088, 1101, 1093, 1102, 1100, 1099], "decoding_mean": 1245.6199999999999, "coding_sd": 22.627717516355911}}