{"A": {"coding_mean": 2950.8200000000002, "decoding_sd": 383.29231912471192, "forwarding_sd": 87.521140303357569, "coding": [1641, 2683, 2518, 2800, 2884, 2518, 2500, 2572, 2637, 2506, 2544, 2575, 2661, 2676, 2845, 2740, 2747, 2750, 2347, 2527, 2571, 2615, 2602, 2556, 2610, 2633, 2587, 2588, 2650, 2507, 2591, 3362, 2385, 2701, 3380, 2548, 2306, 3259, 3072, 2959, 3046, 2914, 3212, 3252, 3129, 3377, 3104, 2891, 3062, 3019, 2949, 3088, 3144, 3104, 3044, 2925, 3114, 3059, 3078, 3064, 3045, 3061, 3270, 3244, 3108, 2965, 3000, 2894, 3103, 3212, 3354, 3333, 3122, 3151, 3310, 3211, 3378, 3181, 3230, 3137, 3080, 3176, 3052, 3095, 3174, 3121, 2953, 3007, 3268, 3586, 3234, 3235, 3356, 2977, 3469, 3130, 3364, 3293, 3426, 3049], "decoding": [999, 2893, 3001, 3004, 2900, 3038, 3007, 3011, 3024, 3020, 3092, 3049, 3004, 3038, 3035, 3007, 2987, 2994, 3050, 3062, 2901, 3082, 2977, 3008, 2961, 3045, 3034, 2877, 3009, 2937, 3045, 3309, 3161, 3094, 3423, 3094, 3135, 3209, 3676, 3615, 3670, 3661, 3675, 3572, 3693, 3208, 3552, 3663, 3588, 3684, 3694, 3675, 3663, 3603, 3615, 3671, 3580, 3573, 3708, 3670, 3664, 3638, 3588, 3533, 3604, 3637, 3672, 3641, 3694, 3675, 3582, 3686, 3631, 3652, 3676, 3660, 3696, 3716, 3710, 3710, 3694, 3584, 3583, 3674, 3597, 3617, 3690, 3576, 3669, 3615, 3664, 3688, 3640, 3672, 3618, 3375, 3676, 3580, 3675, 3632], "forwarding_mean": 1027.9000000000001, "forwarding": [969, 965, 903, 906, 905, 910, 916, 907, 904, 902, 910, 917, 908, 899, 902, 915, 923, 902, 910, 908, 912, 903, 905, 904, 903, 896, 901, 912, 899, 903, 903, 1088, 947, 932, 1053, 958, 923, 921, 1108, 1097, 1097, 1103, 1097, 1097, 1110, 1074, 1092, 1089, 1100, 1081, 1096, 1106, 1092, 1107, 1105, 1100, 1115, 1070, 1126, 1090, 1097, 1116, 1095, 1103, 1113, 1099, 1109, 1086, 1103, 1112, 1111, 1114, 1093, 1106, 1105, 1103, 1102, 1060, 1115, 1105, 1111, 1100, 1070, 1054, 1070, 1077, 1047, 1049, 1055, 1086, 1090, 1100, 1111, 1098, 1060, 1059, 1092, 1063, 1055, 1100], "decoding_mean": 3388.0900000000001, "coding_sd": 324.14936001787817}, "B": {"coding_mean": 1816.8499999999999, "decoding_sd": 105.7579311446664, "forwarding_sd": 105.53739574198333, "coding": [1582, 1547, 1629, 1605, 1625, 1521, 1625, 1619, 1581, 1673, 1630, 1635, 1615, 1666, 1577, 1631, 1659, 1619, 1646, 1583, 1662, 1591, 1587, 1629, 1657, 1581, 1680, 1674, 1514, 1717, 1884, 1552, 1558, 1911, 1581, 1569, 2015, 1927, 1886, 1910, 1911, 1943, 1949, 1941, 2047, 1958, 1880, 1884, 1881, 1898, 1903, 1914, 1859, 1895, 1903, 1903, 1902, 1891, 1887, 1902, 1898, 1903, 1882, 1896, 1906, 1877, 1895, 1933, 1916, 1957, 1995, 1956, 1950, 1933, 1948, 1968, 1894, 1906, 1926, 1883, 1899, 1885, 1896, 1899, 1905, 1884, 1897, 1911, 2002, 1959, 1982, 1952, 1956, 1961, 1921, 1960, 1947, 1943, 1961, 1939], "decoding": [1005, 1042, 1043, 1051, 1045, 1042, 1048, 1041, 1042, 1035, 1034, 1041, 1046, 1048, 1050, 1047, 1036, 1040, 1042, 988, 1048, 1050, 1041, 1041, 1040, 1050, 956, 1051, 1034, 1036, 1160, 1080, 1083, 1186, 1073, 1082, 1093, 1269, 1271, 1271, 1264, 1265, 1263, 1252, 1080, 1258, 1254, 1241, 1264, 1275, 1261, 1267, 1264, 1267, 1272, 1265, 1272, 1269, 1253, 1251, 1268, 1268, 1255, 1268, 1259, 1254, 1255, 1268, 1256, 1254, 1249, 1269, 1249, 1261, 1266, 1308, 1267, 1259, 1271, 1275, 1276, 1263, 1259, 1269, 1284, 1259, 1257, 1252, 1252, 1258, 1280, 1265, 1271, 1251, 1218, 1256, 1263, 1280, 1269, 1261], "forwarding_mean": 1016.09, "forwarding": [929, 857, 847, 908, 909, 855, 842, 906, 842, 902, 901, 838, 909, 908, 848, 855, 851, 914, 911, 851, 906, 844, 836, 837, 902, 842, 846, 904, 848, 905, 1118, 882, 873, 1100, 878, 858, 953, 1094, 1091, 1090, 1109, 1106, 1105, 1106, 947, 1095, 1051, 1090, 1104, 1087, 1088, 1110, 1105, 1083, 1087, 1107, 1096, 1095, 1092, 1089, 1098, 1086, 1093, 1107, 1051, 1090, 1048, 1088, 1084, 1112, 1082, 1092, 1098, 1096, 1092, 1112, 1097, 1084, 1089, 1096, 1098, 1101, 1107, 1097, 1102, 1052, 1086, 1096, 1099, 1098, 1110, 1111, 1067, 1094, 1079, 1092, 1103, 1113, 1052, 1115], "decoding_mean": 1182.5999999999999, "coding_sd": 152.24206875893404}}