{"A": {"coding_mean": 2101.75, "decoding_sd": 384.97387898401627, "forwarding_sd": 237.59993497473857, "coding": [1720, 1833, 1898, 2974, 1931, 2923, 1916, 2626, 1938, 1906, 2021, 3087, 1935, 1899, 3105, 1934, 1926, 1976, 1884, 1800, 1818, 1886, 2299, 2161, 5157, 1820, 2111, 1820, 1828, 2314, 2172, 2232, 1952, 2201, 1848, 1817, 1867, 2170, 2257, 1842, 2179, 2046, 2080, 1812, 1812, 1863, 2165, 1935, 1908, 2210, 1841, 1946, 2270, 1882, 1865, 2175, 2367, 1835, 2158, 2300, 2235, 1846, 2139, 1825, 2345, 2289, 2060, 2465, 1864, 2287, 1849, 1890, 2165, 1852, 3291, 2139, 1867, 1817, 2189, 1852, 1877, 2198, 1811, 1901, 1919, 1824, 2251, 2218, 1828, 2204, 1953, 1940, 1844, 1862, 2193, 2281, 2274, 1945, 2160, 1973], "decoding": [1168, 3358, 3470, 3538, 3590, 3553, 3491, 3542, 3430, 3453, 3420, 3393, 3392, 3671, 3524, 3529, 3565, 3524, 3415, 3463, 3897, 3423, 3705, 3953, 4066, 4060, 3906, 3738, 3837, 3480, 3456, 3816, 3531, 3585, 3978, 3619, 3956, 3899, 3477, 3936, 4008, 3561, 4708, 3745, 4157, 4013, 4222, 3609, 4619, 4329, 3644, 4144, 3770, 3620, 4317, 4081, 3810, 4170, 4128, 3731, 3825, 4014, 3594, 4126, 3569, 3578, 3546, 3576, 4128, 3631, 3810, 3651, 3535, 4156, 4051, 3635, 3588, 3636, 3548, 3543, 4110, 3988, 4058, 4350, 3654, 4083, 3672, 3713, 3557, 3547, 3550, 3571, 4177, 3935, 3554, 3866, 3542, 3694, 4118, 3683], "forwarding_mean": 1255.97, "forwarding": [1125, 983, 1045, 1128, 1049, 1060, 1038, 1037, 1056, 1096, 1090, 1092, 1096, 1051, 1093, 1085, 1103, 1096, 1107, 1298, 1562, 1392, 1089, 1097, 1212, 1210, 1121, 1204, 1098, 1094, 1145, 1104, 1114, 1095, 1285, 1200, 1082, 1106, 1106, 1325, 1081, 1284, 1123, 1216, 1103, 1294, 1099, 1259, 1225, 1101, 1188, 1121, 1111, 1182, 1573, 1113, 1110, 1630, 1104, 1100, 1047, 1248, 1612, 1167, 1104, 1048, 1189, 1058, 1153, 1628, 1813, 1796, 1109, 1037, 1067, 1630, 1744, 1582, 1609, 1823, 1588, 1105, 1291, 1127, 1640, 1886, 1629, 1534, 1644, 1124, 1269, 1145, 1613, 1911, 1636, 1540, 1574, 1257, 1121, 1113], "decoding_mean": 3743.5500000000002, "coding_sd": 426.70916031882888}, "B": {"coding_mean": 2126.8699999999999, "decoding_sd": 140.29849428985332, "forwarding_sd": 93.355695594859128, "coding": [1849, 1916, 1981, 1903, 1916, 1902, 1897, 1901, 2017, 1901, 1906, 1919, 1934, 1912, 1909, 1909, 1909, 1959, 2763, 2453, 2409, 1940, 1906, 1919, 2077, 1874, 2124, 2208, 1887, 2048, 1928, 1958, 1897, 2208, 2021, 2016, 1890, 1840, 2317, 1924, 2159, 2039, 2108, 2086, 2212, 1876, 2135, 1947, 1928, 2013, 1866, 1949, 1960, 2628, 1930, 2010, 1959, 1910, 2011, 1887, 2231, 2427, 2243, 1885, 1993, 2069, 1996, 2229, 2427, 2883, 2749, 1904, 2775, 2032, 2416, 2663, 2476, 2384, 2580, 2542, 1909, 2167, 1911, 2446, 2856, 2419, 2468, 2625, 1998, 2061, 1947, 2029, 2910, 2372, 2495, 2427, 2165, 1907, 1960, 1951], "decoding": [1195, 1251, 1239, 1248, 1253, 1246, 1248, 1205, 1279, 1200, 1183, 1215, 1413, 1203, 1191, 1253, 1217, 1200, 1236, 1602, 1199, 1233, 1339, 1254, 1375, 1227, 1440, 1328, 1194, 1198, 1271, 1272, 1254, 1445, 1419, 1378, 1232, 1195, 1384, 1230, 1248, 2014, 1460, 1534, 1448, 1245, 1201, 1887, 1355, 1245, 1296, 1243, 1232, 1569, 1510, 1261, 1458, 1359, 1246, 1253, 1531, 1222, 1412, 1247, 1254, 1242, 1252, 1380, 1240, 1441, 1250, 1241, 1431, 1342, 1245, 1320, 1242, 1233, 1238, 1496, 1345, 1481, 1613, 1288, 1341, 1232, 1254, 1238, 1237, 1234, 1260, 1553, 1438, 1272, 1255, 1250, 1346, 1489, 1228, 1494], "forwarding_mean": 1127.29, "forwarding": [1056, 1034, 1079, 1043, 1060, 1074, 1083, 1031, 1030, 1007, 996, 1032, 1077, 1054, 1043, 1087, 993, 1044, 1037, 1102, 1089, 1036, 1036, 1187, 1026, 1044, 1073, 1076, 1244, 1266, 1156, 1064, 1190, 1093, 1065, 1104, 1086, 1300, 1186, 1234, 1094, 1048, 1050, 1025, 1033, 1250, 1051, 1084, 1179, 1062, 1041, 1152, 1167, 1072, 1131, 1365, 1121, 1095, 1266, 1170, 1202, 1322, 1120, 1133, 1315, 1110, 1297, 1063, 1214, 1049, 1056, 1197, 1095, 1079, 1368, 1123, 1194, 1310, 1114, 1100, 1200, 1093, 1070, 1384, 1095, 1299, 1181, 1065, 1295, 1083, 1152, 1099, 1086, 1332, 1192, 1202, 1092, 1114, 1097, 1164], "decoding_mean": 1321.1500000000001, "coding_sd": 277.49996954954793}}