{"A": {"coding_mean": 1950.47, "decoding_sd": 322.86873168518503, "forwarding_sd": 297.62188410800701, "coding": [1855, 3169, 1967, 1966, 1952, 1717, 1657, 1664, 1682, 1668, 1688, 1681, 1676, 1657, 1677, 1633, 1657, 1663, 1654, 1661, 1643, 1653, 1663, 1998, 2015, 1981, 1996, 2005, 2014, 1981, 2034, 2028, 1990, 1997, 2036, 2014, 2005, 2007, 2018, 1969, 2022, 2024, 2012, 2047, 2018, 2021, 1954, 1998, 1983, 1989, 1990, 1895, 1984, 1976, 1979, 1968, 2072, 1971, 2018, 2078, 2025, 1997, 2006, 1995, 1989, 1985, 1993, 1971, 1985, 2000, 1965, 2057, 1989, 1979, 2014, 2000, 1995, 1996, 1992, 1991, 1974, 2019, 2027, 2039, 1982, 2005, 2010, 1993, 1983, 2039, 2019, 2000, 2012, 2030, 1994, 2016, 1984, 1974, 2049, 1984], "decoding": [1526, 3727, 3853, 3863, 3876, 3706, 3250, 3204, 3267, 3217, 3269, 3259, 3308, 3247, 3340, 3216, 3198, 3346, 3331, 3262, 3183, 3210, 3399, 3964, 3859, 3841, 3897, 3931, 3978, 3861, 3819, 3804, 3767, 3823, 3796, 3764, 3768, 3937, 3958, 3776, 3941, 3791, 3807, 3941, 3785, 3825, 3795, 3876, 3795, 3859, 3979, 3872, 3929, 3903, 3797, 3807, 3747, 3808, 3899, 3792, 3867, 3928, 3852, 3985, 3881, 3896, 3863, 3970, 3936, 3886, 3901, 3985, 3931, 3894, 3855, 3909, 3824, 3885, 3797, 3804, 3815, 3900, 3877, 3947, 3935, 3884, 3901, 3835, 3847, 3913, 3884, 3804, 3896, 3882, 3915, 3752, 3830, 3910, 3953, 3884], "forwarding_mean": 1394.21, "forwarding": [1340, 1228, 1228, 1251, 1244, 1141, 1063, 1062, 1047, 1049, 1074, 1015, 1071, 1154, 1047, 1049, 1069, 1019, 1018, 1027, 1031, 1029, 1019, 1260, 1239, 1820, 1808, 1777, 1230, 1246, 1218, 1235, 1212, 1213, 1213, 1198, 1209, 1193, 1198, 1220, 1190, 1213, 1190, 1201, 1212, 1219, 1800, 1789, 1779, 1794, 1778, 1759, 1776, 1776, 1786, 1205, 1204, 1324, 1198, 1201, 1799, 1767, 1789, 1779, 1786, 1783, 1811, 1800, 1777, 1237, 1262, 1245, 1259, 1761, 1259, 1736, 1801, 1806, 1813, 1856, 1823, 1811, 1253, 1255, 1759, 1765, 1783, 1782, 1775, 1257, 1244, 1246, 1253, 1260, 1191, 1218, 1218, 1214, 1240, 1790], "decoding_mean": 3739.6100000000001, "coding_sd": 179.27439610831215}, "B": {"coding_mean": 2242.9299999999998, "decoding_sd": 105.27918835173455, "forwarding_sd": 82.481595522880141, "coding": [1980, 2066, 2104, 2108, 1895, 1742, 1769, 1725, 1750, 1728, 1755, 1760, 1760, 1717, 1773, 1792, 1766, 1789, 1822, 1724, 1813, 1796, 2145, 2102, 2697, 2724, 2726, 2059, 2110, 2067, 2075, 2069, 2052, 2032, 2035, 2020, 2051, 2046, 2028, 2048, 2010, 2069, 2037, 2030, 2031, 2660, 2695, 2692, 2692, 2729, 2692, 2732, 2711, 2679, 2108, 2101, 2095, 2105, 2094, 2749, 2712, 2728, 2702, 2714, 2743, 2700, 2741, 2705, 2120, 2106, 2040, 2090, 2714, 2069, 2616, 2698, 2723, 2684, 2677, 2687, 2726, 2132, 2104, 2705, 2695, 2740, 2719, 2699, 2053, 2037, 2046, 2069, 2058, 2035, 2007, 2020, 2064, 2032, 2733, 2719], "decoding": [1341, 1432, 1353, 1446, 1325, 1164, 1147, 1156, 1147, 1143, 1146, 1150, 1152, 1149, 1151, 1143, 1147, 1156, 1149, 1151, 1153, 1157, 1439, 1416, 1412, 1425, 1464, 1434, 1465, 1440, 1433, 1410, 1383, 1439, 1426, 1380, 1377, 1441, 1444, 1443, 1441, 1427, 1427, 1430, 1461, 1427, 1438, 1427, 1399, 1384, 1425, 1441, 1444, 1442, 1439, 1415, 1424, 1429, 1412, 1420, 1452, 1368, 1442, 1438, 1437, 1412, 1433, 1429, 1407, 1434, 1430, 1414, 1460, 1426, 1438, 1446, 1439, 1440, 1452, 1435, 1418, 1418, 1440, 1429, 1430, 1427, 1380, 1444, 1452, 1395, 1383, 1432, 1435, 1396, 1369, 1448, 1423, 1391, 1429, 1433], "forwarding_mean": 1191.0799999999999, "forwarding": [1234, 1220, 1220, 1206, 1180, 1020, 1004, 1007, 1010, 1010, 1001, 1005, 1044, 1009, 1018, 1020, 1011, 1026, 1012, 1010, 1018, 1013, 1231, 1220, 1230, 1228, 1237, 1234, 1228, 1217, 1241, 1242, 1237, 1224, 1231, 1244, 1233, 1225, 1228, 1236, 1229, 1218, 1202, 1203, 1229, 1236, 1229, 1234, 1247, 1226, 1235, 1239, 1223, 1236, 1249, 1237, 1220, 1252, 1252, 1221, 1224, 1234, 1227, 1216, 1201, 1230, 1242, 1233, 1225, 1242, 1187, 1244, 1227, 1226, 1226, 1236, 1222, 1217, 1290, 1288, 1226, 1240, 1242, 1290, 1189, 1185, 1183, 1200, 1184, 1222, 1244, 1188, 1173, 1232, 1234, 1232, 1227, 1227, 1230, 1242], "decoding_mean": 1376.8499999999999, "coding_sd": 365.41382718775162}}