{"A": {"coding_mean": 1919.3, "decoding_sd": 282.46127716910149, "forwarding_sd": 102.211838844627, "coding": [1705, 1698, 2776, 1858, 2912, 1820, 1664, 2553, 1659, 2429, 1658, 2672, 1660, 1647, 1693, 1910, 1686, 1934, 1946, 1948, 1955, 1961, 1926, 1940, 1958, 1980, 1925, 1943, 1947, 1957, 1991, 1932, 1950, 1923, 1908, 1920, 1929, 1961, 1660, 1662, 1660, 1678, 1960, 1958, 2008, 1933, 1939, 1959, 1900, 1919, 1891, 1889, 1835, 1883, 1957, 1956, 1907, 1900, 1900, 1938, 1883, 1919, 1902, 1918, 1932, 1939, 1938, 1897, 1930, 1909, 1905, 1668, 1657, 1645, 1672, 1943, 1865, 1960, 1929, 1972, 1888, 1898, 1849, 1915, 1988, 1964, 1906, 1947, 1937, 1921, 1903, 1909, 1918, 1937, 1891, 1898, 1942, 1929, 1951, 1930], "decoding": [1150, 3371, 3479, 3569, 3478, 3506, 3202, 3157, 3218, 3157, 3210, 3259, 3147, 3227, 3197, 3103, 3142, 3126, 3493, 3520, 3500, 3521, 3624, 3441, 3480, 3512, 3538, 3531, 3530, 3486, 3614, 3493, 3494, 3508, 3487, 3443, 3595, 3507, 3481, 3236, 3115, 3094, 3526, 3726, 3501, 3500, 3509, 3474, 3495, 3609, 3450, 3503, 3477, 3672, 3458, 3523, 3596, 3700, 3710, 3517, 3678, 3773, 3873, 3543, 3520, 3520, 3539, 3540, 3521, 3501, 3482, 3468, 3197, 3166, 3123, 3488, 3485, 3506, 3482, 3537, 3546, 3837, 3479, 3504, 3599, 3497, 3507, 3576, 3585, 3600, 3516, 3583, 3603, 3516, 3484, 3604, 3552, 3535, 3536, 3575], "forwarding_mean": 1077.2, "forwarding": [1161, 1141, 1191, 1075, 1105, 1058, 975, 993, 967, 959, 932, 929, 1026, 971, 934, 1042, 948, 1091, 1102, 1107, 1094, 1084, 1083, 1103, 1097, 1107, 1090, 1095, 1093, 1082, 1082, 1091, 1078, 1086, 1082, 1165, 1095, 1090, 1092, 948, 915, 967, 1038, 1042, 1064, 1056, 1044, 1050, 1065, 1065, 1059, 1057, 1152, 1575, 1088, 1086, 1045, 1037, 1044, 1147, 1079, 1070, 1096, 1087, 1096, 1092, 1100, 1093, 1095, 1086, 1560, 965, 948, 1093, 947, 1101, 1114, 1087, 1089, 1041, 1060, 1065, 1570, 1044, 1047, 1043, 1050, 1048, 1041, 1065, 1057, 1056, 1057, 1038, 1144, 1093, 1103, 1091, 1091, 1078], "decoding_mean": 3450.6300000000001, "coding_sd": 202.73270579755996}, "B": {"coding_mean": 1919.02, "decoding_sd": 74.209713649898973, "forwarding_sd": 52.945326517077973, "coding": [2027, 2348, 2120, 2138, 2075, 1858, 1905, 1997, 1963, 1882, 1839, 1846, 1729, 1719, 1915, 1776, 1941, 1920, 1919, 1897, 1918, 1924, 1912, 1899, 1920, 1904, 1919, 1899, 1892, 1895, 1908, 1893, 1911, 1899, 2074, 1901, 1891, 1879, 1724, 1721, 1724, 1867, 1904, 1928, 1900, 1909, 1893, 1889, 1931, 1882, 1914, 1935, 2434, 1910, 1917, 1902, 1910, 1897, 1903, 1892, 1908, 1893, 1903, 1887, 1913, 1899, 1919, 1892, 1939, 2424, 1713, 1679, 1721, 1722, 1903, 1899, 1912, 1921, 1928, 1949, 1949, 2449, 1905, 1894, 1936, 1903, 1898, 1899, 1930, 1891, 1891, 1909, 1948, 2034, 1901, 1901, 1911, 1903, 1890, 1898], "decoding": [1200, 1228, 1182, 1181, 1205, 1089, 1053, 1089, 1085, 1087, 1107, 1053, 1085, 1089, 1004, 1013, 1013, 1185, 1229, 1209, 1230, 1375, 1192, 1228, 1210, 1219, 1233, 1224, 1229, 1230, 1183, 1177, 1193, 1183, 1187, 1217, 1173, 1194, 1095, 1010, 1010, 1122, 1174, 1199, 1194, 1187, 1186, 1175, 1183, 1178, 1195, 1192, 1193, 1178, 1217, 1214, 1222, 1236, 1235, 1328, 1387, 1320, 1222, 1226, 1229, 1230, 1214, 1216, 1188, 1189, 1196, 1078, 1039, 1012, 1187, 1254, 1192, 1180, 1184, 1238, 1345, 1223, 1234, 1293, 1179, 1191, 1218, 1230, 1232, 1208, 1210, 1237, 1208, 1222, 1220, 1227, 1232, 1230, 1232, 1234], "forwarding_mean": 1073.1800000000001, "forwarding": [1107, 1110, 1096, 1088, 1052, 972, 973, 970, 974, 976, 893, 877, 981, 972, 981, 990, 1017, 1092, 1100, 1099, 1083, 1087, 1089, 1095, 1092, 1088, 1099, 1109, 1088, 1114, 1096, 1103, 1084, 1080, 1066, 1092, 1094, 1052, 986, 988, 989, 1168, 1060, 1097, 1099, 1094, 1100, 1096, 1111, 1097, 1090, 1208, 1104, 1095, 1090, 1096, 1088, 1086, 1087, 1090, 1102, 1096, 1089, 1096, 1101, 1098, 1103, 1088, 1091, 1111, 1067, 971, 976, 980, 1094, 1098, 1100, 1102, 1093, 1107, 1107, 1094, 1101, 1100, 1066, 1099, 1095, 1089, 1100, 1090, 1091, 1099, 1090, 1100, 1093, 1095, 1095, 1117, 1093, 1091], "decoding_mean": 1187.72, "coding_sd": 126.14015855388799}}