{"A": {"coding_mean": 1904.73, "decoding_sd": 292.23234865428572, "forwarding_sd": 78.025139538484638, "coding": [1831, 1834, 1701, 1867, 2025, 2250, 1791, 1940, 1925, 1860, 1902, 1901, 1853, 1909, 1901, 1887, 1876, 2090, 1942, 2112, 1975, 1859, 1951, 1888, 1899, 1899, 1831, 1910, 1891, 1921, 1958, 1938, 1930, 1937, 1914, 1860, 1887, 1884, 1876, 1937, 1901, 2018, 1899, 2088, 1886, 2014, 2182, 1908, 1907, 2428, 1926, 1895, 1893, 1910, 2000, 1965, 1888, 1935, 2014, 1918, 1922, 1885, 1903, 1908, 2001, 1914, 1903, 1901, 1923, 1982, 1984, 1931, 1936, 1926, 1886, 1950, 1935, 1928, 1912, 1904, 1930, 2119, 1934, 1998, 1907, 1901, 1908, 1890, 1923, 1902, 1659, 1607, 1614, 1609, 1655, 1632, 1647, 1709, 1639, 1639], "decoding": [1277, 3531, 3119, 3603, 3574, 3641, 3197, 3658, 3739, 3669, 3610, 3629, 3688, 3684, 3615, 3660, 3646, 3648, 3668, 3607, 3618, 3689, 3650, 3570, 3540, 3557, 3650, 3669, 3666, 3627, 3591, 3690, 3761, 3753, 3592, 3728, 3572, 3588, 3578, 3684, 3626, 3717, 3658, 3622, 3537, 3615, 3547, 3576, 3591, 3554, 3526, 3569, 3600, 3622, 3571, 3581, 3628, 3633, 3666, 3712, 3739, 3571, 3688, 3579, 3681, 3722, 3623, 3680, 3663, 3659, 3625, 3641, 3654, 3657, 3666, 3754, 3658, 3454, 3693, 3696, 3659, 3604, 3570, 3534, 3575, 3606, 3598, 3593, 3676, 3647, 3127, 3112, 3100, 3117, 3061, 3075, 3060, 3040, 3077, 3067], "forwarding_mean": 1088.76, "forwarding": [1150, 1056, 976, 1069, 1072, 1078, 1059, 1070, 1126, 1072, 1071, 1054, 1264, 1127, 1649, 1028, 1029, 1030, 1076, 1066, 1117, 1126, 1076, 1070, 1062, 1078, 1113, 1059, 1034, 1082, 1084, 1057, 1028, 1071, 1057, 1100, 1066, 1099, 1070, 1108, 1083, 1085, 1106, 1096, 1079, 1097, 1079, 1102, 1150, 1132, 1017, 1069, 1078, 1082, 1069, 1072, 1119, 1109, 1105, 1112, 1105, 1117, 1112, 1076, 1090, 1076, 1072, 1072, 1086, 1064, 1076, 1121, 1130, 1117, 1119, 1140, 1125, 1125, 1215, 1115, 1273, 1114, 1122, 1082, 1119, 1118, 1116, 1085, 1118, 1074, 972, 909, 904, 912, 969, 1066, 1060, 1068, 1070, 1052], "decoding_mean": 3543.8800000000001, "coding_sd": 123.98498739766843}, "B": {"coding_mean": 1938.04, "decoding_sd": 73.94205501607324, "forwarding_sd": 70.127440420993551, "coding": [1931, 1839, 1943, 1935, 2456, 1639, 1937, 1961, 1904, 1930, 1952, 1877, 1957, 2048, 1953, 1946, 1954, 1948, 1972, 1933, 1958, 1946, 1923, 2101, 1942, 1958, 1973, 1943, 1951, 1947, 1954, 1940, 1990, 1983, 1962, 1958, 1940, 1963, 1953, 1970, 1966, 1942, 1950, 1947, 1943, 1952, 2078, 1977, 1992, 1952, 1965, 2066, 1956, 2077, 1949, 1961, 1934, 1910, 1944, 2069, 1959, 1950, 1945, 1980, 2123, 1987, 1975, 1949, 1972, 1948, 1969, 1969, 1956, 1974, 1978, 1964, 1978, 1931, 1986, 2004, 1962, 1974, 1959, 1964, 1961, 1960, 1948, 1949, 1889, 1735, 1708, 1795, 1721, 1691, 1728, 1731, 1732, 1733, 1728, 1639], "decoding": [1259, 1115, 1350, 1278, 1307, 1104, 1332, 1346, 1330, 1278, 1309, 1310, 1285, 1278, 1278, 1314, 1286, 1285, 1288, 1278, 1332, 1299, 1299, 1288, 1284, 1311, 1290, 1294, 1280, 1284, 1289, 1328, 1293, 1290, 1305, 1294, 1287, 1269, 1299, 1294, 1354, 1301, 1287, 1293, 1289, 1282, 1280, 1290, 1286, 1283, 1291, 1279, 1307, 1289, 1279, 1287, 1286, 1284, 1294, 1287, 1287, 1279, 1276, 1298, 1250, 1319, 1298, 1296, 1302, 1312, 1292, 1286, 1290, 1306, 1303, 1328, 1284, 1281, 1310, 1288, 1289, 1293, 1313, 1292, 1305, 1286, 1303, 1331, 1262, 1100, 1070, 1072, 1082, 1086, 1075, 1078, 1075, 1065, 1067, 1079], "forwarding_mean": 1113.6099999999999, "forwarding": [1019, 983, 1128, 1154, 1137, 980, 1148, 1113, 1134, 1139, 1265, 1159, 1147, 1140, 1027, 1080, 1096, 1100, 1152, 1132, 1126, 1142, 1148, 1137, 1142, 1146, 1105, 1092, 1090, 1104, 1094, 1092, 1056, 1094, 1143, 1169, 1149, 1157, 1131, 1144, 1148, 1148, 1142, 1150, 1136, 1140, 1132, 1137, 1144, 1107, 1139, 1139, 1147, 1152, 1144, 1139, 1141, 1137, 1137, 1159, 1154, 1136, 1134, 1150, 1274, 1147, 1147, 1156, 1142, 1139, 1164, 1147, 1137, 1147, 1167, 1150, 1151, 1156, 1154, 1164, 1153, 1156, 1144, 1147, 1150, 1153, 1137, 1147, 1110, 958, 909, 908, 923, 947, 1019, 960, 948, 953, 957, 954], "decoding_mean": 1267.55, "coding_sd": 104.66861229614157}}