{"A": {"coding_mean": 2130.2600000000002, "decoding_sd": 367.84055934602969, "forwarding_sd": 303.99817285635123, "coding": [2028, 1985, 1886, 1907, 1903, 1889, 1904, 2669, 1939, 1895, 1918, 2653, 1866, 1875, 2669, 1856, 1898, 1904, 1882, 1867, 1898, 1899, 1897, 1884, 1883, 2133, 1850, 2171, 2207, 2154, 2153, 2188, 2189, 2201, 2151, 2190, 2186, 2205, 2170, 2178, 2134, 2119, 2152, 2149, 2142, 2168, 2160, 2153, 2134, 2351, 1930, 1821, 1827, 1835, 1820, 1817, 1805, 1815, 1817, 1847, 1843, 1847, 1839, 1843, 1844, 1851, 1885, 2188, 2167, 2150, 2129, 2156, 2157, 2155, 2149, 2162, 2139, 2146, 2151, 2144, 2174, 2125, 2124, 2149, 2156, 2123, 2103, 2190, 2193, 3052, 3224, 3155, 3023, 3002, 3280, 3186, 2156, 2136, 2186, 2168], "decoding": [1469, 4120, 4028, 3664, 3779, 3798, 3754, 3846, 3750, 3765, 3647, 3665, 3710, 3655, 3663, 3661, 3714, 3794, 3681, 3664, 3642, 3747, 3677, 3670, 3685, 3684, 3508, 4090, 4206, 4079, 4143, 4106, 4180, 4298, 4084, 4193, 4294, 4195, 4084, 4141, 4099, 4147, 4037, 4155, 4121, 4205, 4085, 4157, 4077, 4132, 3727, 3527, 3467, 3443, 3415, 3431, 3440, 3427, 3434, 3461, 3444, 3440, 3467, 3449, 3453, 3445, 3463, 4203, 4077, 4092, 4151, 4062, 4185, 4126, 4101, 4172, 4083, 4138, 4108, 4106, 4185, 4164, 4046, 4100, 4146, 4092, 4176, 4104, 4180, 4139, 4082, 4110, 4083, 4127, 4199, 4110, 4184, 4095, 4192, 4078], "forwarding_mean": 1480.53, "forwarding": [1593, 1368, 1337, 1183, 1185, 1197, 1197, 1196, 1237, 1189, 1196, 1195, 1184, 1237, 1183, 1669, 1184, 1193, 1664, 1696, 1659, 1659, 1673, 1662, 1669, 1693, 1649, 1957, 1934, 1912, 1928, 1999, 1961, 1898, 1325, 1367, 1334, 1361, 1341, 1351, 1390, 1375, 1378, 1399, 1407, 1370, 1384, 1373, 1379, 1475, 1314, 1186, 1153, 1124, 1247, 1117, 1131, 1104, 1096, 1108, 1109, 1158, 1162, 1148, 1155, 1112, 1149, 1318, 1375, 1370, 1363, 1951, 1913, 1941, 1987, 1961, 1928, 1979, 2008, 1983, 1916, 1957, 2019, 1961, 1911, 1999, 1356, 1966, 1920, 1345, 1382, 1391, 1375, 1364, 1363, 1385, 1362, 1371, 1343, 1372], "decoding_mean": 3888.77, "coding_sd": 327.85983651554517}, "B": {"coding_mean": 2314.6599999999999, "decoding_sd": 127.50379562977723, "forwarding_sd": 102.03022836395105, "coding": [2082, 2127, 1888, 1888, 1903, 1970, 1982, 1875, 1892, 1920, 1873, 1872, 1994, 1874, 2543, 1854, 1954, 2539, 2439, 2433, 2525, 2543, 2546, 2539, 2476, 2424, 2856, 2943, 2880, 2892, 2894, 2958, 2937, 2190, 2217, 2213, 2212, 2193, 2204, 2249, 2201, 2219, 2198, 2200, 2201, 2185, 2201, 2210, 3110, 1955, 1893, 1873, 1879, 1879, 1886, 1901, 1901, 1913, 1914, 1930, 1908, 1903, 1915, 1884, 1928, 1899, 2200, 2208, 2214, 2217, 2880, 2919, 2868, 2871, 2878, 2880, 2857, 2948, 2862, 2895, 2877, 2841, 2889, 2890, 2870, 2254, 2869, 2865, 2205, 2212, 2213, 2206, 2164, 2226, 2193, 2230, 2209, 2210, 2184, 2283], "decoding": [1421, 1457, 1313, 1305, 1314, 1314, 1394, 1388, 1311, 1311, 1321, 1319, 1309, 1314, 1309, 1275, 1310, 1317, 1310, 1312, 1401, 1313, 1319, 1321, 1316, 1261, 1546, 1547, 1525, 1532, 1548, 1548, 1539, 1548, 1539, 1654, 1536, 1527, 1532, 1533, 1520, 1509, 1543, 1538, 1574, 1555, 1555, 1522, 1572, 1336, 1274, 1242, 1240, 1239, 1241, 1247, 1249, 1260, 1235, 1242, 1242, 1245, 1246, 1245, 1241, 1245, 1563, 1527, 1544, 1545, 1514, 1554, 1543, 1540, 1540, 1534, 1533, 1557, 1555, 1555, 1567, 1527, 1541, 1561, 1536, 1549, 1545, 1557, 1534, 1544, 1555, 1550, 1541, 1534, 1527, 1547, 1550, 1535, 1540, 1529], "forwarding_mean": 1267.1500000000001, "forwarding": [1379, 1307, 1177, 1181, 1181, 1174, 1182, 1198, 1180, 1174, 1186, 1186, 1180, 1184, 1173, 1194, 1185, 1180, 1132, 1184, 1178, 1174, 1147, 1194, 1189, 1135, 1346, 1331, 1353, 1351, 1344, 1334, 1353, 1350, 1342, 1345, 1345, 1351, 1351, 1331, 1349, 1338, 1336, 1347, 1321, 1340, 1351, 1341, 1368, 1207, 1160, 1106, 1102, 1105, 1103, 1099, 1106, 1110, 1112, 1103, 1107, 1119, 1109, 1111, 1137, 1114, 1352, 1335, 1341, 1341, 1329, 1354, 1363, 1354, 1333, 1346, 1329, 1353, 1342, 1352, 1357, 1341, 1332, 1342, 1322, 1331, 1333, 1361, 1328, 1332, 1329, 1340, 1604, 1341, 1343, 1339, 1333, 1355, 1358, 1308], "decoding_mean": 1438.3900000000001, "coding_sd": 381.80456309478541}}