{"A": {"coding_mean": 2176.3000000000002, "decoding_sd": 103.47014062037414, "forwarding_sd": 101.35990134170416, "coding": [1755, 2098, 2126, 2028, 2054, 2004, 2030, 2003, 2029, 2005, 2032, 2002, 2028, 2010, 2036, 2067, 2087, 2021, 2044, 2113, 2134, 2153, 2176, 2284, 2311, 2288, 2314, 2291, 2316, 2316, 2341, 2279, 2305, 2302, 2329, 2350, 2377, 2333, 2362, 2349, 2378, 2336, 2365, 2325, 2352, 2360, 2389, 2386, 2414, 2331, 2359, 2327, 2355, 2312, 2347, 2333, 2361, 2347, 2375, 2330, 2359, 2349, 2378, 2340, 2368, 2315, 2342, 2040, 2069, 2039, 2061, 2024, 2046, 2027, 2049, 2027, 2049, 2045, 2066, 2032, 2053, 2037, 2060, 2033, 2055, 2015, 2036, 2023, 2045, 2033, 2054, 2005, 2026, 2027, 2049, 2030, 2053, 2024, 2045, 2338], "decoding": [1291, 1124, 1124, 983, 983, 968, 968, 954, 954, 965, 965, 959, 959, 968, 968, 967, 967, 942, 942, 971, 971, 987, 987, 1161, 1161, 1173, 1173, 1158, 1158, 1165, 1165, 1162, 1162, 1171, 1171, 1173, 1173, 1171, 1171, 1175, 1175, 1177, 1177, 1180, 1180, 1164, 1164, 1213, 1213, 1178, 1178, 1121, 1121, 1166, 1166, 1160, 1160, 1165, 1165, 1191, 1191, 1175, 1175, 1165, 1165, 1176, 1176, 976, 976, 965, 965, 961, 961, 977, 977, 968, 968, 972, 972, 962, 962, 962, 962, 975, 975, 969, 969, 964, 964, 964, 964, 969, 969, 973, 973, 960, 960, 958, 958, 1173], "forwarding_mean": 1045.52, "forwarding": [1202, 1034, 1034, 957, 957, 948, 948, 939, 939, 943, 943, 942, 942, 951, 951, 942, 942, 961, 961, 966, 966, 958, 958, 1146, 1146, 1142, 1142, 1139, 1139, 1148, 1148, 1162, 1162, 1154, 1154, 1150, 1150, 1136, 1136, 1169, 1169, 1152, 1152, 1141, 1141, 1153, 1153, 1159, 1159, 1166, 1166, 1162, 1162, 1146, 1146, 1158, 1158, 1156, 1156, 1167, 1167, 1158, 1158, 1146, 1146, 1157, 1157, 985, 985, 939, 939, 940, 940, 949, 949, 945, 945, 940, 940, 952, 952, 951, 951, 944, 944, 941, 941, 957, 957, 955, 955, 948, 948, 943, 943, 948, 948, 956, 956, 1148], "decoding_mean": 1064.7, "coding_sd": 154.8250948651413}, "B": {"coding_mean": 2198.48, "decoding_sd": 112.44355739658897, "forwarding_sd": 83.30180310173364, "coding": [3010, 3039, 2038, 2063, 1970, 1995, 1967, 1991, 1972, 1997, 1968, 1993, 1960, 1985, 1982, 2008, 2026, 2047, 2022, 2042, 2063, 2085, 2060, 2085, 2346, 2375, 2358, 2387, 2333, 2361, 2357, 2386, 2337, 2365, 2358, 2390, 2344, 2384, 2354, 2383, 2344, 2373, 2428, 2456, 2368, 2394, 2351, 2379, 2344, 2383, 2361, 2389, 2362, 2390, 2357, 2385, 2369, 2397, 2348, 2375, 2345, 2373, 2337, 2365, 2321, 2349, 2297, 2322, 2041, 2062, 2039, 2060, 2030, 2050, 2025, 2047, 2041, 2063, 2042, 2064, 2039, 2061, 2032, 2053, 2029, 2050, 2000, 2022, 2017, 2039, 2014, 2036, 2026, 2048, 2023, 2045, 2032, 2054, 2096, 2120], "decoding": [1281, 1281, 1099, 1099, 1077, 1077, 1063, 1063, 1072, 1072, 1062, 1062, 1070, 1070, 1079, 1079, 1098, 1098, 1084, 1084, 1085, 1085, 1197, 1197, 1271, 1271, 1326, 1326, 1323, 1323, 1280, 1280, 1283, 1283, 1334, 1334, 1287, 1287, 1290, 1290, 1306, 1306, 1334, 1334, 1329, 1329, 1297, 1297, 1293, 1293, 1294, 1294, 1243, 1243, 1295, 1295, 1298, 1298, 1297, 1297, 1289, 1289, 1325, 1325, 1362, 1362, 1218, 1218, 1082, 1082, 1063, 1063, 1064, 1064, 1071, 1071, 1065, 1065, 1070, 1070, 1065, 1065, 1073, 1073, 1073, 1073, 1075, 1075, 1070, 1070, 1079, 1079, 1076, 1076, 1073, 1073, 1073, 1073, 1083, 1083], "forwarding_mean": 1040.6400000000001, "forwarding": [1135, 1135, 973, 973, 958, 958, 1002, 1002, 946, 946, 941, 941, 936, 936, 960, 960, 971, 971, 993, 993, 990, 990, 1057, 1057, 1144, 1144, 1164, 1164, 1141, 1141, 1143, 1143, 1149, 1149, 1117, 1117, 1131, 1131, 1110, 1110, 1130, 1130, 1106, 1106, 1105, 1105, 1125, 1125, 1123, 1123, 1127, 1127, 1137, 1137, 1129, 1129, 1121, 1121, 1102, 1102, 1128, 1128, 1113, 1113, 1132, 1132, 1100, 1100, 964, 964, 949, 949, 950, 950, 948, 948, 947, 947, 969, 969, 965, 965, 953, 953, 941, 941, 956, 956, 968, 968, 962, 962, 947, 947, 956, 956, 949, 949, 1069, 1069], "decoding_mean": 1179.9200000000001, "coding_sd": 204.6008054725103}}