{"A": {"coding_mean": 2198.8400000000001, "decoding_sd": 276.90357960849843, "forwarding_sd": 43.915031595115586, "coding": [1776, 1773, 1942, 2221, 1642, 2173, 2159, 2282, 2369, 1898, 1861, 2211, 1926, 2319, 2201, 1790, 2530, 2719, 2243, 2376, 2393, 1886, 1911, 2177, 2344, 2222, 1876, 2055, 1790, 2400, 2234, 2126, 2085, 2239, 1826, 2366, 2193, 2143, 2105, 2015, 2124, 2367, 2263, 2132, 2450, 2292, 2293, 2265, 2155, 2252, 1995, 2237, 2144, 2073, 2236, 2160, 2133, 2141, 2179, 2127, 2147, 2327, 2085, 2222, 2091, 2113, 2141, 2504, 2532, 2383, 2401, 2171, 2609, 2063, 2251, 2350, 2333, 2252, 2211, 2293, 2337, 2269, 2452, 2251, 2163, 1864, 2144, 2213, 2343, 2385, 2242, 2274, 2483, 2330, 2346, 2338, 2301, 2221, 2248, 2386], "decoding": [1195, 3584, 3194, 3221, 3192, 3493, 3051, 3492, 3151, 3657, 3529, 3483, 3535, 3430, 3480, 3179, 3096, 3179, 3033, 3127, 3107, 3710, 3418, 3428, 3460, 3160, 3498, 3536, 3641, 3506, 3489, 3504, 3469, 3510, 3500, 3582, 3338, 3562, 3562, 3569, 3563, 3557, 3594, 3531, 3491, 3498, 3495, 3469, 3247, 3486, 3537, 3510, 3551, 3462, 3475, 3436, 3427, 3424, 3415, 3487, 3417, 3507, 3574, 3230, 3402, 3338, 3424, 3103, 3179, 3236, 3136, 3554, 3043, 3595, 3229, 3336, 3065, 3430, 3442, 3378, 3140, 2956, 3125, 3401, 3414, 3448, 3521, 3494, 3232, 3190, 3276, 3440, 3229, 3114, 3412, 3287, 3101, 3480, 3407, 3236], "forwarding_mean": 1104.7, "forwarding": [1200, 1115, 1035, 1072, 1066, 1113, 1058, 1124, 1024, 1071, 1050, 1127, 1115, 1119, 1111, 982, 978, 927, 986, 999, 1026, 1072, 1121, 1122, 1118, 1103, 1146, 1100, 1082, 1116, 1124, 1115, 1156, 1124, 1152, 1086, 1112, 1089, 1074, 1086, 1058, 1086, 1047, 1091, 1127, 1137, 1139, 1094, 1162, 1125, 1180, 1114, 1120, 1131, 1130, 1123, 1121, 1139, 1145, 1130, 1136, 1127, 1080, 1097, 1126, 1104, 1102, 1074, 1084, 1112, 1103, 1083, 1079, 1109, 1128, 1107, 1118, 1100, 1097, 1132, 1150, 1081, 1075, 1137, 1142, 1117, 1141, 1124, 1113, 1113, 1150, 1118, 1158, 1156, 1122, 1092, 1167, 1122, 1174, 1125], "decoding_mean": 3360.2600000000002, "coding_sd": 192.37129307669582}, "B": {"coding_mean": 1923.6500000000001, "decoding_sd": 92.60033693243237, "forwarding_sd": 51.210033196630526, "coding": [1809, 1704, 1810, 1777, 2149, 1760, 1910, 1973, 1922, 1842, 1887, 1901, 1892, 1911, 1739, 2003, 1924, 2003, 2061, 2048, 1887, 1893, 1898, 1875, 1936, 1905, 1880, 1900, 1898, 1895, 1901, 1891, 1938, 1888, 1924, 1969, 1894, 1913, 1910, 1920, 1897, 1931, 1906, 1906, 1878, 1915, 1898, 1965, 1891, 1893, 1923, 1887, 1895, 1897, 1897, 1896, 1927, 1934, 1981, 1906, 1959, 1902, 2004, 1888, 1942, 1903, 2015, 2016, 1976, 2048, 1904, 2015, 1893, 1919, 1868, 1894, 1911, 1875, 1907, 1867, 1935, 1953, 1834, 1855, 1832, 1854, 1863, 1932, 1880, 1883, 1898, 1968, 1961, 1880, 1892, 1988, 1900, 1900, 2099, 2989], "decoding": [1257, 1164, 1064, 1022, 1197, 1055, 1259, 1075, 1288, 1207, 1253, 1210, 1202, 1256, 1071, 1068, 1069, 1073, 1032, 1028, 1323, 1188, 1190, 1260, 1071, 1249, 1200, 1199, 1192, 1252, 1259, 1229, 1254, 1245, 1251, 1084, 1248, 1259, 1250, 1259, 1251, 1249, 1204, 1260, 1248, 1246, 1211, 1038, 1242, 1355, 1251, 1243, 1253, 1250, 1207, 1205, 1191, 1200, 1263, 1200, 1273, 1255, 1068, 1128, 1080, 1204, 1037, 1080, 1070, 1061, 1259, 1023, 1252, 1068, 1201, 1066, 1244, 1224, 1208, 1033, 1006, 1005, 1195, 1202, 1211, 1261, 1246, 1023, 1027, 1062, 1209, 1053, 1014, 1203, 1157, 990, 1247, 1145, 1041, 1014], "forwarding_mean": 1116.05, "forwarding": [1130, 1046, 1036, 1038, 1078, 1035, 1129, 1025, 1084, 1075, 1119, 1116, 1123, 1145, 865, 1047, 1395, 965, 1036, 980, 1080, 1098, 1132, 1142, 1132, 1136, 1115, 1127, 1120, 1094, 1116, 1121, 1115, 1126, 1123, 1119, 1133, 1123, 1113, 1119, 1128, 1117, 1137, 1131, 1126, 1117, 1121, 1137, 1139, 1125, 1134, 1100, 1133, 1149, 1130, 1135, 1117, 1136, 1115, 1124, 1117, 1122, 1133, 1122, 1133, 1115, 1125, 1178, 1065, 1127, 1128, 1139, 1122, 1152, 1135, 1134, 1122, 1135, 1122, 1138, 1124, 1134, 1139, 1124, 1118, 1112, 1139, 1119, 1125, 1127, 1197, 1135, 1139, 1143, 1131, 1111, 1126, 1128, 1134, 1134], "decoding_mean": 1170.24, "coding_sd": 125.5354432023084}}