{"A": {"coding_mean": 2490.9099999999999, "decoding_sd": 307.371253535525, "forwarding_sd": 26.783687199487677, "coding": [2046, 2097, 2466, 2947, 2133, 2585, 2536, 2512, 2473, 2544, 2800, 2529, 2387, 2252, 2737, 2781, 2685, 2258, 2272, 2565, 2257, 2407, 2369, 2592, 2567, 2461, 2523, 2605, 2877, 2491, 2733, 2392, 2583, 2675, 2587, 2583, 2683, 2422, 2586, 2537, 2464, 2406, 2438, 2328, 2576, 2440, 2703, 2419, 2566, 2621, 2518, 2508, 2460, 2433, 2426, 2410, 2449, 2698, 2605, 2273, 2430, 2677, 2453, 2250, 2520, 2611, 2532, 2728, 2753, 2501, 2595, 2413, 2469, 2662, 2312, 2242, 2496, 2248, 2347, 2266, 2305, 2515, 2625, 1864, 2492, 2383, 2587, 2383, 2483, 2519, 2537, 2539, 2553, 2380, 2950, 2309, 2387, 2629, 2384, 2486], "decoding": [1450, 3755, 3979, 4064, 3524, 4071, 4162, 4118, 4082, 3978, 4063, 3501, 4000, 3597, 4005, 4020, 4000, 3478, 3515, 4080, 3478, 4133, 4093, 3980, 4060, 4108, 4077, 4149, 4143, 4065, 3984, 4137, 4079, 4073, 4070, 3974, 4003, 3953, 3964, 4055, 3980, 4019, 4002, 4037, 3983, 3975, 4001, 4004, 4012, 3937, 3601, 4030, 3953, 3951, 4021, 4253, 3574, 4000, 4017, 3954, 3981, 3987, 3456, 3983, 3996, 3998, 4021, 3990, 3960, 3961, 4105, 4042, 3560, 3469, 3976, 4024, 4019, 4093, 3969, 4082, 4056, 4071, 4131, 3583, 3992, 3754, 3963, 4008, 4148, 4092, 4092, 4084, 4084, 4055, 4127, 4021, 4083, 4010, 4070, 4005], "forwarding_mean": 1288.71, "forwarding": [1273, 1358, 1289, 1290, 1211, 1298, 1283, 1286, 1292, 1307, 1306, 1235, 1299, 1240, 1296, 1291, 1299, 1212, 1203, 1295, 1200, 1283, 1283, 1303, 1293, 1281, 1277, 1302, 1291, 1282, 1286, 1287, 1286, 1295, 1279, 1304, 1314, 1297, 1300, 1293, 1288, 1289, 1290, 1309, 1280, 1308, 1297, 1288, 1282, 1290, 1333, 1300, 1291, 1296, 1307, 1306, 1268, 1290, 1298, 1324, 1307, 1282, 1198, 1294, 1301, 1276, 1301, 1298, 1300, 1302, 1298, 1299, 1256, 1273, 1298, 1292, 1319, 1290, 1283, 1301, 1296, 1277, 1288, 1373, 1305, 1225, 1302, 1294, 1278, 1275, 1287, 1296, 1281, 1306, 1290, 1296, 1305, 1304, 1309, 1283], "decoding_mean": 3944.25, "coding_sd": 177.0368941774567}, "B": {"coding_mean": 2112.9299999999998, "decoding_sd": 91.674498089708663, "forwarding_sd": 69.905364601008984, "coding": [2061, 2091, 2360, 1839, 2092, 2103, 2190, 2112, 2111, 2235, 2056, 2099, 1997, 2113, 2254, 2241, 1850, 1868, 2112, 1873, 2228, 2126, 2105, 2121, 2263, 2219, 2123, 2111, 2102, 2101, 2109, 2209, 2106, 2103, 2119, 2088, 2105, 2144, 2133, 2120, 2125, 2105, 2120, 2123, 2095, 2107, 2056, 2114, 2111, 2167, 2184, 2114, 2097, 2120, 2105, 1987, 2097, 2194, 2090, 2194, 2200, 2226, 2122, 2187, 2187, 2177, 2185, 2100, 2106, 2100, 2114, 2136, 2088, 2096, 2121, 2165, 2100, 2107, 2098, 2105, 2135, 2109, 1725, 2097, 2010, 2103, 2115, 2117, 2092, 2100, 2094, 2099, 2086, 2303, 2163, 2117, 2107, 2104, 2120, 2080], "decoding": [1304, 1494, 1503, 1252, 1442, 1520, 1543, 1493, 1462, 1477, 1262, 1508, 1255, 1511, 1533, 1502, 1251, 1253, 1499, 1249, 1488, 1533, 1500, 1467, 1531, 1512, 1534, 1488, 1473, 1481, 1504, 1511, 1507, 1503, 1489, 1500, 1515, 1503, 1523, 1499, 1507, 1451, 1505, 1489, 1490, 1498, 1495, 1529, 1518, 1319, 1510, 1452, 1456, 1512, 1627, 1205, 1504, 1522, 1510, 1514, 1528, 1214, 1505, 1496, 1500, 1508, 1477, 1461, 1467, 1448, 1464, 1210, 1212, 1471, 1447, 1518, 1508, 1495, 1499, 1486, 1493, 1514, 1259, 1510, 1253, 1472, 1455, 1494, 1508, 1512, 1515, 1514, 1504, 1615, 1517, 1517, 1505, 1458, 1486, 1490], "forwarding_mean": 1322.8, "forwarding": [1249, 1351, 1327, 1178, 1329, 1327, 1343, 1324, 1338, 1441, 1095, 1360, 1228, 1371, 1455, 1327, 1109, 1107, 1362, 1102, 1248, 1341, 1339, 1302, 1336, 1345, 1477, 1454, 1322, 1340, 1352, 1351, 1355, 1345, 1354, 1336, 1326, 1330, 1350, 1349, 1303, 1321, 1347, 1340, 1336, 1353, 1348, 1357, 1338, 1347, 1345, 1338, 1334, 1340, 1336, 1171, 1346, 1327, 1307, 1361, 1343, 1169, 1311, 1343, 1349, 1339, 1335, 1448, 1345, 1344, 1339, 1184, 1291, 1294, 1352, 1397, 1347, 1346, 1341, 1351, 1353, 1334, 1172, 1347, 1164, 1349, 1350, 1329, 1330, 1350, 1332, 1329, 1419, 1353, 1306, 1334, 1344, 1307, 1303, 1337], "decoding_mean": 1464.9200000000001, "coding_sd": 86.680823138685085}}