{"A": {"coding_mean": 2466.4400000000001, "decoding_sd": 106.3196364741716, "forwarding_sd": 101.7594398569489, "coding": [2051, 2233, 2260, 2244, 2270, 2312, 2340, 2322, 2350, 2321, 2349, 2272, 2298, 2379, 2405, 2270, 2295, 2290, 2316, 2254, 2279, 2270, 2296, 2252, 2279, 2274, 2299, 2266, 2292, 2265, 2289, 2272, 2297, 2311, 2338, 2305, 2333, 2304, 2331, 2332, 2359, 2318, 2345, 2313, 2341, 2412, 2439, 2296, 2324, 2416, 2451, 2324, 2350, 2313, 2340, 2324, 2352, 2345, 2372, 2337, 2363, 2679, 2713, 2684, 2719, 2690, 2725, 2678, 2714, 2795, 2828, 2706, 2741, 2687, 2721, 2696, 2731, 2675, 2709, 2684, 2719, 2684, 2713, 2680, 2708, 2711, 2740, 2688, 2718, 2639, 2666, 2673, 2702, 2688, 2718, 2672, 2702, 2690, 2719, 2690], "decoding": [1097, 930, 930, 1033, 1033, 1041, 1041, 1120, 1120, 1040, 1040, 1048, 1048, 1025, 1025, 1051, 1051, 1051, 1051, 1051, 1051, 1040, 1040, 1040, 1040, 1001, 1001, 1002, 1002, 1003, 1003, 1002, 1002, 1046, 1046, 1028, 1028, 1046, 1046, 1129, 1129, 1043, 1043, 1047, 1047, 1045, 1045, 1134, 1134, 1052, 1052, 1049, 1049, 1004, 1004, 1001, 1001, 1038, 1038, 1011, 1011, 1261, 1261, 1257, 1257, 1254, 1254, 1265, 1265, 1256, 1256, 1264, 1264, 1267, 1267, 1225, 1225, 1261, 1261, 1249, 1249, 1254, 1254, 1218, 1218, 1206, 1206, 1272, 1272, 1268, 1268, 1226, 1226, 1206, 1206, 1207, 1207, 1250, 1250, 1262], "forwarding_mean": 1082.4200000000001, "forwarding": [1062, 1000, 1000, 998, 998, 999, 999, 1001, 1001, 1006, 1006, 997, 997, 993, 993, 1007, 1007, 1012, 1012, 1005, 1005, 1004, 1004, 993, 993, 994, 994, 1001, 1001, 994, 994, 991, 991, 1009, 1009, 992, 992, 998, 998, 1001, 1001, 1000, 1000, 997, 997, 1007, 1007, 1003, 1003, 998, 998, 1012, 1012, 999, 999, 995, 995, 998, 998, 1008, 1008, 1209, 1209, 1225, 1225, 1212, 1212, 1210, 1210, 1190, 1190, 1213, 1213, 1203, 1203, 1203, 1203, 1219, 1219, 1200, 1200, 1204, 1204, 1218, 1218, 1212, 1212, 1194, 1194, 1215, 1215, 1221, 1221, 1208, 1208, 1212, 1212, 1198, 1198, 1224], "decoding_mean": 1119.9300000000001, "coding_sd": 196.97656307286914}, "B": {"coding_mean": 2480.3000000000002, "decoding_sd": 128.60289421315525, "forwarding_sd": 82.813817687629879, "coding": [2308, 2337, 2293, 2321, 2327, 2353, 2338, 2363, 2340, 2366, 2387, 2412, 2423, 2450, 2370, 2396, 2425, 2452, 2350, 2376, 2351, 2376, 2315, 2342, 2330, 2357, 2329, 2358, 2310, 2337, 2407, 2434, 2322, 2349, 2353, 2381, 2352, 2379, 2323, 2349, 2336, 2363, 2329, 2356, 2423, 2450, 2348, 2373, 2343, 2369, 2349, 2375, 2324, 2352, 2310, 2338, 2304, 2332, 2329, 2356, 2629, 2661, 2623, 2657, 2614, 2648, 2630, 2665, 2810, 2844, 2630, 2664, 2691, 2726, 2590, 2623, 2609, 2650, 2723, 2756, 2621, 2655, 2621, 2649, 2620, 2648, 2676, 2706, 2623, 2650, 2697, 2725, 2622, 2650, 2608, 2637, 2687, 2715, 2624, 2653], "decoding": [1119, 1119, 1137, 1137, 1213, 1213, 1145, 1145, 1156, 1156, 1143, 1143, 1141, 1141, 1152, 1152, 1145, 1145, 1156, 1156, 1151, 1151, 1137, 1137, 1105, 1105, 1106, 1106, 1105, 1105, 1096, 1096, 1110, 1110, 1140, 1140, 1144, 1144, 1151, 1151, 1149, 1149, 1140, 1140, 1146, 1146, 1147, 1147, 1146, 1146, 1143, 1143, 1112, 1112, 1106, 1106, 1147, 1147, 1099, 1099, 1183, 1183, 1364, 1364, 1422, 1422, 1387, 1387, 1388, 1388, 1377, 1377, 1498, 1498, 1337, 1337, 1364, 1364, 1390, 1390, 1434, 1434, 1383, 1383, 1336, 1336, 1376, 1376, 1400, 1400, 1332, 1332, 1387, 1387, 1362, 1362, 1533, 1533, 1377, 1377], "forwarding_mean": 1081.46, "forwarding": [1075, 1075, 1015, 1015, 1012, 1012, 1029, 1029, 1018, 1018, 1011, 1011, 1004, 1004, 1011, 1011, 1015, 1015, 1006, 1006, 1008, 1008, 1007, 1007, 1012, 1012, 1015, 1015, 1017, 1017, 1008, 1008, 1017, 1017, 1008, 1008, 1024, 1024, 1013, 1013, 1006, 1006, 1004, 1004, 1020, 1020, 1016, 1016, 1012, 1012, 1015, 1015, 1016, 1016, 1014, 1014, 1015, 1015, 1019, 1019, 1089, 1089, 1187, 1187, 1193, 1193, 1183, 1183, 1188, 1188, 1177, 1177, 1194, 1194, 1184, 1184, 1186, 1186, 1194, 1194, 1187, 1187, 1184, 1184, 1179, 1179, 1193, 1193, 1195, 1195, 1188, 1188, 1188, 1188, 1192, 1192, 1145, 1145, 1185, 1185], "decoding_mean": 1234.3399999999999, "coding_sd": 155.87498195669502}}