{"A": {"coding_mean": 3178.9499999999998, "decoding_sd": 361.14288183487713, "forwarding_sd": 96.423625735604872, "coding": [1958, 2481, 3463, 3714, 3184, 3252, 3019, 3053, 3467, 2914, 2985, 3876, 3097, 3253, 2924, 3179, 2625, 3161, 2648, 3083, 3244, 2854, 3233, 3198, 3073, 3435, 2799, 3342, 3194, 3208, 3111, 3083, 3201, 2873, 3438, 3292, 2979, 3072, 2909, 2944, 3043, 2982, 2683, 2860, 3031, 2898, 3103, 3017, 3024, 3027, 2860, 2816, 2973, 3098, 3268, 3115, 4252, 3714, 3689, 3016, 3285, 3534, 3407, 3461, 3773, 3285, 3305, 3592, 3535, 3364, 3261, 3193, 2945, 3072, 3352, 2967, 3727, 3216, 3277, 3141, 3130, 3594, 3230, 3313, 3104, 3437, 2852, 3184, 3293, 3149, 3465, 2961, 3212, 3663, 3637, 3399, 3733, 2903, 2912, 2745], "decoding": [1539, 3968, 4150, 4364, 3993, 4168, 4320, 4170, 4174, 4766, 4217, 4190, 4456, 4154, 4165, 4224, 4140, 4286, 4150, 4148, 4149, 4149, 4276, 4155, 4231, 4161, 4103, 4208, 4308, 4450, 4205, 4270, 4187, 4179, 4144, 4174, 4142, 4298, 4057, 4161, 4125, 4179, 4199, 4229, 4205, 4200, 4167, 4084, 4145, 4084, 4129, 4125, 4116, 3705, 4152, 5025, 2448, 4778, 3968, 4449, 4288, 4232, 4185, 4217, 4029, 4395, 4169, 4158, 4065, 4146, 4142, 4134, 4288, 4130, 4124, 4127, 3987, 4151, 4208, 4224, 3961, 4030, 4109, 4018, 4475, 4074, 4099, 4072, 4069, 4081, 4099, 4217, 4019, 3997, 4001, 4013, 4014, 4152, 3616, 3607], "forwarding_mean": 1393.3800000000001, "forwarding": [1439, 1379, 1320, 1291, 1334, 1327, 1350, 1594, 1320, 1239, 1300, 1364, 1352, 1316, 1318, 1340, 1519, 1313, 1389, 1353, 1306, 1314, 1350, 1323, 1320, 1323, 1343, 1417, 1507, 1427, 1359, 1382, 1371, 1390, 1427, 1374, 1389, 1545, 1547, 1555, 1401, 1373, 1378, 1501, 1390, 1398, 1380, 1390, 1339, 1432, 1503, 1499, 1391, 1398, 1487, 1413, 939, 1277, 1462, 1339, 1353, 1327, 1541, 1421, 1528, 1521, 1529, 1527, 1545, 1478, 1519, 1509, 1381, 1492, 1350, 1408, 1332, 1418, 1313, 1341, 1442, 1331, 1323, 1372, 1448, 1514, 1493, 1327, 1303, 1444, 1293, 1441, 1539, 1397, 1392, 1414, 1383, 1452, 1298, 1083], "decoding_mean": 4123.8299999999999, "coding_sd": 318.93489539402862}, "B": {"coding_mean": 2155.5799999999999, "decoding_sd": 107.34200063348923, "forwarding_sd": 89.142925125889832, "coding": [2048, 2049, 2280, 2093, 2197, 2151, 2158, 2259, 2192, 2138, 2575, 2373, 2378, 2106, 2197, 2068, 2337, 2030, 2126, 2116, 2136, 2104, 2135, 2126, 2319, 2109, 2094, 2411, 2423, 2125, 2175, 2191, 2141, 2171, 2124, 2111, 2161, 2106, 2109, 2101, 2100, 2112, 2098, 2143, 2136, 2134, 2114, 2130, 2079, 2066, 2091, 2076, 2093, 2115, 2152, 2162, 3100, 2409, 2085, 2103, 2103, 2145, 2406, 2307, 2116, 2163, 2155, 2148, 2349, 2188, 2133, 2136, 2100, 2078, 2056, 2131, 2113, 2116, 2089, 2126, 2107, 2077, 2129, 2119, 2282, 2084, 2086, 2069, 2078, 2075, 2096, 2107, 2131, 2122, 2118, 2120, 2100, 1914, 1808, 2037], "decoding": [1436, 1572, 1548, 1483, 1567, 1663, 1519, 1558, 1511, 1494, 1533, 1531, 1490, 1500, 1583, 1512, 1569, 1552, 1561, 1561, 1573, 1646, 1550, 1536, 1550, 1536, 1531, 1542, 1598, 1593, 1552, 1535, 1549, 1554, 1559, 1540, 1531, 1497, 1540, 1528, 1560, 1575, 1555, 1557, 1535, 1544, 1524, 1545, 1536, 1529, 1523, 1472, 1324, 1495, 1868, 864, 1750, 1590, 1655, 1739, 1597, 1476, 1572, 1555, 1857, 1525, 1512, 1492, 1532, 1581, 1524, 1533, 1497, 1594, 1543, 1526, 1507, 1532, 1529, 1477, 1542, 1551, 1534, 1829, 1544, 1490, 1539, 1552, 1555, 1492, 1578, 1520, 1530, 1533, 1542, 1547, 1535, 1315, 1323, 1308], "forwarding_mean": 1325.3299999999999, "forwarding": [1402, 1312, 1320, 1320, 1253, 1268, 1327, 1255, 1525, 1269, 1323, 1273, 1314, 1286, 1266, 1272, 1264, 1269, 1296, 1295, 1262, 1323, 1309, 1290, 1315, 1301, 1608, 1298, 1260, 1317, 1297, 1266, 1258, 1296, 1274, 1294, 1330, 1274, 1327, 1310, 1256, 1266, 1290, 1312, 1316, 1326, 1277, 1304, 1340, 1286, 1298, 1300, 1132, 1508, 1600, 1029, 1321, 1360, 1272, 1328, 1294, 1508, 1289, 1539, 1342, 1452, 1605, 1521, 1309, 1288, 1350, 1307, 1306, 1330, 1320, 1369, 1316, 1283, 1316, 1317, 1262, 1277, 1356, 1291, 1338, 1280, 1394, 1409, 1342, 1373, 1306, 1440, 1435, 1425, 1423, 1415, 1287, 1345, 1182, 1153], "decoding_mean": 1538.4300000000001, "coding_sd": 141.63588387128453}}