{"A": {"coding_mean": 3063.4000000000001, "decoding_sd": 285.1188201434623, "forwarding_sd": 71.028813871554974, "coding": [1746, 2378, 3071, 2759, 3069, 3253, 3156, 3333, 2994, 3336, 3185, 3244, 3239, 3359, 3273, 2921, 2899, 3067, 3111, 3106, 2843, 2705, 2582, 2718, 2841, 2769, 2691, 2687, 2879, 2808, 2685, 2726, 2610, 2696, 3844, 3157, 3399, 3018, 3437, 3140, 2833, 3292, 3108, 3145, 2995, 3161, 3181, 2923, 3119, 3078, 3163, 3092, 3031, 3128, 3118, 3302, 3046, 3202, 3158, 3089, 3139, 3127, 3196, 3039, 3068, 3122, 2989, 2999, 2986, 3008, 2972, 3202, 3144, 2915, 3052, 3097, 3214, 3068, 2904, 3257, 3024, 3029, 3270, 3105, 3163, 3206, 3145, 3579, 3409, 3128, 3258, 3250, 2693, 3356, 3150, 3475, 3416, 3136, 3077, 3075], "decoding": [1193, 3628, 3591, 3780, 3570, 3622, 3615, 3606, 3580, 3580, 3537, 3528, 3513, 3501, 3483, 3559, 3488, 3512, 3502, 3430, 3143, 3125, 3221, 3076, 3029, 3020, 3054, 3083, 3047, 3114, 3153, 3125, 3158, 3139, 3055, 3466, 3489, 3604, 3416, 3555, 3706, 3416, 3461, 3508, 3520, 3491, 3493, 3570, 3544, 3513, 3555, 3512, 3578, 3546, 3496, 3453, 3433, 3467, 3467, 3475, 3463, 3465, 3661, 3521, 3520, 3610, 3493, 3629, 3605, 3490, 3522, 3527, 3461, 3519, 3429, 3622, 3604, 3635, 3557, 3612, 3567, 3704, 3581, 3608, 3461, 3610, 3602, 3497, 3459, 3671, 3391, 3521, 3532, 3596, 3647, 3514, 3565, 3495, 3636, 3632], "forwarding_mean": 1041.74, "forwarding": [1184, 1350, 1277, 1197, 1055, 1052, 1084, 1049, 1022, 1085, 1037, 1031, 1067, 1067, 1031, 1063, 1029, 1051, 1030, 1024, 906, 915, 906, 910, 912, 910, 908, 926, 910, 905, 906, 909, 909, 908, 940, 1037, 1035, 1080, 1036, 1084, 1075, 1040, 1046, 1037, 1039, 1035, 1054, 1036, 1041, 1034, 1044, 1033, 1035, 1046, 1030, 1047, 1040, 1035, 1043, 1047, 1044, 1038, 1092, 1037, 1096, 1072, 1045, 1033, 1082, 1046, 1062, 1042, 1040, 1103, 1043, 1061, 1073, 1091, 1085, 1076, 1088, 1069, 1091, 1092, 1045, 1055, 1068, 1052, 1055, 1094, 1043, 1096, 1003, 1046, 1087, 1031, 1077, 1093, 1077, 1077], "decoding_mean": 3453.2800000000002, "coding_sd": 261.03455709924691}, "B": {"coding_mean": 1843.8599999999999, "decoding_sd": 70.368352972056968, "forwarding_sd": 50.810600271990488, "coding": [1872, 1874, 1826, 1860, 1859, 1851, 1862, 1849, 1873, 1855, 1856, 1863, 1862, 1856, 1844, 1841, 1853, 1872, 1834, 1691, 1707, 1702, 1710, 1704, 1705, 1689, 1701, 1726, 1692, 1704, 1715, 1701, 1702, 1946, 1899, 1895, 1912, 1891, 1901, 1879, 1900, 1892, 1932, 1891, 1890, 1893, 1884, 1881, 1895, 1894, 1901, 1888, 1889, 1865, 1858, 1857, 1858, 1868, 1855, 1856, 1859, 1849, 1864, 1862, 1882, 1866, 1856, 1854, 1866, 1844, 1871, 1876, 1861, 1873, 1882, 1870, 1862, 1845, 1870, 1850, 1863, 1889, 1860, 1887, 1864, 1882, 1866, 1866, 1866, 1817, 1887, 1611, 1856, 1868, 1885, 1870, 1877, 1859, 1832, 1838], "decoding": [1232, 1256, 1270, 1235, 1273, 1261, 1275, 1223, 1291, 1259, 1251, 1256, 1218, 1226, 1269, 1258, 1258, 1259, 1187, 1115, 1106, 1103, 1045, 1025, 1023, 1032, 1024, 1028, 1114, 1102, 1102, 1072, 1106, 1030, 1205, 1210, 1221, 1159, 1209, 1294, 1210, 1201, 1220, 1230, 1204, 1225, 1266, 1199, 1272, 1259, 1253, 1216, 1219, 1215, 1210, 1211, 1216, 1213, 1228, 1211, 1220, 1287, 1255, 1249, 1250, 1241, 1264, 1255, 1257, 1269, 1238, 1224, 1251, 1196, 1261, 1311, 1254, 1246, 1255, 1245, 1260, 1252, 1269, 1113, 1257, 1252, 1253, 1244, 1252, 1115, 1263, 1208, 1258, 1277, 1240, 1290, 1299, 1260, 1252, 1255], "forwarding_mean": 1098.27, "forwarding": [1159, 1136, 1133, 1130, 1115, 1111, 1107, 1091, 1144, 1121, 1106, 1109, 1121, 1116, 1076, 1112, 1125, 1112, 1069, 984, 990, 976, 976, 986, 976, 980, 971, 987, 989, 983, 973, 978, 991, 1033, 1132, 1154, 1114, 1110, 1118, 1096, 1118, 1127, 1124, 1125, 1109, 1112, 1116, 1120, 1135, 1139, 1119, 1115, 1120, 1120, 1111, 1111, 1115, 1119, 1109, 1128, 1113, 1117, 1107, 1128, 1113, 1112, 1128, 1110, 1120, 1114, 1123, 1165, 1124, 1111, 1114, 1127, 1115, 1078, 1112, 1148, 1137, 1148, 1115, 1113, 1106, 1122, 1128, 1138, 1130, 1147, 1124, 1042, 1115, 1137, 1089, 1125, 1115, 1105, 1133, 1097], "decoding_mean": 1214.5699999999999, "coding_sd": 65.317228967554954}}