{"A": {"coding_mean": 2155.0799999999999, "decoding_sd": 315.8263730279661, "forwarding_sd": 54.227759496405525, "coding": [1885, 1576, 1683, 2061, 1788, 2386, 1710, 2511, 2321, 2142, 2354, 2107, 2334, 2229, 2256, 2170, 2146, 2122, 2220, 2234, 1609, 2230, 1618, 2511, 1733, 2313, 1613, 2236, 2202, 1739, 2175, 1630, 2224, 1720, 2189, 2143, 2513, 2226, 2341, 1849, 2216, 2320, 1926, 2368, 1937, 2610, 2277, 2240, 1896, 2464, 2422, 1832, 2427, 2158, 2310, 2162, 1664, 2205, 1683, 2400, 1893, 2287, 2122, 2562, 2264, 1817, 2756, 2579, 2016, 2262, 1885, 2377, 1649, 2231, 1625, 2224, 1863, 1958, 2359, 2261, 2172, 2206, 2144, 2292, 2278, 2281, 2403, 2411, 2297, 2275, 2356, 2483, 2427, 2331, 2304, 2343, 2236, 2178, 2208, 2327], "decoding": [1354, 3656, 3252, 3115, 3274, 3784, 3282, 3782, 3802, 3858, 3800, 3585, 3762, 3871, 3807, 3840, 3892, 3809, 3771, 3564, 3261, 3773, 3298, 3784, 3315, 3869, 3450, 3857, 3437, 3292, 3807, 3436, 3782, 3440, 3821, 3443, 3792, 3871, 3841, 3438, 3780, 3761, 3304, 3869, 3382, 3781, 3803, 3590, 3269, 3829, 3859, 3427, 3768, 3472, 3794, 3419, 3312, 3870, 3395, 3831, 3555, 3850, 3588, 3777, 3950, 3213, 3833, 3862, 3593, 3742, 3617, 3791, 3400, 3865, 3256, 3727, 3666, 3249, 3895, 3861, 3762, 3806, 3867, 3865, 3777, 3718, 3806, 3771, 3789, 3881, 3738, 3829, 3835, 3835, 3783, 3854, 3867, 3894, 3801, 3811], "forwarding_mean": 1180.01, "forwarding": [1239, 1408, 1141, 1096, 991, 1193, 1049, 1178, 1190, 1181, 1180, 1157, 1189, 1184, 1195, 1175, 1248, 1199, 1201, 1239, 1062, 1203, 1086, 1175, 1090, 1176, 1240, 1183, 1212, 1091, 1185, 1075, 1166, 1085, 1183, 1212, 1182, 1204, 1188, 1196, 1179, 1202, 1078, 1194, 1230, 1197, 1185, 1213, 1061, 1172, 1198, 1217, 1185, 1230, 1183, 1233, 1074, 1194, 1201, 1182, 1281, 1189, 1230, 1198, 1188, 1181, 1190, 1188, 1287, 1180, 1210, 1190, 1141, 1182, 1119, 1183, 1165, 1095, 1177, 1195, 1178, 1199, 1191, 1198, 1157, 1146, 1185, 1150, 1191, 1185, 1186, 1199, 1192, 1191, 1187, 1214, 1269, 1204, 1186, 1189], "decoding_mean": 3649.6100000000001, "coding_sd": 267.2393189633591}, "B": {"coding_mean": 1895.0799999999999, "decoding_sd": 106.63748824873925, "forwarding_sd": 83.415204848996211, "coding": [1723, 1727, 1732, 1698, 1966, 1700, 1960, 1954, 1947, 1945, 1833, 1952, 1960, 1973, 1966, 1958, 1975, 1919, 1933, 1637, 1910, 1629, 2128, 1678, 1925, 1626, 1954, 1944, 1627, 1918, 1686, 1933, 1679, 1908, 1920, 1928, 1916, 1932, 1798, 1915, 1930, 1685, 1913, 1855, 1970, 1958, 1950, 1672, 1970, 1959, 1811, 2081, 1798, 2057, 1838, 1654, 2035, 1645, 1967, 1813, 1956, 1837, 1984, 1930, 1738, 2121, 1955, 1785, 1926, 1802, 1972, 1798, 1909, 1705, 1921, 1827, 1820, 1962, 1971, 2006, 1990, 1988, 1959, 2007, 2008, 2010, 2012, 1978, 1968, 1975, 1960, 1956, 1979, 1965, 1966, 1961, 1975, 1958, 2021, 1974], "decoding": [1327, 1190, 1076, 1190, 1442, 1194, 1418, 1354, 1429, 1451, 1319, 1421, 1409, 1384, 1381, 1381, 1444, 1410, 1274, 1147, 1395, 1192, 1437, 1196, 1422, 1233, 1423, 1188, 1187, 1385, 1199, 1419, 1335, 1394, 1191, 1432, 1428, 1458, 1194, 1452, 1380, 1194, 1433, 1139, 1446, 1449, 1311, 1179, 1398, 1398, 1198, 1380, 1197, 1449, 1197, 1199, 1431, 1132, 1390, 1326, 1414, 1332, 1383, 1519, 1144, 1399, 1424, 1320, 1382, 1289, 1423, 1179, 1392, 1181, 1380, 1335, 1196, 1444, 1417, 1427, 1444, 1443, 1440, 1373, 1424, 1393, 1330, 1429, 1442, 1380, 1427, 1427, 1415, 1423, 1388, 1434, 1390, 1389, 1460, 1573], "forwarding_mean": 1135.9400000000001, "forwarding": [1131, 1019, 1035, 989, 1150, 989, 1166, 1163, 1146, 1243, 1121, 1161, 1156, 1149, 1157, 1155, 1194, 1199, 1195, 963, 1167, 984, 1152, 982, 1162, 1085, 1166, 1077, 981, 1166, 972, 1162, 991, 1157, 1101, 1213, 1149, 1174, 1082, 1161, 1229, 1052, 1153, 1063, 1153, 1155, 1102, 985, 1157, 1154, 1083, 1189, 1102, 1150, 1209, 961, 1157, 1079, 1157, 994, 1169, 1106, 1152, 1175, 1053, 1266, 1161, 997, 1153, 969, 1191, 1076, 1202, 981, 1200, 1123, 960, 1194, 1209, 1195, 1193, 1206, 1196, 1193, 1197, 1193, 1207, 1203, 1205, 1328, 1198, 1198, 1194, 1207, 1353, 1156, 1154, 1264, 1197, 1171], "decoding_mean": 1348.3099999999999, "coding_sd": 119.09942737057973}}