{"A": {"coding_mean": 2157.9099999999999, "decoding_sd": 290.87548040355688, "forwarding_sd": 45.573211429522935, "coding": [1762, 1582, 1536, 1777, 2068, 2332, 2250, 2191, 2270, 2252, 2140, 2136, 2201, 2168, 2384, 2231, 2294, 2296, 2296, 2255, 2331, 2174, 2585, 2210, 2147, 2007, 2184, 2443, 2294, 2196, 2146, 2319, 2097, 2093, 2161, 2324, 2073, 2262, 2107, 2017, 2174, 1771, 2237, 1906, 2271, 2221, 2222, 2161, 2513, 2130, 2084, 2319, 2273, 2221, 2116, 2259, 2321, 2094, 2308, 2157, 2151, 1943, 2162, 2148, 2290, 2288, 2137, 1852, 2207, 2281, 2322, 2101, 2060, 2263, 2208, 2187, 2212, 2178, 2071, 1946, 2100, 2244, 2287, 2186, 2218, 2192, 2234, 2136, 2162, 2250, 1928, 2051, 2044, 2120, 1994, 1919, 2059, 2102, 2042, 2167], "decoding": [1096, 3162, 2912, 2901, 3684, 3566, 3683, 3645, 3587, 3672, 3652, 3686, 3552, 3533, 3600, 3595, 3546, 3542, 3572, 3575, 3118, 3672, 3126, 3574, 3580, 3582, 3575, 3303, 3614, 3284, 3680, 3284, 3119, 3678, 3697, 3659, 3685, 3575, 3602, 3568, 3595, 3151, 3583, 3425, 3540, 3575, 3593, 3668, 3674, 3689, 3644, 3583, 3565, 3579, 3583, 3600, 3586, 3590, 3558, 3621, 3580, 3574, 3600, 3669, 3522, 3555, 3642, 3667, 3677, 3568, 3559, 3635, 3663, 3539, 3597, 3627, 3565, 3613, 3640, 3515, 3567, 3573, 3612, 3636, 3594, 3573, 3675, 3673, 3604, 3616, 3669, 3669, 3681, 3688, 3685, 3574, 3559, 3674, 3582, 3658], "forwarding_mean": 1077.6800000000001, "forwarding": [1170, 894, 934, 935, 1014, 1010, 1033, 1010, 1030, 1058, 1021, 1111, 1086, 1117, 1094, 1092, 1115, 1108, 1101, 1122, 1046, 1062, 1053, 1104, 1071, 1077, 1036, 1092, 1066, 1111, 1059, 1190, 1150, 1069, 1066, 1073, 1067, 1065, 1115, 1064, 1105, 1152, 1095, 1183, 1078, 1132, 1109, 1069, 1070, 1087, 1082, 1100, 1082, 1115, 1107, 1079, 1091, 1070, 1060, 1073, 1113, 1075, 1069, 1120, 1072, 1069, 1082, 1079, 1073, 1103, 1064, 1065, 1065, 1093, 1086, 1037, 1052, 1104, 1013, 1049, 1034, 1062, 1087, 1103, 1024, 1094, 1058, 1069, 1039, 1067, 1063, 1071, 1135, 1067, 1082, 1149, 1081, 1069, 1194, 1107], "decoding_mean": 3537.0700000000002, "coding_sd": 163.63221534893427}, "B": {"coding_mean": 1872.77, "decoding_sd": 69.301287145333731, "forwarding_sd": 40.293547870595859, "coding": [1673, 1655, 1679, 1845, 1916, 1909, 1867, 1927, 1871, 1863, 1866, 1873, 1872, 1862, 1883, 1874, 1858, 1867, 1872, 1887, 1862, 2017, 1876, 1863, 1864, 1883, 1942, 1864, 1945, 1866, 1884, 1936, 1859, 1885, 1872, 1865, 1829, 1863, 1867, 1880, 1943, 1867, 1878, 1883, 1913, 1878, 1868, 1867, 1866, 1861, 1879, 1851, 1888, 1860, 1956, 1943, 1877, 1883, 1898, 1872, 1857, 1869, 1870, 1852, 1844, 1875, 1865, 1879, 1878, 1859, 1874, 1878, 1877, 1860, 1881, 1892, 1888, 1870, 1856, 1864, 1861, 1871, 1921, 1869, 1879, 1874, 1878, 1862, 1860, 1858, 1863, 1873, 1891, 1865, 1864, 1846, 1881, 1848, 1887, 1966], "decoding": [1009, 967, 963, 1270, 1262, 1301, 1254, 1246, 1304, 1253, 1261, 1254, 1216, 1266, 1242, 1264, 1268, 1254, 1261, 1083, 1311, 1088, 1268, 1251, 1258, 1272, 1084, 1259, 1094, 1249, 1081, 1079, 1253, 1284, 1261, 1258, 1289, 1280, 1248, 1258, 1081, 1247, 1201, 1260, 1260, 1283, 1242, 1268, 1262, 1245, 1254, 1252, 1244, 1256, 1271, 1243, 1271, 1263, 1272, 1264, 1269, 1257, 1273, 1255, 1280, 1268, 1276, 1259, 1263, 1278, 1251, 1274, 1263, 1250, 1292, 1309, 1274, 1340, 1260, 1251, 1281, 1256, 1274, 1309, 1261, 1265, 1272, 1253, 1283, 1265, 1245, 1258, 1289, 1264, 1247, 1276, 1255, 1262, 1387, 1248], "forwarding_mean": 1047.5, "forwarding": [933, 933, 931, 1068, 1089, 1085, 1086, 1202, 1028, 1045, 1038, 1022, 1027, 1053, 1040, 1026, 1057, 1040, 1042, 899, 1037, 1038, 1037, 1037, 1043, 1039, 1065, 1030, 1037, 1031, 1060, 992, 1054, 1033, 1035, 1036, 1042, 1037, 1038, 1039, 900, 1041, 1004, 1037, 1037, 1040, 1035, 1049, 1038, 1071, 1037, 1042, 1030, 1031, 1028, 1034, 1051, 1030, 1041, 1043, 1042, 1043, 1032, 1045, 1053, 1037, 1043, 1037, 1038, 1032, 1053, 1041, 1035, 1031, 1091, 1078, 1078, 1079, 1070, 1089, 1092, 1080, 1074, 1073, 1081, 1074, 1065, 1085, 1082, 1104, 1090, 1073, 1084, 1080, 1097, 1081, 1082, 1082, 1111, 1090], "decoding_mean": 1244.54, "coding_sd": 45.617727913608327}}