{"A": {"coding_mean": 2060.1199999999999, "decoding_sd": 280.09653246693364, "forwarding_sd": 27.189106274388642, "coding": [1999, 1879, 2105, 1995, 2190, 2232, 1979, 2105, 1992, 1996, 2030, 1989, 2072, 1993, 2081, 1998, 2083, 2078, 2076, 2065, 1989, 1995, 2056, 2100, 2071, 2076, 2091, 2083, 2080, 2047, 2071, 2076, 2081, 2078, 2071, 2064, 2010, 2071, 2091, 1998, 2093, 2011, 2090, 2015, 2019, 2067, 2095, 2069, 2071, 2072, 2069, 2008, 2081, 2083, 2200, 2077, 1997, 2089, 2005, 2081, 2025, 1992, 2080, 2249, 2033, 2066, 2072, 2065, 2070, 2098, 2071, 2200, 2082, 2083, 2076, 2082, 2071, 2013, 2080, 2057, 2031, 2075, 2075, 2087, 2001, 2086, 2076, 2067, 2089, 2062, 2008, 2000, 2000, 1988, 2001, 2078, 2076, 2081, 2057, 2081], "decoding": [1458, 3819, 3940, 3931, 3945, 4962, 3939, 3950, 3939, 3964, 3947, 3949, 4061, 4049, 4080, 4069, 4019, 4064, 4036, 4011, 4001, 4092, 4048, 4039, 4028, 4047, 4037, 4014, 4027, 4016, 4018, 4028, 4025, 4109, 4088, 4125, 4091, 4128, 4060, 3953, 4014, 4112, 4068, 4073, 4019, 4027, 4019, 4114, 4093, 4078, 4030, 4048, 3998, 4106, 4083, 4092, 4031, 4082, 4100, 4097, 4017, 4082, 4120, 4109, 4085, 4087, 4100, 4092, 4105, 4157, 4035, 4029, 4015, 4000, 4007, 4021, 4110, 4018, 4002, 3975, 4134, 4139, 4044, 4046, 4034, 4040, 4052, 4032, 4041, 4146, 4045, 4049, 4040, 4147, 4031, 4017, 4121, 4137, 4113, 4101], "forwarding_mean": 1335.55, "forwarding": [1412, 1304, 1369, 1347, 1354, 1408, 1349, 1366, 1362, 1362, 1351, 1375, 1350, 1352, 1308, 1408, 1325, 1314, 1310, 1305, 1273, 1297, 1263, 1282, 1309, 1318, 1312, 1304, 1320, 1309, 1314, 1322, 1315, 1309, 1310, 1311, 1333, 1334, 1314, 1349, 1309, 1368, 1369, 1326, 1305, 1331, 1318, 1350, 1350, 1363, 1371, 1344, 1325, 1349, 1342, 1362, 1320, 1366, 1345, 1324, 1311, 1316, 1376, 1348, 1317, 1312, 1303, 1321, 1350, 1347, 1366, 1355, 1370, 1327, 1310, 1358, 1368, 1320, 1327, 1322, 1360, 1320, 1319, 1325, 1332, 1321, 1361, 1335, 1328, 1324, 1326, 1322, 1370, 1346, 1360, 1330, 1364, 1323, 1372, 1327], "decoding_mean": 4030.6500000000001, "coding_sd": 53.122552649510361}, "B": {"coding_mean": 2079.0799999999999, "decoding_sd": 19.248405128737289, "forwarding_sd": 30.050650575320326, "coding": [2145, 2121, 2004, 2024, 2028, 2160, 2212, 2068, 2021, 2023, 2022, 2027, 2043, 2050, 2018, 2035, 2054, 2060, 2091, 2072, 2093, 2068, 2049, 2068, 2068, 2050, 2071, 2056, 2068, 2059, 2050, 2096, 2074, 2102, 2115, 2108, 2110, 2100, 2115, 2071, 2110, 2081, 2108, 2127, 2060, 2095, 2102, 2105, 2068, 2064, 2100, 2079, 2065, 2048, 2106, 2122, 2096, 2056, 2055, 2247, 2063, 2032, 2062, 2191, 2064, 2031, 2020, 2095, 2100, 2059, 2074, 2109, 2102, 2114, 2197, 2105, 2108, 2095, 2091, 2016, 2098, 2100, 2111, 2057, 2057, 2028, 2061, 2034, 2068, 2019, 2099, 2058, 2103, 2056, 2062, 2059, 2113, 2106, 2050, 2078], "decoding": [1425, 1516, 1496, 1520, 1534, 1515, 1515, 1515, 1522, 1509, 1514, 1512, 1528, 1531, 1534, 1500, 1540, 1526, 1519, 1456, 1504, 1511, 1526, 1507, 1526, 1512, 1521, 1519, 1538, 1510, 1511, 1507, 1510, 1509, 1520, 1506, 1509, 1505, 1487, 1510, 1522, 1509, 1526, 1484, 1486, 1491, 1508, 1507, 1520, 1520, 1417, 1531, 1519, 1502, 1502, 1500, 1522, 1504, 1540, 1510, 1523, 1504, 1516, 1519, 1507, 1506, 1499, 1503, 1530, 1502, 1503, 1510, 1498, 1506, 1515, 1531, 1510, 1496, 1481, 1512, 1521, 1520, 1513, 1512, 1510, 1530, 1528, 1530, 1534, 1506, 1517, 1500, 1526, 1515, 1472, 1536, 1528, 1529, 1531, 1509], "forwarding_mean": 1322.28, "forwarding": [1293, 1321, 1400, 1315, 1311, 1318, 1315, 1329, 1332, 1266, 1306, 1319, 1310, 1321, 1322, 1323, 1309, 1311, 1428, 1329, 1439, 1333, 1316, 1311, 1325, 1304, 1316, 1322, 1335, 1313, 1305, 1326, 1460, 1332, 1320, 1323, 1325, 1340, 1320, 1280, 1285, 1319, 1319, 1305, 1313, 1325, 1277, 1315, 1332, 1316, 1290, 1305, 1317, 1325, 1438, 1318, 1308, 1321, 1312, 1315, 1318, 1318, 1318, 1340, 1324, 1308, 1334, 1330, 1280, 1276, 1321, 1286, 1324, 1343, 1320, 1322, 1333, 1321, 1309, 1319, 1326, 1324, 1338, 1314, 1277, 1325, 1316, 1322, 1324, 1308, 1324, 1340, 1315, 1329, 1335, 1318, 1316, 1335, 1343, 1277], "decoding_mean": 1511.3299999999999, "coding_sd": 41.827904561428838}}