{"A": {"coding_mean": 2909.0500000000002, "decoding_sd": 340.93074062043746, "forwarding_sd": 71.757181522130594, "coding": [1723, 2006, 3065, 2958, 2851, 3067, 3214, 2531, 2392, 2601, 2574, 2541, 2588, 2633, 2724, 2385, 2467, 2521, 2607, 2522, 2576, 2963, 2461, 2426, 2529, 2513, 2514, 2547, 2436, 2568, 2793, 2423, 2427, 2573, 2661, 2581, 2461, 2462, 2493, 2436, 3130, 2944, 2934, 3268, 3042, 2871, 2870, 3068, 3025, 3051, 3246, 3089, 3225, 2993, 2997, 3179, 3325, 2935, 3078, 3007, 3082, 2948, 3038, 2976, 3134, 3186, 3126, 3164, 3364, 3103, 3926, 3370, 3272, 3119, 3276, 3046, 3082, 3076, 3166, 3033, 3269, 3226, 3350, 3260, 3173, 3198, 3177, 3188, 3234, 3146, 3012, 3036, 3125, 3119, 3113, 2920, 3257, 3284, 3064, 3177], "decoding": [1151, 3332, 3605, 3617, 3615, 3546, 3093, 3706, 3174, 3060, 3162, 3100, 3145, 3161, 3123, 3101, 3038, 3172, 2873, 2843, 2846, 2876, 3143, 3166, 3095, 3103, 2991, 3106, 3027, 3168, 2866, 3113, 3091, 3157, 3119, 3164, 3174, 3158, 3171, 3125, 2786, 3531, 3592, 3585, 3485, 3480, 3636, 3458, 3514, 3531, 3592, 3528, 3544, 3513, 3510, 3622, 3628, 3503, 3511, 3583, 3614, 3596, 3066, 2879, 3521, 3498, 3570, 3610, 3518, 3543, 3508, 3505, 3475, 3550, 3488, 3613, 3648, 3639, 3502, 3615, 3569, 3645, 3491, 3507, 3606, 3468, 3584, 3588, 3490, 3628, 3622, 3724, 3581, 3519, 3603, 4043, 3586, 3535, 3574, 3572], "forwarding_mean": 1017.37, "forwarding": [1137, 1018, 1080, 1091, 1088, 1094, 938, 1046, 920, 923, 926, 919, 927, 924, 921, 922, 918, 917, 927, 922, 924, 922, 913, 914, 918, 925, 922, 967, 913, 915, 925, 956, 1008, 909, 967, 915, 961, 916, 909, 924, 927, 1044, 1094, 1103, 1046, 1049, 1087, 1063, 1062, 1044, 1168, 1045, 1094, 1049, 1077, 1046, 1092, 1044, 1084, 1105, 1099, 1126, 1043, 942, 1047, 1058, 1097, 1019, 1103, 1078, 1076, 1105, 1080, 1040, 1056, 1066, 1077, 1022, 1077, 992, 1002, 1062, 1034, 1049, 1066, 1051, 1042, 1056, 1044, 1120, 1000, 1044, 1054, 1053, 1055, 1089, 1117, 1028, 993, 1071], "decoding_mean": 3363.0100000000002, "coding_sd": 343.81571735451536}, "B": {"coding_mean": 1779.6900000000001, "decoding_sd": 105.17370156079895, "forwarding_sd": 90.998493943581266, "coding": [1717, 1817, 1821, 1823, 1818, 1889, 1773, 1700, 1705, 1694, 1681, 1670, 1660, 1664, 1626, 1622, 1632, 1641, 1598, 1637, 1635, 1642, 1660, 1656, 1664, 1644, 1654, 1640, 1639, 1638, 1650, 1641, 1636, 1641, 1638, 1647, 1678, 1663, 1630, 1870, 1847, 1822, 1828, 1829, 1806, 1813, 1799, 1827, 1830, 2576, 1823, 1852, 1829, 1830, 1850, 1830, 1824, 1848, 1835, 1832, 1834, 1877, 1729, 1836, 1877, 1849, 1864, 1878, 1858, 1865, 1856, 1874, 1881, 1858, 1854, 1867, 1868, 1866, 1868, 1850, 1855, 1868, 1853, 1888, 1865, 1880, 1872, 1872, 1864, 1846, 1862, 1849, 1864, 1873, 1889, 1855, 1865, 1868, 1851, 737], "decoding": [1168, 1228, 1241, 1209, 1220, 1035, 1339, 948, 972, 1084, 980, 990, 1082, 1082, 1081, 955, 1078, 953, 959, 952, 954, 1040, 1090, 992, 1002, 995, 993, 1007, 1077, 960, 1000, 999, 1093, 1045, 1083, 1081, 1086, 1084, 1043, 955, 1220, 1235, 1215, 1235, 1224, 1224, 1228, 1210, 1244, 1231, 1236, 1240, 1223, 1245, 1224, 1235, 1216, 1241, 1229, 1238, 1227, 978, 961, 1186, 1183, 1233, 1217, 1230, 1218, 1200, 1185, 1176, 1190, 1175, 1231, 1280, 1227, 1223, 1223, 1215, 1378, 1175, 1166, 1178, 1197, 1172, 1194, 1187, 1244, 1230, 1239, 1232, 1224, 1234, 1217, 1186, 1171, 1169, 1216, 1220], "forwarding_mean": 1052.29, "forwarding": [1017, 1075, 1070, 1086, 1087, 1006, 1041, 949, 963, 958, 973, 961, 961, 963, 957, 968, 957, 861, 859, 859, 970, 955, 956, 961, 962, 957, 960, 964, 961, 856, 956, 958, 969, 967, 966, 970, 952, 963, 964, 854, 1094, 1076, 1101, 1094, 1107, 1076, 1123, 1096, 1074, 1076, 1092, 1092, 1114, 1102, 1099, 1095, 1088, 1096, 1122, 1089, 1089, 876, 871, 1120, 1152, 1141, 1116, 1239, 1165, 1186, 1214, 1211, 1134, 1158, 1105, 1125, 1136, 1189, 1093, 1092, 1110, 1135, 1147, 1120, 1150, 1093, 1105, 1131, 1095, 1092, 1090, 1102, 1163, 1108, 1065, 1153, 1156, 1080, 1131, 1093], "decoding_mean": 1147.1500000000001, "coding_sd": 162.06391918005684}}