{"A": {"coding_mean": 1913.45, "decoding_sd": 293.96137076153389, "forwarding_sd": 44.846810365955797, "coding": [1923, 1607, 1769, 1922, 1917, 1915, 1900, 2075, 1905, 1912, 1887, 2003, 1954, 1874, 2559, 1889, 1942, 1891, 1889, 1891, 1947, 1888, 1899, 1945, 1912, 1887, 1887, 1895, 1904, 1953, 1947, 1938, 1946, 1999, 1943, 1878, 1897, 1948, 2048, 1883, 1880, 1890, 1881, 1943, 1899, 1891, 1892, 1936, 1900, 1898, 1890, 1889, 1903, 1895, 2001, 1892, 1889, 1891, 1892, 1902, 1893, 1892, 1861, 2006, 1895, 1890, 1895, 1903, 1890, 1895, 1885, 1879, 1891, 1887, 1884, 1892, 1877, 1874, 1883, 1902, 1883, 2023, 1878, 1877, 1944, 1936, 1915, 1937, 1939, 1884, 1889, 2014, 1913, 1890, 1882, 1898, 1879, 1890, 1886, 1892], "decoding": [1386, 3798, 3617, 3973, 4010, 3923, 3944, 3960, 3875, 3994, 3977, 3956, 3926, 3911, 3905, 4065, 3995, 3870, 3870, 3843, 3868, 3927, 3921, 3937, 3980, 3850, 4008, 3984, 4002, 4039, 4046, 3934, 4009, 3891, 3887, 3921, 3934, 3819, 3875, 3965, 3944, 3964, 3921, 3872, 3957, 3867, 3918, 3877, 3914, 3879, 3920, 5255, 3886, 4020, 3929, 4022, 3996, 3983, 3990, 4024, 4017, 4025, 3941, 4021, 4011, 3920, 3899, 3896, 3956, 4010, 3945, 4035, 3952, 4002, 3911, 4001, 4024, 3951, 3952, 3920, 3946, 3904, 3873, 3914, 3899, 3913, 3979, 3883, 3911, 4004, 3917, 3957, 3921, 3899, 3946, 4030, 3978, 3916, 3960, 3993], "forwarding_mean": 1175.9400000000001, "forwarding": [1264, 1141, 1096, 1153, 1152, 1161, 1287, 1241, 1260, 1187, 1428, 1157, 1181, 1156, 1207, 1199, 1190, 1199, 1139, 1116, 1172, 1193, 1165, 1151, 1184, 1157, 1161, 1155, 1158, 1186, 1190, 1188, 1195, 1299, 1217, 1153, 1156, 1145, 1155, 1190, 1189, 1196, 1190, 1155, 1166, 1188, 1190, 1166, 1182, 1158, 1166, 1221, 1139, 1307, 1200, 1199, 1167, 1181, 1152, 1152, 1214, 1199, 1161, 1180, 1182, 1173, 1192, 1166, 1189, 1190, 1191, 1165, 1116, 1186, 1186, 1207, 1200, 1164, 1151, 1161, 1189, 1163, 1152, 1123, 1119, 1112, 1149, 1153, 1114, 1148, 1117, 1117, 1118, 1161, 1159, 1163, 1188, 1140, 1130, 1158], "decoding_mean": 3928.6500000000001, "coding_sd": 82.859082181737932}, "B": {"coding_mean": 1993.23, "decoding_sd": 48.702848992641073, "forwarding_sd": 16.669385111635044, "coding": [1695, 1984, 1949, 1968, 1962, 1986, 1967, 1981, 2011, 1977, 1989, 1955, 1963, 1942, 2023, 1954, 1975, 1977, 1966, 1949, 1950, 1951, 1949, 1985, 1957, 1972, 1951, 1945, 1959, 1941, 1943, 1947, 1950, 1981, 1967, 2034, 1997, 2010, 2035, 1984, 2004, 2002, 2052, 2002, 1989, 1994, 1991, 2040, 1973, 2050, 1986, 2023, 1996, 2025, 2032, 1995, 2041, 2023, 1994, 1957, 2010, 2083, 2004, 1991, 2132, 2000, 2036, 1993, 1998, 2024, 2002, 2002, 2035, 2103, 2008, 2029, 1996, 1990, 2032, 1995, 2000, 2027, 2025, 1986, 2000, 1991, 2007, 2044, 2035, 2025, 2030, 1996, 2002, 2039, 1946, 2014, 2001, 1986, 2005, 1951], "decoding": [1366, 1280, 1405, 1591, 1450, 1475, 1454, 1458, 1456, 1442, 1462, 1452, 1433, 1487, 1457, 1446, 1462, 1475, 1454, 1460, 1457, 1452, 1452, 1442, 1463, 1466, 1478, 1456, 1443, 1471, 1456, 1475, 1422, 1450, 1457, 1446, 1435, 1470, 1469, 1452, 1445, 1424, 1454, 1436, 1451, 1404, 1430, 1444, 1467, 1405, 1841, 1442, 1450, 1467, 1455, 1448, 1469, 1441, 1429, 1463, 1462, 1480, 1464, 1445, 1410, 1449, 1443, 1454, 1448, 1468, 1453, 1476, 1454, 1454, 1460, 1474, 1469, 1455, 1458, 1442, 1434, 1408, 1462, 1435, 1441, 1437, 1439, 1446, 1420, 1440, 1450, 1439, 1444, 1457, 1453, 1421, 1461, 1407, 1452, 1449], "forwarding_mean": 1212.54, "forwarding": [1191, 1119, 1213, 1220, 1208, 1218, 1249, 1211, 1165, 1206, 1219, 1222, 1219, 1218, 1219, 1201, 1201, 1205, 1211, 1215, 1221, 1216, 1212, 1217, 1206, 1226, 1210, 1217, 1211, 1221, 1207, 1202, 1223, 1215, 1219, 1230, 1209, 1237, 1219, 1214, 1210, 1235, 1174, 1216, 1201, 1202, 1214, 1243, 1199, 1221, 1226, 1184, 1205, 1215, 1215, 1202, 1207, 1209, 1217, 1220, 1221, 1198, 1191, 1195, 1234, 1210, 1248, 1205, 1202, 1209, 1231, 1206, 1220, 1201, 1209, 1206, 1204, 1209, 1202, 1234, 1218, 1208, 1219, 1209, 1222, 1219, 1205, 1231, 1213, 1219, 1225, 1228, 1207, 1226, 1211, 1216, 1220, 1242, 1226, 1178], "decoding_mean": 1452.55, "coding_sd": 46.0970400351259}}