{"A": {"coding_mean": 1746.8900000000001, "decoding_sd": 982.28998462775746, "forwarding_sd": 385.49985732811888, "coding": [1740, 2795, 1854, 3054, 1937, 3070, 1866, 3063, 2076, 1917, 1852, 1895, 1897, 1861, 1870, 1896, 1936, 1905, 1860, 1894, 1854, 1875, 1901, 1874, 1870, 1933, 1904, 1937, 1906, 1837, 1785, 1837, 1837, 1775, 1948, 1900, 1863, 2018, 1863, 1890, 1908, 1958, 1854, 1920, 2042, 1898, 1896, 1927, 1909, 1831, 1857, 1901, 1785, 1646, 1675, 1679, 1667, 1676, 1680, 1737, 1796, 1915, 1862, 539, 828, 1756, 1844, 1894, 1855, 2394, 1812, 969, 607, 514, 525, 516, 533, 598, 557, 560, 503, 529, 515, 485, 510, 518, 1845, 1905, 1900, 1906, 1934, 3028, 1854, 1947, 1864, 1874, 2960, 2765, 2806, 2876], "decoding": [1247, 4358, 3649, 3721, 3701, 3636, 3698, 3774, 3716, 3763, 3708, 3696, 3714, 3691, 4200, 3745, 3710, 3945, 3792, 3801, 3701, 3729, 3720, 3750, 3691, 3803, 3786, 3674, 3907, 3727, 3821, 3803, 3761, 3675, 3652, 3699, 3805, 3805, 3780, 3757, 3916, 3698, 3762, 3718, 3783, 3784, 3668, 3696, 3671, 3752, 3806, 3760, 3671, 3418, 3328, 3365, 3370, 3336, 3365, 3815, 3704, 3719, 3762, 2001, 1739, 3857, 3868, 3711, 4107, 3725, 4422, 3658, 1256, 1018, 1003, 1087, 1114, 1104, 1149, 1096, 1114, 1037, 1004, 971, 1058, 1209, 4022, 3859, 3722, 3908, 3622, 3747, 3797, 3678, 3719, 3751, 3567, 4215, 3748, 3628], "forwarding_mean": 1121.4000000000001, "forwarding": [1210, 1224, 1149, 1159, 1162, 1145, 1166, 1152, 1144, 1253, 1571, 1596, 1590, 1584, 1151, 1599, 1600, 1934, 1602, 1612, 1591, 1557, 1583, 1592, 1589, 1572, 1598, 1606, 1595, 1100, 1112, 1115, 1111, 1094, 1136, 1113, 1114, 1104, 1174, 1165, 1152, 1157, 1721, 1147, 1147, 1172, 1159, 1166, 1153, 1156, 1161, 1166, 1146, 975, 967, 967, 957, 1035, 1019, 1092, 1143, 1163, 1167, 410, 374, 1601, 1653, 1151, 1461, 1168, 1405, 1097, 487, 339, 352, 315, 368, 345, 324, 428, 430, 362, 316, 352, 325, 334, 1167, 1179, 1199, 1146, 1157, 1213, 1174, 1166, 1162, 1187, 1172, 1172, 1178, 1159], "decoding_mean": 3314.6900000000001, "coding_sd": 618.69570703214026}, "B": {"coding_mean": 1871.24, "decoding_sd": 350.29646458392926, "forwarding_sd": 307.47753397606141, "coding": [2742, 1947, 1960, 1950, 1943, 1940, 1968, 3160, 1963, 2459, 2459, 2474, 2484, 1949, 2490, 2497, 2945, 2460, 2473, 2431, 2478, 2474, 2473, 2427, 2467, 2483, 2468, 2462, 1977, 1926, 1995, 2021, 1944, 2006, 1922, 1910, 1938, 1871, 2004, 1924, 1964, 2781, 1915, 2842, 1963, 1925, 1923, 1942, 1956, 1983, 1949, 1867, 1708, 1724, 1688, 1734, 1719, 1748, 1808, 1945, 1942, 1954, 677, 553, 2811, 2623, 1893, 2479, 1839, 2171, 1711, 769, 565, 568, 632, 616, 624, 617, 687, 654, 622, 615, 612, 598, 610, 1926, 1946, 1888, 1992, 1930, 1914, 1931, 1919, 1916, 1915, 1836, 1912, 1875, 1865, 1969], "decoding": [1574, 1274, 1343, 1320, 1263, 1343, 1351, 1351, 1385, 1357, 1334, 1362, 1308, 1415, 1346, 1363, 1450, 1345, 1358, 1356, 1346, 1347, 1315, 1355, 1324, 1310, 1359, 1342, 1351, 1300, 1322, 1306, 1330, 1303, 1337, 1360, 1322, 1344, 1318, 1363, 1344, 1305, 1304, 1312, 1375, 1311, 1339, 1301, 1307, 1329, 1307, 1295, 1160, 1157, 1149, 1170, 1157, 1158, 1274, 1324, 1316, 1306, 685, 390, 1346, 1485, 1319, 1609, 1343, 1684, 1275, 408, 365, 339, 399, 424, 385, 447, 382, 437, 359, 339, 352, 362, 385, 1383, 1333, 1290, 1370, 1312, 1334, 1330, 1375, 1318, 1367, 1281, 1421, 1331, 1324, 1347], "forwarding_mean": 1017.6900000000001, "forwarding": [1122, 1149, 1084, 1080, 1076, 1079, 1104, 1137, 1077, 1089, 1090, 1091, 1081, 1079, 1178, 1111, 1114, 1131, 1136, 1154, 1147, 1130, 1122, 1175, 1143, 1132, 1138, 1353, 1129, 1131, 1137, 1166, 1218, 1124, 1141, 1133, 1144, 1296, 1136, 1134, 1132, 1158, 1146, 1161, 1093, 1144, 1162, 1138, 1135, 1107, 1265, 1094, 1006, 1015, 1017, 1006, 1008, 974, 1838, 1100, 1136, 1149, 589, 421, 1133, 1153, 1396, 1128, 1366, 1136, 1112, 416, 258, 298, 297, 367, 335, 311, 338, 359, 322, 296, 336, 304, 382, 1100, 1101, 1381, 1161, 1155, 1167, 1137, 1136, 1138, 1151, 1137, 1144, 1141, 1142, 1150], "decoding_mean": 1184.8699999999999, "coding_sd": 621.35672717047169}}