{"A": {"coding_mean": 2269.3499999999999, "decoding_sd": 116.43304470810681, "forwarding_sd": 59.352589665489745, "coding": [1721, 2302, 2330, 2323, 2352, 2311, 2338, 2260, 2285, 2303, 2330, 2331, 2359, 2266, 2293, 2254, 2281, 2331, 2360, 2321, 2349, 2326, 2355, 2079, 2102, 2280, 2308, 2280, 2307, 2283, 2311, 2298, 2326, 2283, 2312, 2292, 2320, 2296, 2324, 2321, 2349, 2298, 2325, 2276, 2304, 2281, 2310, 2289, 2317, 2274, 2303, 2276, 2302, 2294, 2323, 2319, 2349, 2268, 2296, 2293, 2321, 2291, 2319, 2296, 2324, 2290, 2318, 2267, 2295, 2269, 2297, 2237, 2263, 2033, 2057, 2054, 2077, 2045, 2069, 2043, 2067, 2050, 2073, 2242, 2267, 2299, 2335, 2281, 2308, 2290, 2318, 2288, 2316, 2270, 2298, 2344, 2368, 2299, 2326, 2282], "decoding": [1189, 1883, 1883, 1159, 1159, 1114, 1114, 1132, 1132, 1133, 1133, 1144, 1144, 1149, 1149, 1141, 1141, 1148, 1148, 1142, 1142, 1137, 1137, 1120, 1120, 1161, 1161, 1190, 1190, 1156, 1156, 1200, 1200, 1159, 1159, 1202, 1202, 1152, 1152, 1099, 1099, 1098, 1098, 1109, 1109, 1093, 1093, 1110, 1110, 1116, 1116, 1100, 1100, 1097, 1097, 1112, 1112, 1098, 1098, 1091, 1091, 1092, 1092, 1141, 1141, 1152, 1152, 1153, 1153, 1156, 1156, 1156, 1156, 998, 998, 1109, 1109, 1012, 1012, 1011, 1011, 1013, 1013, 1049, 1049, 1241, 1241, 1097, 1097, 1165, 1165, 1153, 1153, 1148, 1148, 1120, 1120, 1151, 1151, 1156], "forwarding_mean": 1133.99, "forwarding": [1173, 1127, 1127, 1135, 1135, 1160, 1160, 1079, 1079, 1093, 1093, 1147, 1147, 1127, 1127, 1269, 1269, 1249, 1249, 1124, 1124, 1137, 1137, 1100, 1100, 1156, 1156, 1253, 1253, 1138, 1138, 1129, 1129, 1143, 1143, 1141, 1141, 1141, 1141, 1121, 1121, 1122, 1122, 1123, 1123, 1127, 1127, 1132, 1132, 1154, 1154, 1222, 1222, 1174, 1174, 1144, 1144, 1130, 1130, 1140, 1140, 1157, 1157, 1151, 1151, 1140, 1140, 1134, 1134, 1147, 1147, 1130, 1130, 1001, 1001, 1016, 1016, 1006, 1006, 1005, 1005, 1003, 1003, 1056, 1056, 1158, 1158, 1278, 1278, 1160, 1160, 1146, 1146, 1143, 1143, 1156, 1156, 1122, 1122, 1134], "decoding_mean": 1140.6900000000001, "coding_sd": 99.456761962171285}, "B": {"coding_mean": 2280.1700000000001, "decoding_sd": 56.177436751777833, "forwarding_sd": 49.069273481477182, "coding": [2456, 2479, 2341, 2368, 2257, 2285, 2271, 2295, 2314, 2342, 2319, 2347, 2263, 2290, 2315, 2351, 2292, 2319, 2281, 2308, 2272, 2299, 3215, 3241, 2226, 2253, 2220, 2247, 2226, 2253, 2275, 2304, 2268, 2301, 2272, 2300, 2277, 2305, 2288, 2315, 2298, 2325, 2297, 2331, 2252, 2282, 2306, 2334, 2276, 2305, 2299, 2327, 2298, 2327, 2299, 2326, 2280, 2308, 2302, 2330, 2302, 2330, 2227, 2253, 2248, 2275, 2247, 2274, 2228, 2256, 2279, 2307, 2259, 2283, 2028, 2052, 2024, 2047, 1982, 2005, 2045, 2068, 2060, 2083, 2117, 2140, 2288, 2316, 2234, 2261, 2227, 2255, 2235, 2262, 2259, 2286, 2252, 2276, 2234, 2261], "decoding": [1245, 1245, 1260, 1260, 1259, 1259, 1257, 1257, 1272, 1272, 1265, 1265, 1277, 1277, 1261, 1261, 1302, 1302, 1259, 1259, 1290, 1290, 1319, 1319, 1331, 1331, 1318, 1318, 1308, 1308, 1314, 1314, 1322, 1322, 1311, 1311, 1305, 1305, 1249, 1249, 1219, 1219, 1219, 1219, 1219, 1219, 1205, 1205, 1222, 1222, 1211, 1211, 1216, 1216, 1225, 1225, 1218, 1218, 1219, 1219, 1220, 1220, 1276, 1276, 1276, 1276, 1266, 1266, 1279, 1279, 1274, 1274, 1232, 1232, 1120, 1120, 1113, 1113, 1125, 1125, 1118, 1118, 1125, 1125, 1140, 1140, 1233, 1233, 1267, 1267, 1269, 1269, 1261, 1261, 1313, 1313, 1265, 1265, 1248, 1248], "forwarding_mean": 1051.9200000000001, "forwarding": [1032, 1032, 1005, 1005, 1002, 1002, 1004, 1004, 1004, 1004, 1107, 1107, 1090, 1090, 1091, 1091, 1093, 1093, 1093, 1093, 1057, 1057, 1052, 1052, 1070, 1070, 1109, 1109, 1014, 1014, 1015, 1015, 1055, 1055, 1051, 1051, 1049, 1049, 1046, 1046, 1018, 1018, 1048, 1048, 1054, 1054, 1017, 1017, 1071, 1071, 1062, 1062, 1104, 1104, 1074, 1074, 1084, 1084, 1095, 1095, 1060, 1060, 1278, 1278, 1065, 1065, 1065, 1065, 1068, 1068, 1053, 1053, 1054, 1054, 973, 973, 967, 967, 975, 975, 971, 971, 968, 968, 1025, 1025, 1056, 1056, 1052, 1052, 1063, 1063, 1060, 1060, 1067, 1067, 1057, 1057, 1053, 1053], "decoding_mean": 1246.3399999999999, "coding_sd": 161.18821638072677}}