{"A": {"coding_mean": 1852.49, "decoding_sd": 254.48160228197244, "forwarding_sd": 66.487276226357778, "coding": [1766, 1670, 1570, 1581, 1831, 1813, 1850, 2019, 1886, 2031, 1878, 1883, 1945, 1827, 1843, 1802, 1816, 1812, 1809, 1889, 1813, 1862, 1811, 1836, 1842, 1886, 1831, 1892, 1911, 1888, 1814, 1915, 1815, 1893, 1816, 1872, 1901, 1894, 1823, 1825, 1838, 1813, 1873, 1831, 1892, 1873, 1850, 1758, 1859, 1801, 1845, 1928, 1915, 1916, 1899, 1812, 1886, 1898, 1865, 1795, 1858, 1879, 1902, 1894, 1844, 1907, 1859, 1890, 1819, 1911, 1916, 1882, 1884, 1886, 1877, 1818, 1847, 1788, 1860, 1868, 1879, 1816, 1878, 1882, 1838, 1844, 1880, 1812, 1834, 1812, 1858, 1794, 1813, 1889, 1883, 1909, 1892, 1824, 1822, 1893], "decoding": [1138, 3342, 2982, 2997, 3492, 3444, 3458, 3477, 3445, 3535, 3471, 3536, 3559, 3631, 3574, 3453, 3520, 3457, 3469, 3457, 3530, 3470, 3444, 3480, 3487, 3547, 3524, 3624, 3552, 3512, 3527, 3548, 3493, 3599, 3634, 3568, 3433, 3524, 3487, 3582, 3439, 3465, 3506, 3522, 3538, 3649, 3626, 3636, 3709, 3550, 3536, 3650, 3556, 3553, 3469, 3424, 3601, 3538, 3530, 3574, 3462, 3464, 3518, 3521, 3558, 3576, 3563, 3543, 3553, 3508, 3568, 3574, 3565, 3527, 3541, 3560, 3506, 3565, 3454, 3516, 3465, 3462, 3541, 3459, 3472, 3466, 3455, 3471, 3445, 3546, 3481, 3468, 3602, 3519, 3548, 3502, 3477, 3455, 3569, 3461], "forwarding_mean": 1045.3900000000001, "forwarding": [1116, 1081, 952, 965, 1039, 1055, 1526, 1037, 1042, 1046, 1046, 1034, 1037, 1278, 1075, 987, 990, 985, 988, 988, 986, 986, 986, 993, 992, 1037, 1028, 1035, 1045, 1035, 1069, 1076, 1070, 1074, 1032, 1079, 1067, 1058, 993, 1000, 993, 996, 992, 994, 1084, 1069, 1065, 1070, 1039, 1036, 1035, 1047, 1040, 1044, 1043, 989, 993, 1030, 1032, 1038, 1028, 1035, 1034, 1162, 1032, 1151, 1033, 1031, 1031, 1040, 1042, 1042, 1037, 1038, 1135, 1178, 1054, 1045, 1033, 1038, 1037, 1035, 1041, 1075, 1029, 1065, 1079, 996, 989, 1081, 1039, 1044, 986, 1037, 983, 1064, 1058, 1040, 1034, 1071], "decoding_mean": 3485.79, "coding_sd": 62.879010011290738}, "B": {"coding_mean": 1878.4100000000001, "decoding_sd": 28.728557220995281, "forwarding_sd": 36.62148413158593, "coding": [1752, 1721, 1703, 1880, 1871, 1851, 1858, 1905, 1999, 1882, 1904, 1896, 1880, 1875, 1864, 1895, 1875, 1867, 1967, 1887, 1890, 1891, 1881, 1887, 1844, 1981, 1878, 1870, 1860, 1881, 1868, 1879, 1879, 1889, 1890, 1914, 1893, 1903, 1891, 1879, 1885, 1855, 1876, 1881, 1886, 1877, 1869, 1881, 1840, 1874, 1891, 1877, 1888, 1881, 1875, 1890, 1879, 1880, 1863, 1879, 1879, 1893, 1879, 1884, 1873, 1876, 1883, 1877, 1894, 1896, 1884, 1882, 1871, 1886, 1888, 1875, 1875, 1868, 1853, 1888, 1892, 1899, 1885, 1885, 1896, 1884, 1889, 1884, 1894, 1840, 1895, 1876, 1870, 1875, 1875, 1875, 1887, 1882, 1881, 1866], "decoding": [1150, 1056, 1071, 1252, 1229, 1271, 1247, 1250, 1277, 1250, 1239, 1243, 1232, 1255, 1243, 1233, 1245, 1222, 1234, 1237, 1251, 1241, 1234, 1239, 1249, 1252, 1231, 1238, 1244, 1232, 1257, 1224, 1256, 1249, 1241, 1236, 1225, 1240, 1239, 1236, 1228, 1239, 1245, 1237, 1244, 1226, 1237, 1247, 1235, 1232, 1235, 1246, 1233, 1251, 1233, 1245, 1250, 1238, 1259, 1236, 1232, 1251, 1239, 1252, 1248, 1246, 1257, 1240, 1237, 1249, 1246, 1247, 1261, 1251, 1243, 1293, 1252, 1244, 1253, 1250, 1245, 1238, 1250, 1241, 1243, 1227, 1238, 1239, 1230, 1249, 1227, 1239, 1241, 1228, 1251, 1242, 1240, 1247, 1241, 1237], "forwarding_mean": 1092.1300000000001, "forwarding": [1038, 926, 930, 1104, 1098, 1109, 1051, 1046, 1047, 1059, 1047, 1036, 1100, 1203, 1102, 1092, 1102, 1095, 1095, 1100, 1094, 1104, 1110, 1106, 1038, 1113, 1094, 1091, 1097, 1102, 1095, 1092, 1090, 1093, 1097, 1094, 1091, 1087, 1098, 1102, 1108, 1106, 1095, 1049, 1097, 1098, 1170, 1103, 1086, 1109, 1097, 1092, 1089, 1104, 1109, 1110, 1047, 1042, 1103, 1102, 1099, 1096, 1087, 1089, 1096, 1107, 1095, 1097, 1096, 1096, 1112, 1110, 1105, 1104, 1100, 1102, 1106, 1092, 1093, 1110, 1098, 1096, 1104, 1192, 1118, 1101, 1098, 1053, 1039, 1105, 1089, 1100, 1211, 1104, 1058, 1091, 1092, 1093, 1107, 1088], "decoding_mean": 1238.3, "coding_sd": 34.790830688559311}}