{"A": {"coding_mean": 2576.9899999999998, "decoding_sd": 87.48625949256261, "forwarding_sd": 68.648335012584255, "coding": [2033, 2837, 2870, 2950, 2988, 2804, 2839, 2849, 2882, 2787, 2817, 2790, 2824, 2780, 2817, 2799, 2868, 2828, 2861, 2730, 2763, 2431, 2460, 2483, 2512, 2413, 2441, 2455, 2478, 2484, 2506, 2435, 2460, 2478, 2502, 2388, 2410, 2499, 2521, 2445, 2469, 2441, 2465, 2451, 2475, 2471, 2495, 2481, 2505, 2491, 2523, 2498, 2520, 2482, 2506, 2524, 2547, 2471, 2494, 2488, 2511, 2457, 2480, 2485, 2508, 2431, 2456, 2490, 2514, 2498, 2522, 2480, 2504, 2592, 2616, 2512, 2535, 2484, 2507, 2502, 2525, 2432, 2456, 2541, 2565, 2512, 2535, 2474, 2497, 2479, 2503, 2502, 2526, 2459, 2483, 2521, 2545, 3609, 3639, 2498], "decoding": [1483, 1368, 1368, 1389, 1389, 1397, 1397, 1366, 1366, 1368, 1368, 1358, 1358, 1352, 1352, 1364, 1364, 1419, 1419, 1350, 1350, 1156, 1156, 1199, 1199, 1203, 1203, 1112, 1112, 1207, 1207, 1300, 1300, 1199, 1199, 1202, 1202, 1201, 1201, 1113, 1113, 1200, 1200, 1118, 1118, 1120, 1120, 1166, 1166, 1196, 1196, 1128, 1128, 1200, 1200, 1196, 1196, 1305, 1305, 1198, 1198, 1120, 1120, 1122, 1122, 1207, 1207, 1203, 1203, 1203, 1203, 1197, 1197, 1208, 1208, 1195, 1195, 1199, 1199, 1201, 1201, 1199, 1199, 1195, 1195, 1118, 1118, 1200, 1200, 1200, 1200, 1208, 1208, 1204, 1204, 1210, 1210, 1211, 1211, 1205], "forwarding_mean": 1195.6900000000001, "forwarding": [1430, 1320, 1320, 1272, 1272, 1271, 1271, 1266, 1266, 1281, 1281, 1291, 1291, 1286, 1286, 1411, 1411, 1402, 1402, 1226, 1226, 1090, 1090, 1164, 1164, 1172, 1172, 1168, 1168, 1172, 1172, 1172, 1172, 1174, 1174, 1173, 1173, 1168, 1168, 1166, 1166, 1167, 1167, 1099, 1099, 1171, 1171, 1169, 1169, 1079, 1079, 1179, 1179, 1169, 1169, 1170, 1170, 1176, 1176, 1164, 1164, 1170, 1170, 1173, 1173, 1175, 1175, 1176, 1176, 1165, 1165, 1171, 1171, 1197, 1197, 1176, 1176, 1173, 1173, 1174, 1174, 1176, 1176, 1171, 1171, 1117, 1117, 1175, 1175, 1170, 1170, 1173, 1173, 1227, 1227, 1164, 1164, 1171, 1171, 1175], "decoding_mean": 1227.8800000000001, "coding_sd": 213.9019632915977}, "B": {"coding_mean": 2543.9299999999998, "decoding_sd": 96.329227132786656, "forwarding_sd": 60.074566998023379, "coding": [3490, 3522, 2750, 2784, 2744, 2787, 2760, 2796, 2858, 2892, 2774, 2807, 2738, 2770, 2748, 2809, 2904, 2935, 2806, 2836, 2487, 2515, 2474, 2503, 2584, 2613, 2435, 2460, 2454, 2478, 2445, 2469, 2497, 2521, 2463, 2487, 2488, 2512, 2483, 2508, 2495, 2519, 2480, 2504, 2405, 2430, 2488, 2513, 2482, 2507, 2481, 2506, 2390, 2411, 2452, 2477, 2486, 2510, 2475, 2498, 2435, 2459, 2455, 2480, 2407, 2430, 2477, 2498, 2392, 2416, 2399, 2422, 2416, 2439, 2399, 2422, 2378, 2401, 2547, 2571, 2458, 2482, 2416, 2439, 2405, 2430, 2408, 2431, 2402, 2425, 2415, 2439, 2406, 2431, 2421, 2446, 2430, 2455, 2446, 2470], "decoding": [1417, 1417, 1546, 1546, 1501, 1501, 1518, 1518, 1555, 1555, 1537, 1537, 1514, 1514, 1532, 1532, 1547, 1547, 1503, 1503, 1322, 1322, 1280, 1280, 1269, 1269, 1304, 1304, 1233, 1233, 1301, 1301, 1310, 1310, 1397, 1397, 1301, 1301, 1311, 1311, 1223, 1223, 1302, 1302, 1220, 1220, 1303, 1303, 1303, 1303, 1308, 1308, 1210, 1210, 1330, 1330, 1312, 1312, 1303, 1303, 1311, 1311, 1232, 1232, 1231, 1231, 1306, 1306, 1307, 1307, 1306, 1306, 1312, 1312, 1316, 1316, 1301, 1301, 1304, 1304, 1298, 1298, 1310, 1310, 1225, 1225, 1312, 1312, 1304, 1304, 1308, 1308, 1308, 1308, 1310, 1310, 1314, 1314, 1313, 1313], "forwarding_mean": 1196.9200000000001, "forwarding": [1295, 1295, 1290, 1290, 1326, 1326, 1319, 1319, 1328, 1328, 1326, 1326, 1335, 1335, 1332, 1332, 1292, 1292, 1289, 1289, 1176, 1176, 1172, 1172, 1167, 1167, 1159, 1159, 1174, 1174, 1172, 1172, 1178, 1178, 1159, 1159, 1159, 1159, 1174, 1174, 1171, 1171, 1171, 1171, 1172, 1172, 1165, 1165, 1180, 1180, 1176, 1176, 1168, 1168, 1171, 1171, 1171, 1171, 1166, 1166, 1170, 1170, 1177, 1177, 1178, 1178, 1108, 1108, 1192, 1192, 1165, 1165, 1176, 1176, 1177, 1177, 1176, 1176, 1176, 1176, 1165, 1165, 1178, 1178, 1165, 1165, 1136, 1136, 1133, 1133, 1154, 1154, 1169, 1169, 1171, 1171, 1179, 1179, 1168, 1168], "decoding_mean": 1338.8, "coding_sd": 196.4730136685443}}