{"A": {"coding_mean": 2044.29, "decoding_sd": 88.757165344551197, "forwarding_sd": 94.703926000984779, "coding": [1746, 2245, 2274, 2261, 2290, 2007, 2031, 1934, 1957, 1950, 1972, 1954, 1974, 1956, 1978, 1970, 1992, 1988, 2010, 1947, 1970, 1908, 1929, 1947, 1969, 1970, 1993, 1888, 1909, 1936, 1957, 1945, 1967, 1926, 1948, 1897, 1919, 1955, 1975, 1903, 1926, 1955, 1979, 1941, 1963, 1947, 1969, 1964, 1986, 1963, 1985, 1957, 1979, 1944, 1966, 1901, 1929, 1964, 1986, 1951, 1973, 1961, 1984, 1960, 1982, 1964, 1986, 1936, 1959, 1940, 1962, 1957, 1979, 1997, 2021, 2120, 2146, 2253, 2280, 2263, 2293, 2253, 2282, 2223, 2251, 2266, 2293, 2253, 2282, 2261, 2289, 2272, 2301, 2250, 2279, 2254, 2283, 2276, 2307, 2236], "decoding": [1162, 1136, 1136, 1192, 1192, 998, 998, 937, 937, 935, 935, 942, 942, 935, 935, 934, 934, 953, 953, 939, 939, 932, 932, 941, 941, 927, 927, 938, 938, 933, 933, 934, 934, 941, 941, 940, 940, 934, 934, 938, 938, 945, 945, 935, 935, 945, 945, 938, 938, 951, 951, 937, 937, 947, 947, 939, 939, 947, 947, 947, 947, 943, 943, 940, 940, 945, 945, 944, 944, 938, 938, 943, 943, 942, 942, 960, 960, 1129, 1129, 1134, 1134, 1114, 1114, 1131, 1131, 1121, 1121, 1138, 1138, 1135, 1135, 1132, 1132, 1126, 1126, 1146, 1146, 1136, 1136, 1148], "forwarding_mean": 963.08000000000004, "forwarding": [1127, 1218, 1218, 1079, 1079, 915, 915, 945, 945, 854, 854, 853, 853, 854, 854, 857, 857, 867, 867, 906, 906, 908, 908, 903, 903, 897, 897, 899, 899, 907, 907, 908, 908, 905, 905, 912, 912, 903, 903, 998, 998, 906, 906, 911, 911, 902, 902, 903, 903, 918, 918, 909, 909, 902, 902, 913, 913, 965, 965, 903, 903, 901, 901, 899, 899, 904, 904, 903, 903, 903, 903, 896, 896, 932, 932, 1016, 1016, 1084, 1084, 1091, 1091, 1089, 1089, 1096, 1096, 1098, 1098, 1096, 1096, 1109, 1109, 1109, 1109, 1097, 1097, 1102, 1102, 1094, 1094, 1103], "decoding_mean": 996.84000000000003, "coding_sd": 142.97232564381122}, "B": {"coding_mean": 2046.97, "decoding_sd": 97.074066567750208, "forwarding_sd": 81.384273665125249, "coding": [3095, 3122, 2230, 2260, 1924, 1947, 1982, 2005, 1913, 1934, 1910, 1932, 1945, 1968, 1941, 1963, 1941, 1963, 1950, 1972, 1995, 2017, 1922, 1942, 1913, 1934, 1981, 2003, 1979, 2001, 1991, 2012, 1994, 2015, 1983, 2005, 1984, 2006, 1985, 2007, 1906, 1928, 1899, 1920, 1914, 1936, 1921, 1943, 1891, 1913, 1909, 1931, 1906, 1928, 1961, 1982, 1898, 1920, 1907, 1928, 1885, 1907, 1916, 1938, 1914, 1936, 1892, 1914, 1915, 1937, 1910, 1932, 1907, 1929, 1928, 1950, 2237, 2266, 2171, 2205, 2228, 2257, 2227, 2255, 2178, 2206, 2275, 2304, 2284, 2311, 2267, 2295, 2238, 2267, 2238, 2266, 2237, 2266, 2237, 2265], "decoding": [1169, 1169, 1238, 1238, 1262, 1262, 1056, 1056, 1038, 1038, 1041, 1041, 1037, 1037, 1046, 1046, 1049, 1049, 1037, 1037, 1046, 1046, 1036, 1036, 1040, 1040, 1044, 1044, 1036, 1036, 1042, 1042, 1044, 1044, 1041, 1041, 1035, 1035, 1047, 1047, 1037, 1037, 1044, 1044, 1039, 1039, 1047, 1047, 1037, 1037, 1046, 1046, 1049, 1049, 1044, 1044, 1038, 1038, 1044, 1044, 1034, 1034, 1045, 1045, 1041, 1041, 1053, 1053, 1041, 1041, 1042, 1042, 1034, 1034, 1077, 1077, 1258, 1258, 1264, 1264, 1256, 1256, 1268, 1268, 1252, 1252, 1270, 1270, 1254, 1254, 1271, 1271, 1235, 1235, 1261, 1261, 1253, 1253, 1274, 1274], "forwarding_mean": 954.39999999999998, "forwarding": [1108, 1108, 1088, 1088, 1104, 1104, 916, 916, 908, 908, 892, 892, 899, 899, 896, 896, 908, 908, 900, 900, 901, 901, 902, 902, 891, 891, 896, 896, 896, 896, 894, 894, 905, 905, 894, 894, 905, 905, 902, 902, 906, 906, 901, 901, 903, 903, 900, 900, 902, 902, 904, 904, 903, 903, 902, 902, 904, 904, 909, 909, 896, 896, 898, 898, 900, 900, 903, 903, 901, 901, 899, 899, 905, 905, 920, 920, 1097, 1097, 1091, 1091, 1078, 1078, 1080, 1080, 1095, 1095, 1081, 1081, 1083, 1083, 1063, 1063, 1049, 1049, 1048, 1048, 1043, 1043, 1051, 1051], "decoding_mean": 1105.8399999999999, "coding_sd": 204.71367589880259}}