{"A": {"coding_mean": 1713.4300000000001, "decoding_sd": 296.34703491008651, "forwarding_sd": 287.16667703617702, "coding": [1860, 2327, 2358, 2347, 2374, 2290, 2318, 2672, 2700, 2389, 2417, 2313, 2342, 2347, 2376, 1303, 1318, 819, 830, 1477, 1495, 1887, 1913, 1846, 1875, 1853, 1879, 1087, 1101, 1134, 1174, 1065, 1078, 1331, 1349, 1247, 1264, 2294, 2322, 1187, 1202, 1395, 1414, 1584, 1603, 1180, 1195, 2215, 2241, 2246, 2273, 2430, 2457, 974, 986, 994, 1006, 2814, 2851, 2767, 2818, 1555, 1574, 1038, 1052, 950, 962, 2306, 2334, 1127, 1150, 798, 811, 1078, 1091, 1159, 1176, 1203, 1219, 1152, 1168, 2286, 2319, 1400, 1446, 969, 984, 1018, 1033, 2298, 2330, 2277, 2319, 2293, 2325, 2339, 2372, 2388, 2416, 1425], "decoding": [1179, 1123, 1123, 1128, 1128, 1157, 1157, 1156, 1156, 1166, 1166, 1128, 1128, 1141, 1141, 1126, 1126, 435, 435, 990, 990, 1007, 1007, 1011, 1011, 1154, 1154, 636, 636, 528, 528, 644, 644, 651, 651, 622, 622, 597, 597, 725, 725, 736, 736, 1821, 1821, 658, 658, 1121, 1121, 1126, 1126, 1145, 1145, 526, 526, 534, 534, 1170, 1170, 602, 602, 1284, 1284, 641, 641, 837, 837, 1114, 1114, 497, 497, 1130, 1130, 874, 874, 863, 863, 777, 777, 497, 497, 1184, 1184, 445, 445, 543, 543, 490, 490, 1116, 1116, 1122, 1122, 1120, 1120, 1126, 1126, 1126, 1126, 1128], "forwarding_mean": 829.13999999999999, "forwarding": [1174, 1069, 1069, 1115, 1115, 1260, 1260, 1106, 1106, 1108, 1108, 1098, 1098, 1160, 1160, 1086, 1086, 437, 437, 773, 773, 908, 908, 884, 884, 883, 883, 549, 549, 614, 614, 529, 529, 609, 609, 594, 594, 593, 593, 625, 625, 609, 609, 1150, 1150, 593, 593, 1125, 1125, 1122, 1122, 1123, 1123, 532, 532, 516, 516, 1111, 1111, 1287, 1287, 1105, 1105, 508, 508, 496, 496, 1074, 1074, 544, 544, 487, 487, 1013, 1013, 569, 569, 564, 564, 541, 541, 1156, 1156, 418, 418, 547, 547, 550, 550, 1125, 1125, 1132, 1132, 1069, 1069, 1095, 1095, 315, 315, 788], "decoding_mean": 910.07000000000005, "coding_sd": 612.59244616629098}, "B": {"coding_mean": 1669.76, "decoding_sd": 331.13159680103013, "forwarding_sd": 260.60162777695768, "coding": [1715, 1731, 2248, 2276, 2291, 2319, 2433, 2460, 2296, 2325, 2429, 2455, 2965, 2993, 2213, 2241, 757, 766, 1040, 1054, 1423, 1445, 2099, 2137, 1864, 1888, 1436, 1452, 1069, 1083, 1028, 1041, 1217, 1232, 1215, 1234, 1221, 1236, 1494, 1512, 1207, 1222, 2254, 2281, 1140, 1157, 1150, 1174, 2195, 2220, 2243, 2269, 879, 890, 907, 918, 1133, 1147, 1885, 1917, 1181, 1197, 970, 982, 907, 919, 2344, 2372, 955, 968, 2460, 2496, 2239, 2271, 1269, 1286, 1159, 1177, 2772, 2807, 962, 976, 862, 875, 2025, 2043, 937, 955, 1793, 1816, 2338, 2372, 2231, 2263, 2287, 2319, 2498, 2526, 1315, 1331], "decoding": [473, 473, 1427, 1427, 1235, 1235, 1253, 1253, 1246, 1246, 1268, 1268, 1420, 1420, 1187, 1187, 445, 445, 562, 562, 793, 793, 1483, 1483, 1110, 1110, 1012, 1012, 588, 588, 587, 587, 628, 628, 689, 689, 682, 682, 891, 891, 805, 805, 1264, 1264, 685, 685, 851, 851, 1251, 1251, 1315, 1315, 885, 885, 604, 604, 566, 566, 1248, 1248, 889, 889, 563, 563, 829, 829, 1276, 1276, 661, 661, 806, 806, 863, 863, 1184, 1184, 714, 714, 668, 668, 594, 594, 796, 796, 1852, 1852, 578, 578, 666, 666, 1264, 1264, 1288, 1288, 1398, 1398, 1268, 1268, 1232, 1232], "forwarding_mean": 768.53999999999996, "forwarding": [496, 496, 1030, 1030, 1036, 1036, 1068, 1068, 1079, 1079, 1410, 1410, 1081, 1081, 1063, 1063, 335, 335, 592, 592, 707, 707, 860, 860, 857, 857, 945, 945, 543, 543, 489, 489, 514, 514, 547, 547, 686, 686, 721, 721, 609, 609, 1055, 1055, 571, 571, 592, 592, 1116, 1116, 1013, 1013, 476, 476, 627, 627, 598, 598, 735, 735, 580, 580, 481, 481, 427, 427, 1064, 1064, 509, 509, 434, 434, 492, 492, 1000, 1000, 600, 600, 1063, 1063, 509, 509, 604, 604, 1037, 1037, 471, 471, 683, 683, 1093, 1093, 1078, 1078, 1054, 1054, 1069, 1069, 728, 728], "decoding_mean": 956.84000000000003, "coding_sd": 622.00125594728502}}