{"A": {"coding_mean": 2228.0, "decoding_sd": 248.62778284013237, "forwarding_sd": 51.127389919689818, "coding": [1771, 1819, 2237, 2208, 2090, 1857, 2096, 2035, 2270, 2360, 2407, 2214, 2271, 2260, 2289, 3152, 2250, 2318, 2209, 2316, 2297, 2365, 2247, 2122, 2150, 2195, 2253, 2290, 2164, 2260, 2120, 2029, 2171, 2358, 2139, 2230, 2170, 2327, 2201, 2315, 2010, 2052, 2689, 2316, 2193, 2355, 2360, 2216, 2296, 2563, 2238, 2100, 2257, 2241, 2388, 2458, 2118, 2013, 2132, 2242, 2037, 2248, 2416, 2206, 2039, 2241, 2100, 2419, 2348, 2091, 2135, 2259, 2178, 2350, 2258, 2221, 2219, 2283, 2173, 2165, 2220, 2303, 2301, 2339, 2126, 2238, 2159, 2359, 2166, 2163, 2198, 2230, 2236, 2295, 2201, 1975, 2340, 2327, 2090, 2079], "decoding": [1185, 3396, 3516, 3487, 3706, 3553, 3585, 3594, 3639, 3592, 3537, 3587, 3592, 3563, 3631, 3712, 3568, 3557, 3625, 3530, 3590, 3564, 3590, 3541, 3519, 3575, 3554, 3577, 3647, 3585, 3641, 3626, 3576, 3523, 3546, 3578, 3595, 3589, 3566, 3556, 3545, 3548, 3574, 3626, 3548, 3552, 3486, 3583, 3545, 3559, 3653, 3673, 3567, 3453, 3664, 3571, 3551, 3679, 3665, 3579, 3583, 3528, 3510, 3545, 3586, 3588, 3650, 3266, 3248, 3474, 3608, 3508, 3583, 3600, 3547, 3554, 3640, 3585, 3579, 3645, 3669, 3623, 3648, 3572, 3661, 3661, 3570, 3592, 3650, 3568, 3526, 3561, 3525, 3621, 3591, 3590, 3691, 3673, 3686, 3597], "forwarding_mean": 1077.3, "forwarding": [1135, 1082, 1058, 1087, 1091, 1095, 1093, 1016, 993, 990, 1089, 1079, 1046, 1094, 1100, 1090, 1085, 1070, 1092, 1097, 1056, 1139, 1219, 1203, 1253, 1160, 1241, 1075, 1092, 1069, 1057, 1087, 1052, 1045, 1074, 1033, 1075, 1086, 1085, 1099, 1039, 1059, 1055, 1095, 1086, 1036, 1095, 1061, 1089, 1314, 1053, 1089, 1046, 1111, 1026, 1071, 1065, 1134, 1043, 1070, 1053, 1079, 1082, 1102, 1053, 1033, 1057, 1127, 1125, 1152, 1076, 1088, 1052, 1074, 1045, 1060, 1032, 1043, 1084, 1020, 1043, 1054, 1030, 1027, 1075, 1093, 1057, 992, 1037, 1055, 1019, 1036, 1048, 1079, 1049, 1083, 1048, 1002, 1101, 1046], "decoding_mean": 3554.1599999999999, "coding_sd": 164.73329960879192}, "B": {"coding_mean": 1868.6900000000001, "decoding_sd": 37.971161425481839, "forwarding_sd": 35.498691525181606, "coding": [1885, 1860, 1848, 1866, 1845, 1825, 1856, 1900, 1865, 1918, 1885, 1886, 2044, 1855, 2450, 1861, 1856, 1858, 1846, 1869, 1850, 1865, 1857, 1865, 1855, 1869, 1805, 1799, 1829, 1846, 1851, 1854, 1863, 1853, 1854, 1846, 1868, 1849, 1840, 1841, 1806, 1848, 1857, 1865, 1837, 1863, 1847, 1848, 2634, 1848, 1824, 1893, 1870, 1859, 1882, 1859, 1840, 1811, 1819, 1814, 1851, 1868, 1842, 1809, 1866, 1864, 1847, 1873, 1843, 1873, 1815, 1815, 1830, 1815, 1806, 1853, 1848, 1856, 1856, 1898, 1852, 1856, 1855, 1845, 1857, 1889, 1858, 1845, 1886, 1853, 1849, 1859, 1847, 1856, 1826, 1890, 1855, 1893, 1874, 1835], "decoding": [1210, 1248, 1258, 1261, 1210, 1272, 1268, 1357, 1297, 1232, 1256, 1260, 1214, 1262, 1207, 1260, 1244, 1300, 1249, 1252, 1217, 1221, 1245, 1251, 1236, 1245, 1249, 1251, 1244, 1256, 1256, 1245, 1260, 1247, 1261, 1273, 1261, 1250, 1258, 1256, 1258, 1253, 1248, 1248, 1260, 1175, 1283, 1240, 1254, 1255, 1246, 1264, 1083, 1275, 1246, 1262, 1269, 1252, 1255, 1262, 1254, 1202, 1247, 1257, 1258, 1256, 1074, 1089, 1153, 1269, 1258, 1243, 1260, 1239, 1265, 1301, 1269, 1290, 1255, 1280, 1255, 1261, 1259, 1247, 1251, 1251, 1256, 1238, 1263, 1249, 1239, 1260, 1257, 1272, 1242, 1251, 1295, 1250, 1260, 1291], "forwarding_mean": 1096.27, "forwarding": [1100, 1114, 1105, 1111, 1109, 1103, 1118, 1092, 1109, 1112, 1060, 1083, 1052, 1120, 1051, 1066, 1057, 1059, 1054, 1066, 1070, 1066, 1068, 1066, 1062, 1062, 1061, 1060, 1061, 1067, 1071, 1070, 1054, 1049, 1074, 1065, 1064, 1060, 1064, 1070, 1058, 1075, 1064, 1042, 1057, 1061, 1062, 1061, 1324, 1106, 1107, 1108, 1125, 1103, 1112, 1115, 1111, 1124, 1132, 1119, 1116, 1127, 1111, 1115, 1187, 1104, 1118, 1103, 1106, 1094, 1114, 1118, 1097, 1115, 1114, 1113, 1124, 1114, 1094, 1113, 1100, 1114, 1118, 1101, 1125, 1131, 1122, 1130, 1105, 1117, 1118, 1108, 1121, 1113, 1083, 1122, 1114, 1109, 1072, 1116], "decoding_mean": 1248.53, "coding_sd": 101.36337553574269}}