{"A": {"coding_mean": 2197.9299999999998, "decoding_sd": 62.590474514897224, "forwarding_sd": 47.953330436998847, "coding": [1853, 2429, 2454, 2364, 2393, 2347, 2374, 2354, 2383, 2357, 2385, 2515, 2543, 2378, 2406, 2169, 2192, 2205, 2229, 2124, 2149, 2126, 2150, 2118, 2143, 2120, 2144, 2127, 2152, 2130, 2154, 2138, 2162, 2119, 2144, 2146, 2171, 2293, 2317, 2229, 2253, 2133, 2158, 2112, 2136, 2125, 2149, 2105, 2129, 2118, 2143, 2282, 2305, 2123, 2154, 2132, 2157, 2131, 2155, 2131, 2156, 2130, 2155, 2172, 2196, 2167, 2191, 2229, 2252, 2153, 2177, 2117, 2141, 2234, 2258, 2156, 2180, 2135, 2159, 2132, 2156, 2202, 2226, 2127, 2152, 2145, 2170, 2164, 2187, 2094, 2118, 2268, 2292, 2167, 2192, 2146, 2170, 2175, 2198, 2137], "decoding": [1259, 1169, 1169, 1125, 1125, 1128, 1128, 1152, 1152, 1105, 1105, 1152, 1152, 1085, 1085, 1010, 1010, 1009, 1009, 1000, 1000, 1069, 1069, 923, 923, 919, 919, 934, 934, 1008, 1008, 1002, 1002, 1002, 1002, 930, 930, 999, 999, 1003, 1003, 1010, 1010, 997, 997, 990, 990, 1001, 1001, 1001, 1001, 996, 996, 915, 915, 1005, 1005, 1008, 1008, 997, 997, 1005, 1005, 998, 998, 1014, 1014, 1000, 1000, 1007, 1007, 1004, 1004, 1017, 1017, 998, 998, 1006, 1006, 1014, 1014, 1013, 1013, 990, 990, 999, 999, 1008, 1008, 1002, 1002, 923, 923, 924, 924, 1011, 1011, 998, 998, 1006], "forwarding_mean": 983.59000000000003, "forwarding": [1185, 1073, 1073, 1097, 1097, 1086, 1086, 1085, 1085, 1107, 1107, 1084, 1084, 1075, 1075, 989, 989, 966, 966, 980, 980, 965, 965, 963, 963, 952, 952, 968, 968, 967, 967, 959, 959, 958, 958, 930, 930, 960, 960, 974, 974, 959, 959, 965, 965, 962, 962, 964, 964, 964, 964, 966, 966, 959, 959, 968, 968, 959, 959, 971, 971, 966, 966, 969, 969, 968, 968, 982, 982, 957, 957, 956, 956, 961, 961, 968, 968, 966, 966, 955, 955, 962, 962, 951, 951, 965, 965, 968, 968, 975, 975, 962, 962, 968, 968, 964, 964, 964, 964, 970], "decoding_mean": 1014.15, "coding_sd": 102.58988790324318}, "B": {"coding_mean": 2216.0599999999999, "decoding_sd": 68.850414668322799, "forwarding_sd": 55.271316249932028, "coding": [2370, 2398, 2459, 2487, 2438, 2466, 2358, 2387, 2388, 2418, 2486, 2513, 2429, 2458, 2343, 2371, 2133, 2158, 2155, 2179, 2173, 2197, 2157, 2180, 2185, 2209, 2166, 2190, 2071, 2102, 2120, 2145, 2109, 2134, 2138, 2162, 2127, 2151, 2236, 2260, 2128, 2153, 2141, 2165, 2230, 2253, 2125, 2150, 2293, 2317, 2262, 2290, 2153, 2183, 2156, 2181, 2134, 2158, 2105, 2130, 2139, 2164, 2152, 2176, 2163, 2187, 2180, 2202, 2180, 2204, 2183, 2207, 2162, 2185, 2174, 2197, 2157, 2180, 2175, 2198, 2266, 2290, 2152, 2176, 2164, 2187, 2157, 2180, 2159, 2182, 2167, 2191, 2191, 2216, 2166, 2191, 2158, 2181, 2165, 2189], "decoding": [1209, 1209, 1247, 1247, 1256, 1256, 1271, 1271, 1264, 1264, 1240, 1240, 1256, 1256, 1188, 1188, 1118, 1118, 1033, 1033, 1094, 1094, 1114, 1114, 1036, 1036, 1030, 1030, 1075, 1075, 1207, 1207, 1202, 1202, 1020, 1020, 1034, 1034, 1109, 1109, 1021, 1021, 1107, 1107, 1115, 1115, 1062, 1062, 1102, 1102, 1111, 1111, 1112, 1112, 1034, 1034, 1105, 1105, 1121, 1121, 1113, 1113, 1194, 1194, 1107, 1107, 1120, 1120, 1119, 1119, 1019, 1019, 1099, 1099, 1120, 1120, 1121, 1121, 1106, 1106, 1108, 1108, 1112, 1112, 1126, 1126, 1102, 1102, 1107, 1107, 1113, 1113, 1040, 1040, 1097, 1097, 1111, 1111, 1224, 1224], "forwarding_mean": 978.03999999999996, "forwarding": [1111, 1111, 1117, 1117, 1197, 1197, 1050, 1050, 1083, 1083, 1065, 1065, 1072, 1072, 1028, 1028, 949, 949, 991, 991, 952, 952, 968, 968, 960, 960, 964, 964, 952, 952, 930, 930, 951, 951, 951, 951, 950, 950, 947, 947, 950, 950, 947, 947, 946, 946, 949, 949, 946, 946, 952, 952, 957, 957, 957, 957, 945, 945, 944, 944, 925, 925, 960, 960, 959, 959, 956, 956, 958, 958, 955, 955, 952, 952, 962, 962, 962, 962, 951, 951, 954, 954, 957, 957, 956, 956, 956, 956, 972, 972, 966, 966, 957, 957, 958, 958, 954, 954, 1051, 1051], "decoding_mean": 1123.02, "coding_sd": 100.79988293643997}}