{"A": {"coding_mean": 2034.5899999999999, "decoding_sd": 331.76755884203021, "forwarding_sd": 58.95219334342022, "coding": [1775, 1673, 1682, 2276, 1849, 2273, 2212, 2333, 2089, 2213, 2154, 2055, 2335, 2187, 2012, 1866, 2029, 2343, 2254, 2249, 1594, 1841, 2166, 1587, 2545, 2266, 1693, 2180, 2293, 1580, 2083, 1661, 2005, 1707, 1963, 2238, 1682, 2275, 2392, 2366, 1797, 2087, 2012, 2377, 1809, 2340, 2329, 1737, 2202, 2109, 1582, 2425, 2070, 1923, 1990, 1944, 1632, 1991, 1717, 2258, 2279, 2077, 1688, 1796, 2246, 1625, 2281, 2142, 2047, 2062, 2076, 1834, 2025, 2284, 1884, 1823, 2218, 1757, 2002, 2211, 2091, 2124, 2367, 2277, 2136, 1634, 2215, 2302, 2065, 1712, 2152, 1630, 2242, 1953, 2356, 2120, 1924, 1662, 1940, 1893], "decoding": [1292, 4430, 3223, 3665, 3800, 3685, 3639, 3654, 3719, 3745, 3763, 3785, 3758, 3715, 3840, 3761, 3663, 3665, 3659, 3753, 3600, 3691, 3705, 3141, 3784, 3683, 3185, 3633, 3234, 3171, 3661, 3312, 3673, 3327, 3611, 3694, 3393, 3718, 3666, 3707, 3311, 3714, 3344, 3310, 3199, 3693, 3342, 3199, 3632, 3519, 4286, 3683, 3736, 3203, 3652, 3278, 3206, 3662, 3131, 3354, 3752, 3387, 3189, 3200, 3661, 3309, 3663, 3675, 3421, 3761, 3760, 3583, 3789, 3768, 3606, 3755, 3719, 3434, 3655, 3672, 3618, 3544, 3582, 3639, 3777, 3407, 3762, 3708, 3470, 3098, 3579, 3142, 3646, 3280, 3657, 3547, 3293, 3038, 3211, 3199], "forwarding_mean": 1141.6700000000001, "forwarding": [1162, 1148, 1089, 1163, 1158, 1163, 1152, 1154, 1157, 1155, 1156, 1167, 1143, 1144, 1208, 1186, 1178, 1160, 1151, 1152, 1072, 1208, 1156, 1023, 1151, 1157, 1045, 1149, 1175, 1052, 1177, 1150, 1147, 1057, 1195, 1157, 1154, 1167, 1153, 1144, 1147, 1177, 1150, 1113, 1044, 1164, 1174, 1031, 1143, 1183, 1399, 1161, 1171, 1039, 1192, 1154, 1033, 1198, 1016, 1197, 1159, 1154, 1020, 1035, 1153, 1129, 1112, 1156, 1172, 1140, 1149, 1188, 1195, 1149, 1196, 1205, 1151, 1167, 1151, 1153, 1147, 1142, 1139, 1196, 1161, 1079, 1171, 1163, 1047, 1014, 1204, 1148, 1154, 1120, 1157, 1220, 1101, 950, 1036, 1163], "decoding_mean": 3532.1300000000001, "coding_sd": 245.09467946081571}, "B": {"coding_mean": 1812.3399999999999, "decoding_sd": 92.290092100940072, "forwarding_sd": 72.995345057065109, "coding": [1846, 1714, 1901, 1891, 1873, 1882, 1884, 1871, 1868, 1876, 1863, 1881, 1907, 1903, 1875, 1880, 1996, 1896, 1887, 1604, 1884, 1886, 1539, 2579, 1892, 1542, 1937, 1873, 1590, 1881, 1580, 1877, 1623, 1867, 1890, 1581, 1886, 1902, 1885, 1719, 1880, 1739, 2042, 1550, 1879, 2049, 1553, 1890, 1901, 1664, 2063, 1877, 1581, 1870, 1757, 1522, 1882, 1689, 2056, 1862, 1807, 1552, 1571, 1871, 1595, 1892, 1876, 1722, 1896, 1872, 1735, 1871, 1885, 1717, 1874, 1897, 1741, 1872, 1898, 1895, 1878, 1884, 1883, 2069, 1665, 1875, 1881, 1703, 1620, 1884, 1612, 1886, 1682, 1900, 1877, 1694, 1630, 1639, 1811, 1105], "decoding": [1147, 1196, 1322, 1292, 1337, 1289, 1299, 1260, 1377, 1357, 1332, 1297, 1300, 1291, 1303, 1340, 1298, 1330, 1308, 1210, 1260, 1331, 1066, 1359, 1304, 1120, 1252, 1114, 1075, 1293, 1110, 1350, 1121, 1253, 1354, 1195, 1330, 1302, 1324, 1109, 1364, 1122, 1111, 1111, 1294, 1107, 1114, 1310, 1215, 1426, 1295, 1326, 1104, 1303, 1115, 1102, 1342, 1107, 1193, 1348, 1194, 1109, 1110, 1340, 1121, 1304, 1303, 1159, 1347, 1282, 1249, 1329, 1333, 1248, 1320, 1335, 1172, 1290, 1302, 1344, 1287, 1302, 1276, 1312, 1135, 1290, 1313, 1259, 1111, 1284, 1102, 1292, 1179, 1290, 1293, 1248, 1103, 1108, 1118, 1308], "forwarding_mean": 1095.8599999999999, "forwarding": [1143, 1072, 1118, 1105, 1120, 1129, 1128, 1117, 1136, 1135, 1116, 1144, 1139, 1151, 1133, 1122, 1112, 1142, 1146, 986, 1127, 1115, 984, 1129, 1125, 980, 1136, 1033, 985, 1142, 995, 1119, 982, 1134, 1138, 1076, 1119, 1139, 1126, 1057, 1113, 1084, 1058, 991, 1126, 1138, 999, 1124, 1137, 1474, 1128, 1135, 1052, 1148, 1058, 978, 1147, 1003, 1129, 1111, 1073, 984, 973, 1112, 1059, 1146, 1108, 1115, 1145, 1135, 1082, 1133, 1142, 1100, 1125, 1151, 1075, 1142, 1145, 1125, 1116, 1150, 1131, 1115, 980, 1140, 1136, 976, 974, 1129, 971, 1124, 1019, 1141, 1132, 1009, 911, 1183, 916, 1095], "decoding_mean": 1247.1700000000001, "coding_sd": 168.82228644346691}}