{"A": {"coding_mean": 2139.02, "decoding_sd": 277.33205296178801, "forwarding_sd": 65.168147894504415, "coding": [1757, 1692, 2013, 1669, 2109, 2277, 2293, 2398, 2087, 2324, 2332, 2538, 2130, 1705, 2223, 2058, 2307, 2275, 2253, 2272, 2156, 1839, 1838, 2289, 2071, 2327, 2174, 2141, 2116, 2231, 2393, 2163, 2239, 2253, 2104, 2068, 2118, 2239, 2109, 2069, 2134, 2231, 2182, 2118, 2207, 2227, 2271, 2269, 2172, 2215, 2038, 2138, 2339, 1805, 1987, 1844, 2183, 1902, 2326, 2324, 1954, 2109, 2301, 1985, 1821, 2191, 2272, 1779, 1955, 2112, 2246, 2161, 2275, 2050, 2285, 2177, 2176, 1870, 2291, 2224, 2218, 2262, 2278, 2251, 2114, 2194, 2248, 2217, 2133, 2299, 2278, 2132, 1914, 2176, 2132, 1809, 1863, 2284, 2099, 2206], "decoding": [1179, 3547, 2894, 3062, 3680, 3557, 3575, 3156, 3146, 3680, 3563, 3145, 3121, 3602, 3666, 3669, 3704, 3641, 3638, 3661, 3598, 3673, 3649, 3690, 3633, 3637, 3615, 3699, 3574, 3668, 3596, 3578, 3593, 3648, 3639, 3667, 3654, 3667, 3709, 3538, 3658, 3663, 3719, 3577, 3591, 3540, 3577, 3610, 3696, 3629, 3610, 3569, 3613, 3677, 3603, 3581, 3590, 3604, 3660, 3690, 3646, 3669, 3666, 3599, 3586, 3671, 3660, 3483, 3577, 3551, 3566, 3585, 3613, 3592, 3569, 3589, 3678, 3661, 3603, 3657, 3609, 3660, 3684, 3700, 3598, 3559, 3596, 3649, 3705, 3674, 3589, 3607, 3652, 3640, 3675, 3684, 3658, 3642, 3605, 3643], "forwarding_mean": 1078.75, "forwarding": [1156, 1097, 836, 906, 1154, 1209, 1217, 946, 955, 1077, 1202, 947, 952, 1067, 1113, 1088, 1084, 1067, 1101, 1062, 1066, 1130, 1090, 1021, 1068, 1075, 1105, 1104, 1111, 1122, 1115, 1125, 1108, 1034, 1073, 1124, 1160, 1094, 1104, 1134, 1072, 1108, 1018, 1037, 1019, 1050, 1010, 1053, 1011, 1008, 1041, 1109, 1054, 1162, 1061, 1237, 1042, 1102, 1057, 1086, 1188, 1062, 1044, 1146, 1157, 1050, 1072, 958, 1177, 1085, 1107, 1105, 1060, 1182, 1055, 1062, 1054, 1067, 1013, 1037, 1026, 1034, 1027, 1022, 1014, 1049, 1123, 1089, 1134, 1057, 1065, 1138, 1101, 1098, 1081, 1092, 1143, 1062, 1169, 1134], "decoding_mean": 3571.1799999999998, "coding_sd": 171.86709865474543}, "B": {"coding_mean": 1852.02, "decoding_sd": 54.692032326473296, "forwarding_sd": 41.842479611036438, "coding": [1762, 1785, 1540, 1869, 1890, 1871, 1767, 1816, 1927, 1925, 1996, 1767, 2124, 1881, 1832, 1825, 1819, 1821, 1817, 1831, 1804, 1827, 1821, 1888, 1880, 1822, 1821, 1806, 1882, 1946, 1939, 1865, 1893, 1866, 1809, 1818, 1836, 1846, 1822, 1842, 1837, 1839, 1832, 1834, 1808, 1827, 1827, 1826, 1828, 1800, 1837, 1826, 1827, 1812, 1866, 1930, 1885, 1881, 1887, 1835, 1843, 1878, 1865, 1870, 1893, 1891, 1745, 1887, 1869, 1880, 1889, 1884, 1884, 1893, 1883, 1886, 1862, 1883, 1831, 1814, 1812, 1824, 1841, 1818, 1837, 1834, 1890, 1916, 1903, 1886, 1879, 1894, 1886, 1866, 1887, 1892, 1825, 1841, 1805, 1794], "decoding": [1201, 980, 994, 1247, 1253, 1245, 1073, 1067, 1285, 1222, 1066, 1059, 1267, 1254, 1240, 1262, 1256, 1248, 1240, 1268, 1259, 1261, 1255, 1242, 1258, 1262, 1272, 1242, 1253, 1257, 1260, 1193, 1272, 1259, 1252, 1286, 1245, 1285, 1253, 1282, 1263, 1292, 1261, 1271, 1250, 1244, 1240, 1237, 1258, 1263, 1291, 1247, 1256, 1252, 1258, 1252, 1269, 1269, 1249, 1276, 1248, 1271, 1273, 1250, 1258, 1256, 1193, 1243, 1255, 1242, 1253, 1258, 1272, 1244, 1260, 1299, 1245, 1255, 1245, 1274, 1260, 1249, 1238, 1262, 1263, 1254, 1271, 1251, 1250, 1267, 1259, 1252, 1259, 1247, 1248, 1262, 1259, 1262, 1257, 1259], "forwarding_mean": 1060.6300000000001, "forwarding": [1094, 918, 938, 1070, 1098, 1104, 940, 926, 1080, 1073, 945, 933, 1078, 1092, 1092, 1078, 1080, 1079, 1084, 1087, 1062, 1076, 1180, 1071, 1052, 1039, 1031, 1032, 1052, 1033, 1034, 1045, 1042, 1030, 1039, 1073, 1079, 1087, 1037, 1079, 1084, 1079, 1078, 1095, 1094, 1094, 1089, 1078, 1081, 1076, 1081, 1075, 1080, 1077, 1071, 1085, 1050, 1084, 1076, 1070, 1096, 1027, 1026, 996, 1030, 1040, 974, 1023, 1024, 1038, 1096, 1081, 1077, 1125, 1079, 1073, 1059, 1071, 1078, 1071, 1070, 1091, 1077, 1081, 1078, 1029, 1026, 1092, 1078, 1078, 1086, 1084, 1090, 1079, 1046, 1071, 1067, 1048, 1076, 1073], "decoding_mean": 1242.96, "coding_sd": 59.059119532888403}}