{"A": {"coding_mean": 1715.8299999999999, "decoding_sd": 275.07556252782615, "forwarding_sd": 98.552197337248643, "coding": [1769, 1914, 2772, 1868, 2186, 2096, 2141, 1640, 1628, 1660, 1650, 1650, 1686, 1653, 1642, 1552, 1614, 1617, 1677, 1661, 1640, 1797, 1655, 1650, 1647, 1646, 1644, 1654, 1808, 1654, 1656, 1648, 1659, 1651, 1650, 1645, 1656, 1640, 1643, 1654, 1658, 1816, 1680, 1666, 1762, 1661, 1665, 1657, 1661, 1674, 1655, 1660, 1695, 1769, 1689, 1803, 1718, 1688, 1683, 1815, 1686, 1773, 1696, 1654, 1666, 1663, 1670, 1663, 1680, 1780, 1815, 1686, 1686, 1709, 1786, 1777, 1705, 1671, 1696, 1684, 1694, 1855, 1688, 1694, 1687, 1688, 1700, 1701, 1850, 1686, 1653, 1687, 1697, 1696, 1692, 1688, 1657, 1657, 1667, 1652], "decoding": [1189, 3887, 3525, 3350, 3205, 3223, 3215, 3155, 3501, 3258, 3119, 3136, 3126, 3148, 3292, 3177, 3139, 3232, 3282, 3229, 3211, 3580, 3155, 3131, 3140, 3150, 3130, 3148, 3488, 3136, 3218, 3135, 3236, 3240, 3379, 3149, 3199, 3225, 3367, 3217, 3252, 3889, 3179, 3204, 3953, 3252, 3211, 3239, 3473, 3385, 3218, 3238, 3586, 3195, 3225, 3225, 3185, 3229, 3144, 3210, 3186, 3783, 3154, 3214, 3174, 3130, 3103, 3157, 3532, 3223, 3149, 3118, 3219, 3211, 3214, 3237, 3282, 3188, 3129, 3134, 3213, 4020, 3233, 3229, 3221, 3186, 3240, 3310, 3602, 3203, 3152, 3225, 3239, 3140, 3231, 3208, 3235, 3231, 3234, 3204], "forwarding_mean": 1011.62, "forwarding": [1164, 1166, 1136, 1113, 985, 996, 947, 999, 985, 1366, 1383, 1369, 1359, 965, 1372, 953, 955, 939, 967, 997, 967, 1137, 973, 997, 962, 976, 981, 969, 1120, 985, 1024, 973, 953, 987, 999, 1001, 959, 955, 935, 934, 949, 1074, 942, 993, 1125, 1001, 988, 964, 1127, 1001, 1000, 994, 1002, 996, 952, 988, 951, 949, 937, 941, 937, 1071, 987, 1007, 955, 955, 983, 954, 1119, 949, 973, 987, 954, 958, 965, 997, 988, 957, 985, 968, 990, 1131, 978, 1001, 953, 992, 968, 945, 1076, 945, 942, 946, 952, 985, 992, 1033, 975, 996, 965, 971], "decoding_mean": 3246.0700000000002, "coding_sd": 144.29588039857549}, "B": {"coding_mean": 1805.73, "decoding_sd": 97.413076637584965, "forwarding_sd": 43.339980387628238, "coding": [2169, 2172, 2081, 1889, 1911, 1919, 1923, 1632, 2178, 2245, 2248, 2230, 1752, 2271, 1706, 1711, 1719, 1715, 1743, 1714, 1876, 1738, 1725, 1716, 1738, 1723, 1726, 1868, 1737, 1706, 1726, 1720, 1718, 1724, 1717, 1705, 1726, 1704, 1732, 1721, 1891, 1758, 1692, 1903, 1741, 1744, 1696, 1874, 1754, 1723, 1712, 1757, 1741, 1865, 1843, 1734, 1675, 1857, 1735, 1732, 1881, 1746, 1770, 1775, 1787, 1781, 1790, 1885, 1745, 1743, 1750, 1726, 1860, 1730, 1732, 1666, 1791, 1733, 1778, 1771, 1899, 1773, 1778, 1770, 1787, 1790, 1787, 1888, 1777, 1786, 1765, 1784, 1785, 1727, 1718, 1821, 1806, 1789, 1812, 1990], "decoding": [1307, 1247, 1212, 1096, 1102, 1088, 1029, 1196, 1103, 1014, 1026, 1020, 1032, 1103, 1097, 1025, 1089, 1102, 1107, 1104, 1207, 1016, 1010, 1017, 1022, 1022, 1029, 1180, 1013, 1106, 1025, 1105, 1108, 1090, 1087, 1102, 1103, 1121, 1097, 1095, 1485, 1096, 1103, 1336, 1109, 1096, 1097, 1207, 1113, 1099, 1102, 1174, 1088, 1104, 1102, 1102, 1103, 1011, 1101, 1105, 1374, 1031, 1096, 1017, 1025, 1026, 1033, 1226, 1095, 1018, 1024, 1106, 1098, 1101, 1105, 1094, 1097, 1028, 1022, 1112, 1707, 1092, 1103, 1105, 1105, 1106, 1054, 1201, 1097, 1108, 1105, 1102, 1017, 1093, 1104, 1105, 1108, 1100, 1059, 1099], "forwarding_mean": 980.69000000000005, "forwarding": [1144, 1049, 1051, 969, 888, 965, 969, 971, 979, 962, 935, 963, 972, 972, 962, 961, 970, 976, 968, 972, 1051, 968, 971, 967, 963, 970, 970, 1057, 968, 965, 963, 963, 979, 974, 986, 978, 979, 936, 971, 974, 1054, 965, 973, 1063, 968, 967, 972, 1065, 970, 964, 968, 937, 965, 972, 971, 969, 968, 973, 964, 976, 1065, 979, 982, 978, 967, 969, 978, 1064, 967, 964, 963, 966, 968, 974, 971, 965, 969, 964, 961, 968, 1244, 982, 976, 929, 972, 965, 972, 1056, 979, 967, 965, 919, 970, 971, 969, 969, 979, 980, 974, 974], "decoding_mean": 1106.8499999999999, "coding_sd": 134.03931177083834}}