{"A": {"coding_mean": 2780.1599999999999, "decoding_sd": 314.05716931794439, "forwarding_sd": 138.71506443065223, "coding": [705, 3074, 3050, 3074, 2592, 2589, 2623, 3431, 3704, 3379, 3187, 3371, 3032, 2595, 2882, 3001, 2817, 2673, 2746, 2553, 3191, 3119, 3330, 3149, 2789, 2924, 2909, 2711, 2818, 2816, 2857, 3609, 3156, 2715, 2720, 2721, 2735, 2172, 2684, 2683, 2727, 3452, 3152, 2878, 2865, 2405, 2498, 2667, 2608, 2630, 2529, 3113, 2748, 3674, 3330, 2690, 2509, 2544, 2473, 2751, 2404, 3194, 2935, 3200, 2534, 2452, 2690, 2536, 2647, 2543, 2506, 3056, 2799, 2744, 2530, 2598, 3099, 2668, 2861, 2638, 2399, 3103, 2570, 2491, 2571, 2697, 2536, 2374, 2475, 2434, 2572, 3094, 3055, 2530, 2516, 2588, 2608, 2517, 2560, 2563], "decoding": [1198, 3621, 3531, 3535, 3255, 3079, 3097, 3662, 3546, 3661, 3582, 3723, 3565, 3190, 3620, 3296, 3039, 3082, 3178, 3179, 3176, 2951, 3590, 3419, 3060, 3050, 3064, 3078, 3067, 3079, 3073, 3521, 3219, 3089, 3085, 3079, 3092, 3055, 3070, 3087, 3089, 3543, 3522, 3048, 3123, 3191, 3200, 3202, 2939, 2910, 2989, 3564, 3113, 3016, 3634, 3647, 3201, 3191, 3197, 3198, 3342, 3731, 3659, 3632, 3191, 3120, 2965, 2941, 2943, 2934, 3129, 3724, 3707, 3665, 2990, 3128, 3500, 3287, 3269, 3108, 3080, 3751, 3165, 3185, 2994, 2966, 3083, 3202, 3171, 3161, 3138, 3593, 3564, 3220, 3177, 3176, 3155, 3195, 3197, 3214], "forwarding_mean": 1077.97, "forwarding": [448, 1106, 1108, 1078, 927, 935, 979, 1118, 1222, 1147, 1049, 1218, 1056, 990, 1099, 1047, 1018, 983, 938, 936, 944, 1193, 1135, 1069, 991, 1006, 998, 996, 929, 919, 924, 1054, 1052, 927, 921, 929, 924, 973, 958, 923, 923, 1130, 1119, 962, 985, 1018, 958, 957, 970, 975, 976, 1060, 950, 981, 1149, 1065, 1110, 1116, 1115, 1124, 1029, 1239, 1077, 1489, 1164, 1109, 1136, 1139, 1139, 1125, 1136, 1365, 1459, 1215, 1138, 1136, 1362, 1141, 1090, 1096, 1086, 1467, 1177, 1104, 1142, 1140, 1137, 1104, 1111, 1112, 1112, 1479, 1242, 1112, 1100, 1113, 1122, 1120, 1115, 1108], "decoding_mean": 3234.1199999999999, "coding_sd": 375.32387933623414}, "B": {"coding_mean": 1708.5599999999999, "decoding_sd": 94.46282813890339, "forwarding_sd": 83.861077980192931, "coding": [1909, 1886, 1899, 1716, 1606, 1639, 1914, 1893, 1887, 1991, 2009, 1971, 1560, 1872, 1778, 1639, 1587, 1636, 1557, 1775, 1774, 1892, 1850, 1658, 1642, 1647, 1651, 1704, 1649, 1653, 1893, 1834, 1690, 1659, 1653, 1691, 1659, 1656, 1637, 1592, 1897, 1802, 1653, 1677, 1556, 1569, 1604, 1583, 1605, 1628, 1912, 1636, 1945, 2068, 1842, 1643, 1643, 1655, 1653, 1563, 1848, 1713, 1897, 1775, 1623, 1706, 1577, 1635, 1626, 1571, 1880, 1837, 1731, 1623, 1637, 1831, 1734, 1644, 1598, 1596, 1860, 1739, 1570, 1647, 1686, 1645, 1522, 1568, 1556, 1543, 1877, 1705, 1572, 1539, 1567, 1528, 1558, 1560, 1616, 1974], "decoding": [1270, 1282, 1270, 1203, 1091, 1092, 1259, 1310, 1315, 1284, 1273, 1232, 1097, 1269, 1122, 1097, 1084, 1088, 1099, 1091, 1020, 1267, 1221, 1093, 1093, 1108, 1097, 1090, 1088, 1087, 1277, 1216, 1092, 1085, 1079, 1079, 1097, 1090, 1090, 1079, 1268, 1214, 1089, 1090, 1091, 1092, 1083, 997, 989, 989, 1294, 1056, 1056, 1293, 1216, 1101, 1095, 1087, 1091, 1092, 1290, 1221, 1296, 1096, 999, 994, 999, 992, 985, 1099, 1330, 1277, 1215, 999, 1094, 1260, 1087, 1137, 1059, 1055, 1285, 1076, 1086, 1029, 998, 1092, 1097, 1091, 1082, 1095, 1314, 1220, 1098, 1079, 1080, 1090, 1090, 1092, 1088, 1154], "forwarding_mean": 1008.14, "forwarding": [1174, 1075, 1114, 973, 959, 912, 1146, 1265, 1196, 1126, 1125, 1100, 992, 1087, 1076, 1068, 1035, 975, 962, 976, 1217, 1162, 1119, 1018, 1054, 1023, 1021, 966, 964, 966, 1120, 1090, 965, 974, 967, 968, 983, 978, 975, 974, 1126, 1055, 916, 899, 895, 879, 878, 875, 868, 871, 1047, 928, 986, 1111, 961, 956, 967, 952, 960, 953, 1115, 965, 1111, 963, 955, 963, 965, 1000, 968, 969, 1084, 1112, 1079, 956, 979, 1119, 970, 982, 922, 927, 1135, 972, 962, 979, 972, 962, 958, 964, 954, 951, 1123, 1077, 944, 958, 953, 947, 951, 947, 947, 1131], "decoding_mean": 1131.79, "coding_sd": 133.51294469076774}}