{"A": {"coding_mean": 3274.8699999999999, "decoding_sd": 332.3841265764658, "forwarding_sd": 76.523267049963309, "coding": [1825, 2194, 3285, 2925, 2633, 2490, 2618, 3185, 3352, 3285, 3361, 2968, 3254, 3094, 3489, 3250, 3384, 3231, 3357, 3288, 3275, 3260, 3085, 3514, 3437, 3244, 2984, 3511, 3312, 3142, 3490, 3725, 3230, 2964, 3189, 3131, 3150, 3268, 3230, 2870, 3429, 3221, 3128, 3112, 3147, 3085, 3176, 3440, 3154, 3411, 3316, 3295, 3253, 3258, 3224, 3003, 3340, 3466, 3482, 3205, 3498, 3375, 3516, 3357, 3576, 3764, 3298, 3476, 3478, 3331, 3173, 3891, 3418, 3335, 3357, 2739, 2528, 2856, 3531, 3717, 3337, 3790, 3568, 3533, 3338, 3590, 3624, 3186, 3244, 3450, 3686, 3627, 3028, 3557, 3597, 3515, 3586, 3485, 3423, 3485], "decoding": [1252, 4531, 3579, 3104, 3208, 3141, 3142, 3697, 3689, 3659, 3615, 3720, 3598, 3702, 3668, 3628, 3631, 3680, 3599, 3621, 3697, 3674, 3709, 3732, 3616, 3583, 3634, 3338, 3556, 3604, 3168, 3035, 3606, 3698, 3621, 3677, 3720, 3589, 3521, 3633, 3610, 3583, 3691, 3816, 3612, 3572, 3649, 3627, 3684, 3386, 3950, 3697, 3638, 3640, 3553, 3667, 3688, 3595, 3445, 3680, 3495, 3291, 3215, 3293, 3045, 3050, 3237, 3268, 3573, 3694, 3421, 3054, 3623, 3729, 3293, 3282, 3468, 2945, 3599, 3722, 3429, 3099, 3646, 3306, 3275, 3230, 3259, 3266, 3826, 3476, 3121, 3075, 3512, 3216, 3085, 3254, 3658, 3586, 3620, 3424], "forwarding_mean": 1101.3599999999999, "forwarding": [1147, 1164, 1110, 1009, 969, 973, 968, 1104, 1127, 1083, 1123, 1116, 1043, 1185, 1107, 1057, 1143, 1090, 1092, 1128, 1110, 1104, 1154, 1245, 1150, 1155, 1153, 1108, 1158, 1144, 1107, 1117, 1161, 1236, 1161, 1146, 1166, 1150, 1154, 1152, 1144, 1148, 1287, 1182, 1132, 1227, 1157, 1147, 1123, 1102, 1183, 1152, 1130, 1141, 1076, 1158, 1178, 1107, 1058, 1096, 1040, 1022, 1054, 1042, 1157, 984, 926, 1026, 1130, 1143, 1041, 947, 1163, 1099, 1022, 993, 1010, 957, 1241, 1165, 1042, 984, 1183, 1039, 1035, 961, 954, 1099, 1145, 1109, 1103, 1150, 1034, 892, 957, 1054, 1145, 1155, 1179, 1057], "decoding_mean": 3483.1799999999998, "coding_sd": 316.25858581230648}, "B": {"coding_mean": 1966.1700000000001, "decoding_sd": 138.47812101555971, "forwarding_sd": 87.642304853306996, "coding": [1838, 1894, 1805, 1595, 1589, 1594, 1977, 1993, 1983, 1962, 1921, 1959, 1944, 1945, 1928, 1935, 1941, 1982, 1981, 1973, 1965, 1971, 1968, 1959, 1967, 1927, 1951, 1929, 1960, 1921, 1965, 1941, 1946, 1929, 1933, 1920, 1928, 1935, 1925, 1968, 1940, 1924, 1922, 1917, 1948, 1945, 1954, 1927, 1917, 2323, 1975, 1958, 1982, 1962, 1924, 1961, 2040, 1986, 2008, 1981, 1992, 2111, 2062, 1913, 2085, 2089, 2078, 1990, 1999, 1893, 2098, 1994, 1981, 2051, 1790, 1677, 1697, 1986, 2013, 1982, 2101, 2002, 1986, 2081, 2115, 2108, 2084, 2000, 2134, 2051, 2067, 1834, 2011, 2103, 2096, 1994, 2108, 2025, 1997, 2098], "decoding": [2166, 1268, 1119, 1191, 1115, 1120, 1299, 1332, 1317, 1343, 1339, 1292, 1308, 1275, 1307, 1253, 1295, 1359, 1296, 1303, 1298, 1347, 1474, 1362, 1301, 1246, 1148, 1278, 1266, 1067, 1068, 1305, 1297, 1293, 1266, 1351, 1251, 1258, 1249, 1256, 1249, 1341, 1463, 1247, 1353, 1247, 1247, 1270, 1190, 1568, 1256, 1259, 1261, 1219, 1337, 1301, 1308, 1251, 1289, 1254, 1130, 1064, 1120, 1069, 1074, 1111, 1113, 1288, 1293, 1199, 1075, 1258, 1312, 1111, 1076, 1169, 1042, 1317, 1285, 1199, 1072, 1255, 1199, 1106, 1106, 1126, 1114, 1456, 1266, 1111, 1112, 1259, 1121, 1069, 1123, 1255, 1255, 1254, 1192, 1066], "forwarding_mean": 1103.9200000000001, "forwarding": [1136, 1176, 998, 1016, 1001, 1012, 1144, 1156, 1133, 1145, 1092, 1127, 1113, 1151, 1148, 1144, 1152, 1157, 1154, 1137, 1146, 1178, 1179, 1138, 1190, 1134, 1180, 1138, 1186, 1182, 1139, 1142, 1151, 1194, 1138, 1123, 1180, 1132, 1125, 1141, 1151, 1134, 1136, 1141, 1145, 1137, 1140, 1162, 1150, 1105, 1203, 1203, 1203, 1164, 1136, 1199, 1130, 1068, 1150, 1053, 969, 951, 964, 1174, 981, 923, 960, 1198, 1178, 1054, 966, 1184, 1136, 961, 978, 1091, 970, 1254, 1209, 988, 999, 1252, 991, 971, 927, 924, 1002, 1181, 1004, 1035, 1063, 1054, 889, 963, 991, 1226, 1218, 1220, 1062, 1013], "decoding_mean": 1244.0999999999999, "coding_sd": 108.14509281516197}}