{"A": {"coding_mean": 1825.02, "decoding_sd": 246.06959889429655, "forwarding_sd": 46.810702835996807, "coding": [1726, 1641, 1791, 1786, 1864, 1795, 1844, 1781, 1852, 1763, 1842, 1782, 1762, 1812, 1796, 1831, 1756, 1834, 1832, 1896, 1815, 1875, 1754, 1786, 1889, 1897, 1836, 1870, 1878, 1769, 1796, 1782, 1811, 1813, 1857, 1796, 1803, 1846, 1816, 1974, 1859, 1813, 1793, 1791, 1773, 1798, 1787, 1776, 1791, 1793, 1783, 1812, 1784, 1790, 1803, 1863, 1849, 1882, 1882, 1831, 1878, 1861, 1878, 1872, 1810, 1857, 1921, 1784, 1835, 1808, 1853, 1792, 1787, 1804, 1929, 1856, 1805, 1852, 1842, 1847, 1954, 1806, 1862, 1852, 1789, 2012, 1811, 1829, 1813, 1822, 1766, 1802, 1795, 1792, 1841, 1805, 1841, 1829, 1856, 1852], "decoding": [1213, 3446, 3550, 3558, 3605, 3645, 3553, 3545, 3631, 3626, 3655, 3656, 3675, 3668, 3658, 3583, 3585, 3590, 3773, 3661, 3778, 3563, 3605, 3650, 3598, 3577, 3592, 3584, 3568, 3782, 3625, 3657, 3547, 3553, 3610, 3606, 3648, 3642, 3763, 3547, 3550, 3567, 3592, 3618, 3619, 3600, 3630, 3564, 3536, 3534, 3584, 3609, 3643, 3570, 3520, 3601, 3640, 3543, 3511, 3564, 3532, 3515, 3609, 3529, 3516, 3521, 3474, 3611, 3645, 3641, 3547, 3538, 3541, 3535, 3608, 3620, 3631, 3602, 3600, 3616, 3587, 3624, 3514, 3561, 3498, 3626, 3592, 3599, 3689, 3612, 3866, 3537, 3526, 3553, 3601, 3507, 3605, 3575, 3619, 3527], "forwarding_mean": 1081.5899999999999, "forwarding": [1160, 1015, 1059, 1086, 1043, 1005, 1003, 1087, 1057, 1099, 1054, 1085, 1057, 1059, 1045, 1118, 1482, 1077, 1054, 1051, 1084, 1096, 1084, 1075, 1055, 1055, 1118, 1098, 1071, 1101, 1089, 1087, 1083, 1099, 1087, 1052, 1085, 1083, 1093, 1105, 1092, 1119, 1083, 1051, 1086, 1093, 1052, 1115, 1047, 1064, 1079, 1061, 1091, 1088, 1053, 1087, 1059, 1061, 1105, 1086, 1097, 1092, 1095, 1091, 1062, 1086, 1089, 1083, 1101, 1089, 1067, 1084, 1101, 1093, 1093, 1065, 1123, 1095, 1096, 1087, 1058, 1055, 1071, 1051, 1062, 1092, 1052, 1081, 1084, 1090, 1098, 1070, 1058, 1056, 1089, 1079, 1049, 1086, 1064, 1057], "decoding_mean": 3572.1500000000001, "coding_sd": 50.754503248480326}, "B": {"coding_mean": 1863.5999999999999, "decoding_sd": 41.214651521030724, "forwarding_sd": 25.646557273833071, "coding": [1748, 1868, 1859, 1853, 1984, 1863, 1853, 1864, 1843, 1863, 1839, 1857, 1863, 1869, 1853, 1862, 1860, 1851, 1862, 1856, 1855, 1866, 1859, 1864, 1873, 1860, 1857, 1854, 1879, 1859, 1846, 1846, 1865, 1854, 1874, 1863, 1870, 1858, 1857, 1858, 1871, 1867, 1872, 1868, 1876, 1864, 1846, 1859, 1967, 1855, 1855, 1858, 1865, 1904, 1853, 1850, 1872, 1861, 1852, 1865, 1861, 1863, 1856, 1869, 1867, 1874, 1865, 1861, 1860, 1858, 1853, 1857, 1912, 1975, 1872, 1875, 1860, 1860, 1854, 1853, 1847, 1848, 1852, 1864, 1858, 1876, 1857, 1862, 1873, 1855, 1851, 1895, 1866, 1861, 1861, 1851, 1857, 1866, 1854, 1834], "decoding": [1202, 1251, 1257, 1303, 1252, 1209, 1232, 1255, 1276, 1258, 1252, 1259, 1258, 1254, 1257, 1254, 1262, 1258, 1270, 1394, 1204, 1266, 1260, 1256, 1253, 1246, 1261, 1259, 1391, 1257, 1249, 1203, 1203, 1205, 1264, 1269, 1245, 1243, 1199, 1203, 1203, 1262, 1258, 1254, 1245, 1271, 1212, 1203, 1245, 1236, 1252, 1272, 1257, 1266, 1255, 1350, 1254, 1257, 1251, 1274, 1250, 1250, 1271, 1265, 1205, 1219, 1256, 1253, 1254, 1210, 1204, 1215, 1195, 1254, 1258, 1347, 1264, 1268, 1244, 1244, 1413, 1260, 1268, 1242, 1248, 1252, 1256, 1273, 1256, 1448, 1247, 1262, 1211, 1262, 1255, 1264, 1262, 1268, 1264, 1262], "forwarding_mean": 1116.29, "forwarding": [1076, 1108, 1117, 1074, 1060, 1069, 1115, 1087, 1086, 1110, 1120, 1134, 1121, 1136, 1115, 1115, 1115, 1114, 1110, 1107, 1125, 1107, 1111, 1110, 1125, 1122, 1122, 1130, 1120, 1125, 1119, 1125, 1111, 1106, 1081, 1124, 1125, 1111, 1134, 1084, 1117, 1126, 1121, 1121, 1106, 1114, 1110, 1106, 1080, 1112, 1113, 1108, 1124, 1118, 1124, 1127, 1125, 1108, 1113, 1112, 1125, 1119, 1110, 1130, 1111, 1108, 1247, 1129, 1144, 1123, 1091, 1129, 1112, 1127, 1113, 1126, 1112, 1106, 1122, 1108, 1114, 1115, 1121, 1105, 1118, 1118, 1129, 1121, 1130, 1108, 1137, 1114, 1268, 1117, 1104, 1051, 1111, 1121, 1118, 1126], "decoding_mean": 1256.25, "coding_sd": 25.257078215819025}}