{"A": {"coding_mean": 2919.9899999999998, "decoding_sd": 338.93655025682909, "forwarding_sd": 85.332886977999294, "coding": [1881, 2230, 2855, 2893, 2846, 2823, 2782, 2784, 2887, 2896, 2976, 3324, 2706, 2825, 2950, 2971, 2851, 2843, 3231, 2792, 2705, 2878, 3299, 2777, 3078, 2739, 2822, 2914, 2956, 3029, 3007, 2953, 2900, 2841, 2872, 2909, 2978, 2902, 3662, 3386, 2838, 2880, 2886, 2956, 2865, 2873, 2821, 2952, 2874, 2887, 2826, 2701, 2893, 3660, 2951, 2998, 2866, 2738, 2729, 2634, 2792, 2701, 2776, 2841, 2701, 2844, 3315, 2819, 2605, 2547, 2385, 3124, 2645, 2383, 2500, 3493, 3241, 2764, 2708, 2814, 3212, 2933, 2892, 2776, 2927, 2895, 2731, 2768, 3928, 3507, 3000, 2895, 2905, 3785, 3709, 2982, 2919, 2908, 2978, 3570], "decoding": [1381, 3723, 3156, 3112, 3124, 3073, 3121, 3105, 3101, 3104, 3337, 3879, 3301, 3113, 3103, 3126, 3454, 3103, 3994, 3384, 3359, 3310, 3929, 3346, 3146, 3414, 3326, 3101, 3121, 3106, 3110, 3143, 3112, 3113, 3120, 3103, 3083, 3099, 4012, 4002, 3592, 3308, 3384, 3342, 3370, 3335, 3328, 3349, 3346, 3341, 3258, 3365, 3395, 3871, 3609, 3176, 3149, 3167, 3179, 3420, 3358, 3366, 3348, 3332, 3204, 3178, 3978, 3769, 3341, 3342, 3338, 3324, 3480, 3344, 3345, 4001, 4102, 3757, 3326, 3107, 3303, 3128, 3299, 3086, 3297, 3292, 3387, 3368, 3374, 3907, 3838, 3396, 3386, 3982, 3910, 3754, 3373, 3395, 3368, 3841], "forwarding_mean": 1094.28, "forwarding": [1286, 1296, 1060, 1055, 1049, 1113, 1099, 1120, 1112, 1115, 1133, 1315, 1120, 1049, 1038, 1043, 1049, 1106, 1246, 1078, 1049, 1043, 1225, 1057, 984, 1066, 1053, 1052, 1055, 1049, 1054, 1055, 1049, 1054, 1049, 1051, 1048, 1050, 1228, 1239, 1128, 1001, 997, 981, 986, 976, 976, 990, 981, 967, 1118, 1102, 1053, 1242, 1107, 1106, 1105, 1109, 1095, 1102, 1049, 1056, 1047, 980, 1139, 1102, 1290, 1249, 1109, 1103, 1014, 1113, 1127, 1097, 1101, 1267, 1232, 1147, 1053, 1098, 991, 1054, 996, 1100, 1002, 985, 1051, 1065, 1087, 1243, 1209, 1052, 1055, 1266, 1243, 1189, 1059, 1054, 991, 1249], "decoding_mean": 3361.5700000000002, "coding_sd": 301.76330111529467}, "B": {"coding_mean": 1806.73, "decoding_sd": 113.36590095791591, "forwarding_sd": 79.468898947953207, "coding": [1941, 1723, 1751, 1713, 1749, 1725, 1726, 1733, 1702, 1822, 2070, 1743, 1713, 1704, 1874, 1930, 1884, 2070, 1747, 1693, 1698, 2064, 1708, 1767, 1746, 1701, 1711, 1711, 1707, 1710, 1722, 1708, 1696, 1705, 1708, 1700, 1725, 2085, 2201, 1857, 1748, 1777, 1766, 1741, 1718, 1790, 1757, 1756, 1744, 1834, 1746, 1696, 2078, 2018, 1772, 1811, 1729, 1772, 1765, 1693, 1682, 1674, 1704, 1717, 1751, 2063, 1928, 1783, 1784, 1777, 1930, 1740, 1692, 1775, 2059, 2075, 1890, 1770, 1814, 1798, 1716, 1728, 1764, 1745, 1712, 1733, 1719, 2031, 2067, 1886, 1694, 1693, 2062, 2089, 1910, 1779, 1729, 1706, 2082, 2068], "decoding": [1342, 1116, 1086, 1096, 1057, 1086, 1088, 1089, 1095, 1094, 1451, 1200, 1085, 1093, 1092, 1204, 1088, 1434, 1198, 1194, 1212, 1398, 1205, 1088, 1194, 1212, 1085, 1095, 1083, 1087, 1099, 1087, 1084, 1089, 1078, 1084, 1085, 1444, 1439, 1321, 1196, 1195, 1202, 1198, 1198, 1201, 1200, 1198, 1192, 1096, 1206, 1209, 1428, 1239, 1100, 1108, 1130, 1101, 1199, 1203, 1202, 1209, 1208, 1129, 1090, 1460, 1353, 1190, 1196, 1183, 1203, 1198, 1202, 1202, 1453, 1447, 1337, 1200, 1104, 1202, 1104, 1193, 1104, 1194, 1193, 1205, 1189, 1195, 1443, 1354, 1220, 1205, 1444, 1436, 1284, 1218, 1217, 1204, 1386, 1413], "forwarding_mean": 1076.71, "forwarding": [1215, 1043, 1049, 1058, 1053, 1061, 1053, 1053, 1063, 1128, 1244, 972, 959, 963, 961, 1084, 986, 1244, 1084, 1055, 1064, 1244, 1074, 1065, 1050, 1071, 1052, 1060, 1064, 1057, 1060, 1055, 1052, 1050, 1065, 1060, 1057, 1223, 1247, 1009, 982, 1058, 1059, 1063, 1059, 1059, 1055, 1053, 1056, 1068, 1059, 1058, 1245, 1073, 1067, 1072, 1061, 1067, 1070, 1062, 1061, 1070, 1062, 972, 963, 1232, 1118, 979, 985, 991, 1079, 1090, 963, 978, 1233, 1226, 1009, 965, 978, 1059, 972, 1054, 987, 1059, 1050, 1053, 1054, 1181, 1228, 1209, 1060, 1064, 1235, 1233, 1193, 1062, 1062, 1078, 1238, 1233], "decoding_mean": 1204.25, "coding_sd": 131.45827132592305}}