{"A": {"coding_mean": 1875.5999999999999, "decoding_sd": 249.46638571158235, "forwarding_sd": 53.819768672858494, "coding": [1791, 1722, 1691, 1873, 1871, 1878, 1851, 1886, 1859, 1941, 1888, 1888, 1857, 1984, 1843, 1848, 1785, 1913, 1857, 1983, 1884, 1927, 1863, 1874, 1878, 1944, 1865, 1953, 1880, 1881, 1887, 1889, 2035, 1885, 1898, 1997, 1840, 1879, 1876, 1886, 1885, 1906, 1884, 1861, 1891, 1855, 1899, 1885, 2036, 1879, 1870, 1828, 1885, 1839, 1894, 1839, 1847, 1841, 1836, 1852, 1948, 1832, 1834, 1833, 1857, 1884, 1954, 1807, 1853, 1837, 1842, 1837, 1857, 1817, 1894, 1866, 1845, 1858, 1870, 1836, 1871, 1856, 1857, 1865, 1866, 1862, 1828, 1907, 1825, 1887, 1923, 1883, 1872, 1908, 1861, 1900, 1872, 1919, 1958, 1937], "decoding": [1245, 3381, 2938, 3650, 3511, 3470, 3469, 3410, 3499, 3505, 3750, 3550, 3539, 3630, 3861, 3669, 3521, 3474, 3510, 3492, 3583, 3582, 3609, 3514, 3549, 3511, 3527, 3519, 3473, 3519, 3572, 3508, 3688, 3522, 3566, 3550, 3755, 3626, 3621, 3554, 3614, 3613, 3519, 3506, 3785, 3521, 3545, 3553, 3563, 3577, 3524, 3509, 3623, 3546, 3538, 3549, 3597, 3576, 3574, 3570, 3500, 3582, 3582, 3578, 3542, 3576, 3512, 3619, 3534, 3512, 3549, 3510, 3549, 3488, 3493, 3538, 3628, 3633, 3516, 3562, 3523, 3553, 3585, 3509, 3692, 3507, 3748, 3567, 3648, 3555, 3538, 3626, 3670, 3530, 3518, 3625, 3530, 3532, 3549, 3600], "forwarding_mean": 1107.95, "forwarding": [1192, 1080, 1016, 1112, 1108, 1125, 1116, 1076, 1070, 1079, 1076, 1106, 1058, 1087, 1081, 1082, 1024, 1058, 1080, 1068, 1032, 1071, 1075, 1035, 1078, 1074, 1066, 1074, 1082, 1055, 1094, 1118, 1123, 1139, 1119, 1080, 1111, 1111, 1114, 1108, 1096, 1129, 1132, 1123, 1131, 1078, 1115, 1130, 1095, 1516, 1112, 1088, 1083, 1126, 1084, 1076, 1126, 1120, 1136, 1121, 1086, 1124, 1128, 1119, 1093, 1113, 1123, 1129, 1118, 1165, 1123, 1118, 1114, 1077, 1120, 1077, 1126, 1119, 1117, 1120, 1118, 1107, 1087, 1101, 1087, 1087, 1115, 1128, 1110, 1110, 1116, 1243, 1118, 1170, 1075, 1243, 1118, 1076, 1115, 1092], "decoding_mean": 3534.3200000000002, "coding_sd": 50.715678049297537}, "B": {"coding_mean": 1935.5899999999999, "decoding_sd": 51.131574393910462, "forwarding_sd": 34.359423743712583, "coding": [1849, 1766, 1890, 1933, 1907, 1940, 2062, 1939, 1943, 1936, 1929, 1922, 1932, 1925, 2053, 1933, 1933, 2040, 2037, 1942, 2053, 2064, 1937, 1933, 2011, 1953, 1922, 1948, 1942, 1938, 2031, 2079, 1928, 1939, 1938, 1984, 1955, 1934, 1941, 1936, 1935, 2057, 2055, 1924, 1942, 1929, 1939, 1943, 1916, 1957, 1923, 1941, 1946, 1947, 1932, 1965, 1946, 1923, 1914, 1945, 1928, 1939, 1903, 1930, 1914, 1937, 1946, 1939, 1930, 1936, 1934, 1922, 1882, 1943, 1934, 1939, 1948, 1919, 1928, 1919, 1917, 1923, 1921, 1928, 1923, 1917, 1909, 1867, 1877, 1897, 1867, 1880, 1882, 1863, 1865, 1905, 1873, 1883, 1868, 1868], "decoding": [1146, 1035, 1213, 1211, 1224, 1205, 1251, 1261, 1297, 1373, 1260, 1257, 1385, 1435, 1443, 1267, 1257, 1268, 1260, 1220, 1207, 1235, 1265, 1274, 1267, 1262, 1261, 1205, 1264, 1278, 1267, 1258, 1264, 1198, 1300, 1277, 1258, 1260, 1261, 1304, 1255, 1267, 1263, 1382, 1250, 1217, 1214, 1213, 1220, 1259, 1237, 1263, 1280, 1263, 1285, 1212, 1212, 1217, 1213, 1233, 1215, 1221, 1214, 1209, 1219, 1224, 1258, 1256, 1263, 1266, 1272, 1226, 1224, 1214, 1257, 1310, 1271, 1251, 1272, 1246, 1255, 1270, 1259, 1259, 1262, 1406, 1210, 1264, 1287, 1277, 1253, 1279, 1252, 1265, 1254, 1268, 1271, 1263, 1278, 1281], "forwarding_mean": 1097.0999999999999, "forwarding": [999, 1010, 1102, 1103, 1036, 1088, 1079, 1099, 1088, 1090, 1095, 1103, 1084, 1085, 1089, 993, 1096, 1100, 1090, 1093, 1117, 1094, 1131, 1101, 1096, 1212, 1094, 1095, 1091, 1085, 1092, 1096, 1102, 1091, 1101, 1094, 1091, 1085, 1100, 1093, 1085, 1084, 1090, 1081, 1103, 1102, 1081, 1099, 1231, 1103, 1101, 1093, 1098, 1093, 1235, 1091, 1088, 1096, 1087, 1083, 1227, 1203, 1086, 1098, 1096, 1084, 1087, 1094, 1107, 1091, 1084, 1085, 1093, 1098, 1098, 1104, 1094, 1087, 1088, 1097, 1082, 1082, 1100, 1101, 1083, 1093, 1094, 1093, 1088, 1082, 1107, 1116, 1104, 1094, 1118, 1090, 1104, 1087, 1096, 1088], "decoding_mean": 1256.8900000000001, "coding_sd": 49.696296642707701}}