{"A": {"coding_mean": 1894.77, "decoding_sd": 269.88080257773061, "forwarding_sd": 126.17015296812474, "coding": [1736, 1674, 1552, 1898, 1918, 1892, 1651, 1663, 1753, 1864, 1875, 1864, 1913, 1909, 1928, 1895, 2343, 1919, 2772, 1844, 2892, 2768, 2809, 2829, 2975, 1866, 2776, 2840, 2795, 2721, 1897, 1933, 3001, 1993, 2189, 1874, 1881, 1765, 1554, 1554, 1657, 1663, 1651, 1659, 1657, 1944, 2083, 1919, 2421, 1894, 1652, 1835, 1659, 1746, 1906, 1678, 1674, 1559, 1557, 1725, 1729, 1867, 1848, 1700, 1559, 1549, 1643, 1564, 2725, 1564, 1551, 1569, 1559, 1565, 1561, 1754, 1659, 1882, 1547, 1542, 1566, 1552, 2559, 1549, 1649, 2492, 1555, 1553, 2543, 1546, 2335, 1542, 1689, 1568, 1618, 1583, 1566, 1570, 1561, 1630], "decoding": [1163, 3311, 2968, 3249, 3451, 3419, 3557, 3216, 3302, 3555, 3543, 3622, 3565, 3583, 3570, 3634, 3558, 3466, 3513, 3654, 3647, 3597, 3536, 3542, 3520, 3539, 3540, 3479, 3561, 3543, 3512, 3529, 3574, 3515, 3550, 3530, 3541, 3538, 3318, 3202, 3220, 3191, 3219, 3204, 3240, 3231, 3203, 3208, 3494, 3207, 3208, 3215, 3204, 3207, 3185, 3212, 3220, 3229, 3225, 3205, 3175, 3249, 3226, 3296, 3199, 3209, 3205, 3208, 3520, 3222, 3220, 3224, 3301, 3200, 3207, 3519, 3223, 3220, 3229, 3232, 3196, 3192, 3194, 3211, 3202, 3226, 3225, 3209, 3289, 3238, 3203, 3231, 3227, 3214, 3313, 3543, 3212, 3222, 3239, 3209], "forwarding_mean": 1048.95, "forwarding": [1195, 1090, 993, 1084, 1115, 1132, 995, 939, 1045, 1120, 1144, 1113, 1120, 1117, 1588, 1624, 1102, 1105, 1116, 1116, 1116, 1122, 1116, 1125, 1134, 1123, 1129, 1120, 1121, 1260, 1130, 1127, 1123, 1121, 1665, 1126, 1133, 1107, 925, 977, 993, 1009, 989, 989, 980, 998, 993, 954, 1110, 981, 1045, 1031, 1032, 1034, 1046, 954, 975, 977, 977, 953, 975, 952, 961, 957, 978, 992, 988, 953, 1107, 1029, 934, 966, 998, 983, 992, 1112, 980, 960, 992, 1002, 996, 998, 991, 993, 1013, 992, 985, 951, 1064, 928, 915, 918, 922, 932, 941, 932, 930, 999, 976, 1035], "decoding_mean": 3316.1799999999998, "coding_sd": 411.37935910786769}, "B": {"coding_mean": 1825.52, "decoding_sd": 69.72415937105302, "forwarding_sd": 66.740856302567764, "coding": [1827, 1661, 1872, 1892, 1884, 1627, 1764, 1852, 1879, 1894, 1902, 1877, 1882, 2492, 2520, 1831, 1734, 1898, 1917, 1949, 1935, 2061, 1859, 1856, 1862, 1849, 1877, 1861, 1871, 1853, 1855, 1860, 1856, 1873, 1919, 1910, 1927, 1710, 1832, 1739, 1736, 1759, 1741, 1738, 1778, 1756, 1771, 1808, 1712, 1762, 1745, 1743, 1741, 1843, 1749, 1777, 1784, 1746, 1891, 1698, 1886, 1780, 1767, 1727, 1740, 1736, 1788, 1851, 1706, 1706, 1688, 1716, 1759, 1762, 1853, 1735, 1734, 1651, 1720, 1704, 1699, 1711, 1817, 1892, 1736, 1726, 1744, 1956, 1873, 1766, 1739, 1788, 1785, 1798, 1746, 1706, 1908, 1711, 1697, 2948], "decoding": [1161, 1072, 1266, 1247, 1185, 1192, 1101, 1097, 1289, 1232, 1242, 1242, 1238, 1247, 1276, 1231, 1207, 1243, 1240, 1254, 1251, 1240, 1241, 1240, 1242, 1243, 1243, 1232, 1248, 1242, 1231, 1246, 1243, 1240, 1229, 1246, 1233, 1201, 1097, 1094, 1101, 1093, 1090, 1103, 1095, 1095, 1109, 1197, 1095, 1108, 1097, 1094, 1106, 1061, 1109, 1105, 1102, 1099, 1073, 1054, 1102, 1109, 1093, 1100, 1097, 1111, 1098, 1260, 1096, 1100, 1104, 1088, 1082, 1109, 1235, 1099, 1104, 1099, 1104, 1101, 1087, 1104, 1094, 1094, 1126, 1105, 1094, 1072, 1091, 1096, 1107, 1104, 1097, 1110, 1204, 1088, 1106, 1095, 1098, 1103], "forwarding_mean": 1031.5899999999999, "forwarding": [1052, 951, 1158, 1112, 1097, 954, 976, 982, 1111, 1113, 1119, 1110, 1119, 1108, 1115, 1113, 1081, 1244, 1112, 1095, 1096, 1110, 1106, 1114, 1101, 1100, 1103, 1096, 1100, 1105, 1108, 1114, 1096, 1104, 1111, 1104, 1103, 982, 985, 981, 989, 977, 982, 987, 984, 993, 980, 1028, 1073, 980, 987, 983, 983, 992, 996, 979, 985, 978, 983, 988, 993, 985, 1102, 983, 977, 976, 990, 1077, 982, 987, 980, 978, 979, 985, 1074, 958, 949, 985, 989, 976, 985, 980, 942, 985, 980, 982, 982, 1236, 993, 990, 982, 998, 981, 953, 1082, 980, 994, 985, 983, 993], "decoding_mean": 1150.96, "coding_sd": 170.10617155176939}}