{"A": {"coding_mean": 666.24400000000003, "decoding_sd": 235.14974731859698, "forwarding_sd": 229.13051700722886, "coding": [395, 1015, 1086, 936, 347, 297, 317, 1006, 1093, 1062, 369, 1109, 350, 977, 969, 1214, 358, 358, 1051, 455, 397, 370, 1014, 1241, 653, 982, 443, 329, 370, 1066, 1024, 489, 397, 409, 372, 1555, 347, 813, 413, 1077, 1090, 1210, 635, 342, 375, 1398, 748, 945, 435, 1025, 425, 344, 489, 444, 1020, 1081, 1063, 1630, 719, 366, 892, 374, 338, 312, 341, 366, 432, 1307, 1049, 1073, 571, 316, 341, 1210, 462, 347, 374, 570, 326, 1334, 1022, 1541, 358, 1012, 343, 371, 1266, 364, 998, 343, 361, 451, 1028, 998, 1434, 674, 324, 325, 346, 1141, 372, 346, 508, 1044, 1083, 473, 372, 778, 398, 434, 349, 1065, 851, 1117, 1157, 539, 391, 387, 1112, 1119, 1977, 401, 1337, 1022, 432, 344, 348, 389, 338, 313, 342, 384, 350, 402, 1254, 1074, 1089, 515, 368, 375, 328, 337, 353, 404, 315, 342, 342, 1048, 321, 353, 509, 468, 373, 355, 1039, 977, 372, 527, 371, 367, 898, 939, 1884, 493, 430, 367, 719, 998, 310, 346, 363, 1087, 512, 445, 1031, 1119, 1036, 529, 1727, 406, 389, 364, 584, 1201, 1067, 875, 353, 349, 541, 802, 1117, 936, 364, 344, 388, 381, 711, 375, 343, 1301, 713, 1006, 1051, 1055, 511, 342, 352, 397, 957, 1085, 1251, 427, 368, 540, 570, 315, 341, 321, 353, 1190, 1286, 1060, 403, 583, 458, 508, 1030, 531, 546, 318, 383, 382, 1014, 491, 2172, 509, 366, 421, 1056, 1083, 568, 415, 346, 369, 1761, 1058, 1075, 347, 399, 380, 1227, 1079, 1068, 386, 932, 1149, 410, 334, 319, 856, 1132, 1093, 1252, 590, 342, 346, 993, 1084, 977, 415, 559, 531, 1187, 1148, 560, 429, 326, 375, 1148, 1049, 1137, 347, 1304, 307, 1015, 1166, 1209, 360, 371, 375, 1357, 1051, 539, 415, 388, 404, 378, 400, 443, 1482, 380, 354, 386, 367, 1030, 485, 545, 375, 423, 1083, 1001, 813, 453, 359, 384, 1207, 338, 345, 385, 1066, 1037, 583, 352, 381, 331, 350, 408, 424, 355, 468, 350, 346, 349, 360, 390, 378, 1086, 1247, 1601, 598, 550, 337, 450, 659, 638, 445, 1723, 562, 390, 356, 336, 351, 1068, 1039, 1657, 761, 437, 591, 381, 436, 494, 344, 829, 693, 742, 395, 451, 384, 350, 1017, 633, 320, 1098, 1059, 1141, 379, 400, 397, 385, 416, 339, 1174, 1273, 1261, 1007, 397, 396, 1648, 742, 904, 925, 514, 398, 313, 348, 369, 329, 316, 357, 311, 899, 1038, 945, 450, 365, 727, 342, 356, 343, 520, 367, 1328, 553, 456, 382, 724, 949, 904, 345, 463, 464, 587, 500, 480, 353, 1024, 1052, 596, 557, 339, 666, 1227, 760, 740, 1090, 658, 346, 380, 779, 900, 1020, 1238, 345, 381, 344, 362, 939, 1034, 396, 358, 376, 480, 373, 312, 324, 431, 1010, 513, 972, 345, 453, 463, 553, 388, 340, 348, 756, 951, 986, 976, 710, 345, 384, 1011, 1095, 1272, 576, 398, 367, 416, 1040, 711, 701, 598, 796, 331, 589, 770, 1060, 1728, 486, 337, 541, 405, 439, 529, 545, 527, 347, 334], "decoding": [272, 659, 675, 692, 238, 278, 335, 657, 1305, 671, 261, 734, 285, 218, 1035, 717, 449, 289, 724, 237, 295, 249, 527, 706, 767, 639, 455, 273, 347, 789, 376, 367, 385, 272, 281, 773, 303, 859, 277, 693, 835, 713, 379, 652, 230, 679, 690, 1225, 261, 303, 333, 341, 271, 521, 310, 757, 670, 713, 539, 401, 1125, 258, 297, 282, 290, 274, 281, 746, 731, 719, 316, 266, 298, 809, 346, 370, 251, 282, 246, 713, 1033, 723, 520, 265, 221, 294, 267, 283, 811, 286, 263, 509, 721, 722, 720, 289, 502, 248, 247, 686, 284, 233, 320, 766, 703, 285, 246, 608, 229, 281, 362, 828, 502, 857, 758, 412, 278, 311, 754, 353, 254, 293, 718, 864, 257, 273, 280, 310, 362, 307, 282, 382, 251, 287, 694, 709, 712, 325, 265, 255, 640, 330, 250, 250, 244, 435, 296, 796, 289, 237, 260, 273, 305, 269, 654, 828, 431, 518, 262, 265, 628, 1024, 710, 246, 324, 379, 507, 633, 231, 274, 293, 1002, 328, 351, 481, 296, 714, 452, 715, 226, 244, 238, 311, 1005, 719, 491, 265, 301, 703, 395, 678, 726, 294, 243, 219, 466, 747, 248, 258, 715, 1082, 277, 714, 713, 289, 353, 308, 280, 345, 810, 698, 541, 326, 320, 488, 318, 246, 348, 273, 692, 691, 728, 303, 397, 248, 272, 1062, 367, 1375, 448, 266, 287, 716, 363, 705, 250, 259, 282, 900, 715, 396, 365, 280, 283, 713, 720, 713, 262, 382, 255, 1108, 708, 750, 273, 683, 220, 368, 223, 308, 725, 649, 947, 1131, 465, 276, 320, 337, 817, 750, 271, 252, 278, 720, 707, 717, 347, 347, 286, 724, 725, 712, 435, 500, 337, 641, 795, 732, 407, 255, 247, 705, 694, 711, 259, 325, 353, 274, 241, 270, 719, 252, 217, 287, 249, 270, 251, 386, 398, 297, 714, 495, 1004, 261, 370, 226, 886, 267, 220, 223, 719, 851, 1065, 262, 471, 399, 278, 242, 273, 366, 248, 257, 251, 251, 248, 297, 283, 735, 720, 719, 394, 305, 312, 320, 357, 334, 402, 708, 386, 262, 247, 250, 252, 721, 728, 1074, 395, 347, 494, 248, 317, 320, 250, 698, 528, 494, 351, 270, 334, 308, 272, 399, 238, 872, 825, 731, 314, 278, 304, 276, 270, 325, 711, 889, 763, 499, 247, 258, 761, 519, 637, 732, 435, 355, 217, 333, 324, 246, 303, 354, 229, 501, 712, 698, 345, 360, 777, 259, 296, 343, 327, 312, 611, 574, 273, 386, 493, 490, 653, 245, 253, 254, 722, 388, 349, 471, 714, 704, 502, 401, 270, 289, 756, 528, 456, 605, 463, 265, 268, 1116, 506, 638, 709, 228, 576, 252, 245, 491, 730, 313, 319, 246, 276, 349, 311, 366, 282, 760, 483, 707, 215, 247, 499, 261, 480, 356, 244, 741, 641, 881, 649, 359, 472, 295, 523, 716, 716, 397, 289, 274, 251, 1097, 484, 584, 607, 316, 249, 419, 304, 716, 712, 518, 249, 260, 239, 1336, 523, 719, 374, 247, 346], "forwarding_mean": 456.22399999999999, "forwarding": [303, 840, 737, 616, 305, 271, 282, 718, 626, 620, 279, 714, 255, 845, 763, 778, 294, 309, 775, 245, 253, 287, 284, 691, 474, 624, 433, 268, 247, 708, 387, 409, 268, 331, 316, 679, 242, 906, 242, 927, 685, 833, 406, 295, 209, 739, 542, 711, 267, 301, 221, 244, 244, 384, 738, 763, 686, 706, 492, 282, 466, 216, 253, 355, 289, 316, 372, 777, 961, 895, 353, 321, 219, 797, 292, 296, 650, 263, 292, 684, 716, 682, 222, 267, 228, 387, 238, 256, 726, 277, 239, 379, 706, 692, 709, 240, 267, 253, 218, 718, 243, 343, 308, 687, 819, 244, 219, 623, 245, 254, 286, 707, 492, 743, 716, 417, 309, 298, 696, 283, 287, 282, 695, 1048, 268, 424, 254, 284, 323, 251, 250, 278, 252, 316, 695, 1018, 687, 364, 425, 297, 322, 289, 271, 405, 423, 280, 269, 692, 233, 262, 273, 284, 288, 357, 924, 1130, 395, 367, 248, 222, 620, 623, 1047, 336, 335, 227, 498, 677, 182, 286, 250, 733, 425, 308, 369, 267, 700, 498, 702, 260, 255, 209, 384, 714, 797, 853, 262, 258, 514, 416, 874, 663, 269, 305, 267, 543, 658, 218, 268, 741, 352, 693, 836, 700, 298, 297, 290, 286, 468, 836, 1063, 385, 276, 269, 394, 229, 279, 252, 254, 868, 685, 754, 273, 338, 280, 222, 693, 385, 762, 243, 269, 250, 704, 442, 1040, 329, 245, 249, 783, 783, 372, 429, 506, 363, 796, 695, 698, 224, 262, 314, 694, 715, 737, 333, 1001, 770, 275, 236, 239, 1090, 533, 722, 697, 397, 300, 246, 462, 695, 1129, 296, 254, 313, 651, 712, 709, 376, 223, 336, 773, 680, 698, 266, 516, 323, 850, 885, 1188, 381, 233, 264, 693, 702, 605, 327, 270, 235, 243, 276, 308, 697, 204, 292, 312, 225, 929, 251, 591, 282, 230, 688, 477, 491, 233, 290, 401, 667, 201, 278, 242, 788, 817, 687, 268, 355, 278, 326, 262, 301, 249, 257, 229, 271, 382, 378, 220, 248, 691, 928, 707, 403, 318, 267, 331, 330, 319, 314, 705, 572, 375, 282, 280, 256, 697, 699, 763, 271, 316, 482, 410, 340, 312, 309, 698, 484, 483, 274, 290, 300, 248, 758, 342, 259, 737, 705, 721, 269, 261, 292, 253, 297, 273, 1010, 796, 761, 485, 337, 256, 693, 517, 932, 641, 351, 290, 237, 248, 280, 259, 249, 253, 282, 523, 700, 1097, 323, 280, 921, 326, 421, 318, 303, 287, 839, 497, 263, 313, 465, 444, 673, 241, 232, 238, 391, 319, 317, 248, 751, 691, 532, 383, 251, 328, 1192, 471, 475, 637, 463, 278, 225, 490, 513, 740, 701, 318, 260, 321, 262, 650, 821, 283, 239, 248, 346, 362, 253, 270, 289, 690, 460, 693, 236, 254, 564, 311, 426, 251, 294, 434, 650, 648, 904, 359, 348, 273, 735, 716, 690, 357, 235, 227, 223, 650, 467, 528, 468, 305, 337, 262, 391, 850, 738, 405, 246, 286, 242, 736, 363, 429, 365, 248, 270], "decoding_mean": 468.15600000000001, "coding_sd": 364.74936663961461}, "last_switch_enqt": 48104808,