{"A": {"coding_mean": 597.38199999999995, "decoding_sd": 228.45599926462862, "forwarding_sd": 215.12532258197777, "coding": [897, 1415, 498, 363, 1115, 588, 400, 433, 448, 372, 1234, 599, 728, 418, 377, 397, 416, 1104, 364, 586, 1090, 1235, 805, 439, 433, 366, 590, 349, 421, 1397, 786, 1139, 353, 417, 364, 360, 332, 346, 348, 815, 858, 1214, 589, 404, 413, 372, 514, 392, 1150, 648, 560, 355, 356, 431, 571, 534, 955, 380, 401, 484, 442, 781, 895, 566, 567, 380, 350, 392, 407, 424, 408, 414, 676, 1128, 361, 439, 421, 347, 431, 718, 783, 570, 374, 376, 1144, 982, 1342, 495, 1095, 451, 399, 358, 392, 1808, 504, 873, 503, 431, 489, 351, 387, 361, 475, 1052, 383, 773, 429, 435, 412, 464, 415, 436, 490, 387, 472, 416, 557, 1339, 596, 462, 578, 450, 385, 382, 368, 503, 1292, 1152, 425, 391, 376, 377, 1050, 1143, 1091, 985, 604, 359, 386, 1580, 771, 1311, 349, 361, 375, 522, 447, 397, 374, 1121, 400, 1201, 473, 445, 341, 1146, 940, 1042, 591, 580, 360, 347, 596, 470, 755, 490, 478, 912, 644, 575, 418, 429, 391, 1240, 522, 1122, 416, 438, 396, 1114, 1289, 395, 488, 618, 402, 698, 415, 423, 734, 633, 346, 376, 370, 632, 484, 760, 449, 502, 357, 366, 364, 383, 591, 453, 851, 525, 417, 393, 1188, 379, 1476, 1133, 415, 391, 1205, 557, 412, 511, 650, 382, 393, 658, 378, 371, 437, 1073, 468, 585, 579, 597, 515, 395, 376, 429, 397, 404, 764, 529, 453, 482, 503, 829, 429, 390, 1312, 526, 550, 400, 383, 379, 349, 385, 520, 389, 1149, 407, 608, 875, 644, 397, 390, 375, 431, 509, 611, 425, 510, 398, 375, 417, 742, 487, 406, 411, 1268, 397, 379, 375, 1165, 744, 754, 365, 391, 359, 376, 1134, 393, 405, 379, 1298, 411, 419, 569, 497, 543, 386, 411, 406, 404, 745, 504, 394, 543, 1861, 407, 366, 523, 375, 422, 436, 411, 1113, 511, 663, 521, 402, 752, 430, 391, 526, 664, 1685, 544, 711, 825, 453, 412, 1138, 936, 1267, 376, 407, 430, 1148, 472, 510, 417, 931, 675, 883, 373, 419, 520, 608, 492, 589, 412, 1279, 504, 406, 1347, 422, 400, 581, 412, 493, 349, 1710, 397, 607, 608, 647, 405, 424, 600, 743, 1155, 428, 382, 782, 582, 596, 478, 545, 375, 376, 373, 419, 569, 421, 615, 388, 571, 378, 1343, 631, 901, 383, 663, 406, 357, 395, 393, 356, 515, 456, 384, 588, 1227, 315, 493, 417, 428, 374, 805, 500, 756, 417, 379, 374, 1185, 1152, 614, 617, 682, 634, 428, 1112, 1116, 405, 822, 511, 460, 1293, 376, 693, 377, 1210, 620, 994, 625, 372, 448, 642, 538, 552, 435, 454, 551, 450, 430, 300, 353, 393, 778, 1209, 763, 791, 575, 834, 592, 1126, 452, 409, 418, 418, 353, 636, 475, 649, 794, 713, 428, 384, 391, 354, 374, 399, 821, 836, 556, 446, 389, 379, 415, 377, 425, 417, 400, 389, 1151, 523, 769, 495, 652, 427, 476, 593, 540, 378, 368, 534, 572, 433, 371, 2848, 820, 551, 399, 428], "decoding": [452, 825, 634, 282, 818, 472, 281, 283, 279, 323, 823, 520, 589, 275, 283, 291, 642, 876, 418, 353, 800, 1019, 280, 301, 309, 330, 795, 542, 305, 834, 563, 813, 293, 388, 302, 366, 290, 285, 354, 393, 652, 819, 827, 278, 429, 305, 423, 282, 816, 867, 474, 411, 272, 298, 840, 292, 432, 279, 257, 1530, 304, 569, 876, 568, 365, 255, 607, 263, 369, 502, 277, 248, 438, 471, 364, 324, 284, 376, 407, 900, 441, 284, 287, 477, 260, 349, 1266, 455, 823, 298, 248, 332, 291, 819, 499, 563, 352, 724, 555, 287, 276, 386, 299, 814, 312, 570, 313, 325, 335, 307, 317, 295, 333, 282, 318, 278, 831, 387, 439, 430, 926, 370, 420, 312, 320, 315, 733, 822, 317, 280, 326, 315, 1152, 779, 833, 469, 584, 365, 285, 992, 655, 779, 561, 280, 454, 686, 453, 295, 248, 279, 340, 945, 301, 304, 283, 372, 821, 864, 453, 433, 288, 286, 852, 528, 487, 394, 302, 916, 802, 418, 413, 473, 312, 332, 315, 819, 354, 291, 364, 1006, 815, 266, 728, 364, 374, 1405, 313, 417, 413, 299, 278, 281, 359, 574, 309, 352, 424, 448, 272, 260, 259, 292, 307, 478, 448, 252, 305, 426, 282, 281, 792, 853, 280, 296, 834, 359, 312, 363, 821, 280, 368, 907, 298, 363, 493, 266, 304, 925, 549, 451, 305, 289, 338, 404, 302, 261, 255, 268, 276, 343, 388, 611, 330, 483, 280, 266, 337, 296, 326, 258, 293, 279, 255, 598, 826, 265, 259, 373, 301, 249, 432, 320, 247, 525, 413, 467, 266, 285, 317, 310, 566, 433, 292, 379, 909, 404, 283, 276, 401, 633, 564, 312, 288, 319, 510, 253, 280, 288, 414, 828, 348, 315, 314, 558, 554, 376, 332, 500, 252, 387, 390, 384, 288, 875, 336, 465, 281, 309, 380, 279, 252, 810, 373, 623, 352, 335, 849, 284, 320, 318, 334, 871, 446, 435, 281, 617, 453, 633, 454, 850, 385, 389, 258, 847, 305, 487, 280, 813, 289, 292, 275, 286, 359, 473, 404, 286, 442, 994, 369, 382, 399, 349, 450, 287, 318, 574, 439, 359, 327, 456, 374, 428, 333, 308, 1308, 553, 338, 258, 298, 542, 315, 476, 399, 466, 256, 327, 562, 518, 321, 371, 455, 404, 410, 345, 836, 410, 471, 325, 705, 327, 317, 292, 439, 281, 630, 532, 301, 732, 813, 305, 1310, 309, 315, 389, 569, 624, 457, 327, 283, 284, 1289, 396, 547, 445, 1520, 817, 356, 282, 375, 445, 1239, 286, 573, 819, 330, 283, 669, 819, 320, 465, 265, 268, 369, 435, 347, 398, 334, 333, 946, 304, 289, 298, 306, 295, 1230, 655, 628, 358, 355, 543, 373, 253, 290, 285, 411, 1048, 252, 340, 277, 502, 566, 286, 404, 318, 366, 332, 339, 318, 414, 607, 661, 417, 402, 324, 280, 327, 559, 331, 296, 311, 462, 402, 588, 543, 488, 317, 324, 1420, 280, 252, 273, 566, 592, 343, 279, 332, 363, 326, 466, 336], "forwarding_mean": 441.32799999999997, "forwarding": [491, 969, 443, 349, 813, 639, 251, 296, 275, 293, 1258, 456, 554, 408, 368, 370, 439, 811, 276, 342, 711, 876, 282, 311, 322, 278, 575, 324, 354, 1090, 598, 1259, 260, 279, 324, 320, 300, 300, 290, 505, 545, 834, 835, 292, 251, 250, 279, 284, 791, 540, 451, 355, 289, 300, 647, 260, 443, 363, 252, 612, 385, 560, 545, 511, 410, 290, 326, 315, 284, 278, 415, 314, 498, 1257, 326, 552, 302, 425, 382, 634, 454, 361, 275, 287, 877, 394, 800, 353, 782, 275, 281, 289, 304, 805, 389, 564, 288, 276, 502, 291, 320, 268, 280, 875, 271, 703, 304, 305, 349, 292, 312, 330, 438, 309, 338, 280, 758, 282, 434, 477, 808, 283, 359, 376, 277, 366, 853, 1261, 279, 317, 309, 293, 708, 796, 818, 449, 610, 290, 403, 1018, 618, 823, 274, 285, 336, 327, 374, 288, 301, 291, 460, 797, 316, 334, 353, 639, 647, 661, 499, 374, 286, 293, 745, 354, 472, 471, 350, 788, 551, 274, 344, 438, 282, 1023, 391, 791, 368, 415, 339, 887, 791, 395, 471, 369, 333, 588, 281, 334, 613, 322, 419, 298, 289, 495, 312, 278, 303, 466, 272, 326, 292, 274, 306, 326, 548, 297, 305, 247, 311, 295, 1266, 783, 304, 286, 951, 325, 320, 323, 548, 432, 400, 681, 281, 303, 558, 264, 412, 562, 437, 483, 683, 390, 345, 310, 287, 285, 324, 317, 258, 382, 340, 590, 276, 256, 922, 332, 435, 375, 363, 327, 277, 278, 285, 316, 792, 299, 314, 384, 284, 296, 358, 693, 319, 507, 448, 294, 313, 280, 268, 338, 507, 458, 431, 671, 807, 374, 288, 261, 362, 548, 564, 270, 289, 312, 480, 1089, 284, 304, 292, 757, 253, 285, 310, 460, 431, 392, 455, 321, 313, 379, 406, 291, 276, 789, 273, 295, 389, 353, 311, 328, 318, 1000, 338, 471, 290, 281, 597, 252, 315, 328, 380, 751, 415, 426, 624, 332, 311, 766, 493, 803, 278, 285, 303, 1329, 295, 424, 279, 898, 415, 280, 308, 503, 348, 485, 359, 292, 313, 1254, 340, 349, 258, 294, 394, 417, 298, 599, 394, 947, 287, 471, 406, 529, 291, 422, 572, 467, 310, 425, 329, 996, 383, 577, 357, 677, 328, 328, 319, 282, 272, 323, 457, 318, 405, 384, 840, 400, 526, 253, 600, 284, 281, 298, 359, 280, 278, 395, 375, 587, 799, 263, 425, 280, 277, 255, 542, 348, 576, 287, 360, 285, 788, 442, 476, 453, 704, 555, 496, 890, 800, 358, 847, 342, 286, 870, 259, 294, 309, 793, 337, 475, 281, 281, 325, 450, 411, 681, 280, 451, 1495, 226, 279, 268, 283, 307, 1269, 370, 854, 362, 292, 419, 549, 1033, 297, 419, 301, 357, 296, 567, 386, 555, 824, 328, 311, 256, 319, 330, 252, 278, 441, 549, 481, 310, 301, 337, 356, 323, 405, 339, 267, 392, 479, 289, 544, 406, 490, 278, 274, 583, 246, 367, 327, 401, 389, 318, 292, 396, 403, 308, 380, 262], "decoding_mean": 454.57999999999998, "coding_sd": 305.88675040936312}, "last_switch_enqt": 48129276, "B": {"coding_mean": 577.04399999999998, "decoding_sd": 279.25826970029016,