{"A": {"coding_mean": 582.63400000000001, "decoding_sd": 206.25710048383789, "forwarding_sd": 211.87428962476784, "coding": [452, 578, 820, 569, 391, 371, 392, 511, 536, 546, 488, 717, 410, 1357, 581, 1040, 491, 397, 1065, 584, 535, 460, 499, 552, 328, 454, 412, 601, 493, 461, 364, 978, 521, 467, 475, 342, 349, 475, 442, 481, 427, 402, 538, 1061, 458, 535, 467, 326, 999, 356, 358, 326, 386, 474, 595, 427, 564, 390, 353, 365, 363, 399, 346, 1023, 699, 727, 444, 751, 385, 335, 475, 619, 534, 352, 376, 1050, 368, 690, 349, 353, 1046, 353, 392, 1040, 543, 558, 569, 334, 923, 1120, 354, 397, 664, 387, 1601, 1142, 943, 742, 361, 585, 499, 1067, 471, 461, 491, 426, 467, 450, 514, 355, 483, 408, 385, 448, 1079, 1094, 925, 391, 958, 391, 393, 1044, 510, 530, 388, 370, 1063, 1130, 364, 397, 355, 355, 377, 394, 831, 373, 388, 352, 443, 356, 403, 415, 1206, 405, 360, 425, 456, 351, 381, 364, 1444, 375, 405, 987, 611, 544, 442, 513, 353, 729, 367, 492, 331, 1023, 399, 394, 577, 1199, 1742, 1065, 1047, 392, 348, 387, 1030, 394, 471, 358, 398, 814, 333, 574, 546, 488, 1075, 521, 499, 487, 542, 1216, 367, 505, 389, 584, 316, 367, 860, 502, 459, 363, 1365, 439, 808, 345, 322, 1245, 502, 780, 762, 721, 458, 445, 412, 749, 669, 478, 387, 439, 356, 370, 677, 384, 1053, 326, 465, 624, 1504, 366, 356, 415, 324, 337, 1348, 1425, 361, 1054, 354, 533, 714, 469, 362, 702, 1110, 351, 349, 441, 382, 542, 708, 352, 357, 524, 323, 700, 625, 503, 385, 1043, 845, 1160, 434, 380, 387, 492, 387, 466, 1038, 747, 390, 713, 869, 523, 1109, 398, 354, 1024, 339, 400, 467, 482, 521, 340, 396, 355, 478, 893, 371, 514, 883, 1098, 392, 1658, 864, 426, 1252, 367, 395, 349, 386, 544, 1072, 607, 1049, 1044, 434, 474, 635, 686, 588, 398, 351, 1107, 450, 1147, 645, 582, 338, 361, 353, 443, 354, 363, 378, 524, 523, 372, 1093, 493, 1024, 1953, 348, 318, 372, 348, 683, 709, 456, 501, 376, 518, 574, 1052, 406, 422, 530, 578, 539, 603, 806, 404, 407, 392, 461, 349, 628, 408, 393, 435, 403, 386, 427, 420, 340, 1248, 383, 383, 1151, 720, 596, 372, 435, 341, 584, 1155, 529, 560, 552, 601, 388, 341, 354, 666, 370, 388, 931, 1123, 522, 576, 377, 365, 434, 1014, 1058, 1049, 349, 376, 383, 706, 664, 416, 828, 794, 375, 345, 383, 367, 410, 361, 429, 471, 591, 650, 324, 1078, 362, 590, 382, 883, 391, 432, 361, 605, 460, 363, 1083, 622, 1779, 364, 356, 388, 741, 416, 380, 1208, 268, 311, 434, 383, 345, 394, 362, 519, 1048, 389, 340, 818, 356, 350, 365, 492, 1540, 717, 1648, 352, 388, 379, 526, 408, 471, 1175, 533, 1071, 387, 418, 336, 1029, 1026, 354, 624, 411, 360, 756, 365, 836, 478, 394, 446, 1043, 391, 402, 1247, 2066, 448, 551, 506, 482, 336, 350, 339, 424, 548, 765, 472, 398, 400, 1088, 443, 489, 447, 379], "decoding": [281, 355, 433, 624, 298, 633, 228, 360, 378, 370, 279, 770, 259, 814, 360, 387, 340, 288, 764, 315, 410, 457, 290, 679, 247, 329, 401, 504, 311, 324, 269, 517, 312, 257, 400, 232, 313, 426, 546, 339, 434, 286, 287, 304, 303, 480, 357, 292, 297, 258, 266, 253, 263, 549, 301, 319, 593, 279, 314, 280, 286, 233, 399, 299, 629, 462, 406, 339, 385, 336, 617, 462, 434, 243, 260, 294, 279, 726, 253, 243, 342, 266, 285, 1048, 643, 569, 377, 282, 464, 758, 349, 258, 230, 274, 462, 658, 770, 853, 343, 268, 250, 777, 363, 319, 390, 377, 347, 481, 389, 306, 294, 342, 328, 326, 797, 730, 520, 313, 554, 361, 266, 287, 332, 280, 327, 375, 792, 950, 301, 254, 333, 236, 314, 346, 952, 318, 263, 266, 252, 306, 235, 260, 262, 417, 262, 352, 519, 472, 371, 403, 744, 282, 257, 284, 409, 354, 358, 238, 279, 545, 282, 307, 283, 264, 416, 298, 292, 382, 1047, 741, 460, 248, 266, 248, 894, 424, 598, 260, 281, 938, 292, 839, 408, 254, 760, 231, 322, 273, 260, 440, 432, 287, 290, 389, 332, 331, 917, 335, 334, 301, 755, 260, 691, 272, 309, 1190, 252, 514, 519, 421, 610, 374, 291, 752, 514, 397, 365, 319, 254, 252, 268, 346, 231, 266, 346, 600, 752, 260, 262, 312, 260, 322, 1019, 878, 308, 539, 278, 301, 559, 386, 544, 748, 717, 392, 309, 305, 260, 365, 586, 331, 270, 295, 268, 522, 431, 496, 323, 717, 747, 760, 324, 325, 281, 439, 314, 334, 597, 751, 532, 515, 578, 312, 436, 439, 347, 756, 376, 295, 268, 318, 303, 265, 324, 265, 578, 543, 296, 599, 262, 240, 273, 748, 591, 472, 1180, 334, 273, 243, 340, 542, 1063, 1218, 265, 314, 369, 311, 475, 459, 603, 348, 262, 763, 249, 856, 679, 479, 330, 268, 349, 550, 315, 232, 389, 791, 453, 331, 297, 238, 349, 841, 333, 251, 298, 337, 270, 530, 401, 303, 345, 338, 334, 405, 399, 294, 395, 231, 269, 345, 487, 262, 409, 390, 256, 300, 567, 327, 343, 418, 385, 245, 393, 295, 275, 264, 348, 244, 652, 765, 460, 234, 203, 233, 1201, 760, 353, 1298, 499, 462, 256, 256, 340, 744, 319, 243, 741, 766, 400, 482, 231, 310, 266, 890, 295, 352, 261, 230, 343, 322, 281, 282, 992, 800, 343, 243, 278, 481, 382, 281, 380, 375, 719, 296, 254, 752, 303, 351, 296, 534, 367, 252, 680, 461, 254, 357, 1561, 935, 782, 258, 266, 418, 520, 228, 305, 742, 285, 292, 248, 323, 278, 236, 291, 288, 306, 261, 229, 826, 339, 259, 264, 266, 873, 356, 286, 356, 340, 241, 527, 259, 291, 905, 319, 764, 344, 646, 243, 257, 730, 313, 421, 425, 379, 745, 292, 386, 393, 481, 385, 755, 274, 271, 778, 761, 330, 365, 397, 401, 256, 261, 254, 227, 546, 417, 375, 359, 337, 763, 402, 332, 317, 272], "forwarding_mean": 421.91399999999999, "forwarding": [260, 359, 384, 428, 456, 365, 278, 349, 401, 546, 282, 1227, 280, 779, 380, 360, 482, 282, 714, 284, 362, 347, 286, 619, 239, 310, 462, 446, 296, 294, 330, 514, 279, 395, 345, 235, 237, 314, 403, 404, 396, 325, 312, 356, 320, 337, 380, 261, 789, 256, 296, 271, 258, 405, 334, 367, 373, 280, 227, 276, 333, 327, 276, 309, 573, 430, 314, 344, 232, 342, 334, 445, 585, 261, 257, 281, 272, 582, 268, 287, 772, 267, 332, 759, 392, 520, 416, 260, 559, 941, 286, 235, 437, 252, 555, 652, 682, 502, 390, 294, 321, 737, 321, 394, 361, 301, 330, 344, 341, 248, 285, 291, 359, 321, 733, 719, 525, 242, 498, 269, 273, 742, 351, 241, 314, 285, 760, 731, 262, 351, 650, 303, 355, 232, 1165, 398, 283, 263, 286, 230, 288, 251, 244, 409, 366, 313, 575, 270, 281, 506, 747, 298, 300, 299, 525, 371, 272, 261, 331, 476, 302, 304, 329, 948, 293, 272, 263, 244, 733, 732, 880, 276, 267, 260, 972, 265, 450, 275, 619, 853, 299, 936, 605, 272, 850, 389, 271, 288, 245, 586, 287, 263, 327, 276, 250, 272, 608, 342, 481, 352, 726, 241, 657, 243, 227, 726, 265, 586, 580, 436, 378, 262, 404, 900, 508, 327, 419, 401, 296, 226, 253, 247, 277, 285, 330, 507, 1091, 293, 307, 323, 268, 283, 803, 1137, 247, 589, 273, 335, 787, 368, 244, 833, 728, 381, 273, 253, 294, 407, 887, 253, 234, 343, 249, 501, 475, 858, 265, 1215, 754, 729, 373, 296, 294, 331, 327, 327, 743, 814, 562, 522, 496, 311, 875, 315, 231, 742, 270, 269, 270, 263, 264, 248, 299, 298, 325, 603, 254, 396, 249, 758, 286, 761, 460, 334, 749, 257, 274, 274, 269, 413, 728, 521, 397, 802, 339, 287, 485, 444, 426, 261, 258, 1137, 317, 719, 690, 778, 297, 265, 280, 319, 226, 243, 644, 838, 575, 333, 342, 278, 826, 787, 314, 254, 411, 268, 273, 598, 326, 339, 385, 448, 296, 353, 328, 300, 325, 255, 261, 300, 562, 306, 289, 297, 338, 273, 463, 271, 272, 275, 308, 304, 277, 340, 262, 715, 343, 274, 476, 475, 442, 286, 307, 257, 634, 970, 243, 549, 421, 431, 274, 258, 335, 519, 418, 339, 899, 763, 318, 465, 269, 244, 252, 761, 322, 903, 279, 371, 421, 503, 284, 289, 736, 1097, 374, 234, 272, 250, 260, 277, 305, 231, 541, 265, 579, 715, 221, 350, 265, 622, 287, 349, 458, 332, 269, 246, 846, 581, 1140, 261, 291, 621, 528, 321, 267, 1181, 234, 288, 327, 314, 322, 237, 257, 257, 778, 250, 226, 803, 395, 341, 380, 257, 723, 628, 913, 280, 231, 235, 539, 584, 275, 890, 319, 776, 330, 335, 277, 718, 731, 236, 452, 378, 257, 779, 257, 414, 381, 272, 300, 694, 249, 255, 720, 1181, 350, 375, 326, 348, 306, 268, 289, 318, 347, 299, 329, 461, 280, 1138, 344, 420, 315, 265], "decoding_mean": 420.35000000000002, "coding_sd": 299.3619682658437}, "last_switch_enqt": 49049774, "B": {"coding_mean": 547.12199999999996, "decoding_sd": 277.80436624358515,