{"A": {"coding_mean": 693.32799999999997, "decoding_sd": 234.99539209099399, "forwarding_sd": 221.59364590168195, "coding": [415, 692, 431, 372, 340, 1203, 812, 502, 1061, 500, 359, 632, 1495, 539, 436, 490, 345, 317, 636, 1034, 381, 1311, 1113, 400, 402, 453, 344, 435, 575, 336, 370, 498, 689, 690, 345, 329, 384, 356, 364, 995, 445, 374, 1236, 434, 628, 345, 529, 361, 346, 381, 448, 526, 579, 356, 375, 1038, 1189, 461, 349, 613, 375, 1129, 955, 1108, 1066, 329, 345, 345, 432, 1015, 1041, 737, 341, 678, 381, 362, 987, 1165, 471, 444, 366, 414, 346, 433, 506, 316, 1085, 1117, 1347, 446, 381, 313, 977, 861, 540, 394, 433, 1187, 1006, 575, 361, 367, 1654, 1141, 1044, 532, 453, 345, 404, 1729, 365, 372, 440, 353, 886, 532, 431, 371, 351, 463, 814, 595, 558, 422, 1019, 411, 395, 1064, 536, 636, 348, 313, 295, 1001, 571, 588, 987, 720, 322, 538, 1681, 905, 465, 1004, 328, 370, 313, 354, 442, 397, 461, 1031, 1019, 314, 421, 329, 514, 449, 1380, 381, 1365, 689, 1063, 928, 701, 1112, 992, 1625, 695, 607, 988, 668, 755, 430, 525, 552, 1054, 519, 646, 469, 1003, 408, 820, 472, 585, 546, 1694, 374, 536, 557, 556, 603, 540, 566, 534, 1128, 570, 568, 345, 490, 709, 760, 1024, 486, 996, 500, 607, 946, 1031, 446, 589, 421, 352, 429, 542, 1008, 633, 422, 346, 481, 321, 1541, 928, 505, 390, 411, 379, 356, 355, 558, 716, 913, 574, 364, 586, 1043, 553, 594, 744, 1653, 383, 740, 948, 646, 593, 974, 611, 741, 1014, 596, 767, 1017, 680, 458, 389, 428, 1159, 1119, 318, 538, 1127, 607, 710, 398, 996, 470, 1231, 1070, 683, 1514, 961, 1219, 1469, 1145, 994, 980, 1208, 1046, 1033, 1039, 1211, 1139, 1562, 1583, 504, 1090, 998, 688, 1049, 1284, 1679, 439, 341, 461, 1029, 1120, 496, 356, 412, 369, 361, 357, 344, 916, 661, 1033, 1118, 1024, 886, 336, 1288, 447, 377, 310, 357, 741, 1111, 1077, 540, 365, 496, 1062, 1041, 1033, 771, 345, 386, 380, 602, 370, 377, 990, 1316, 1190, 775, 431, 428, 467, 687, 364, 448, 562, 1071, 1145, 1036, 462, 337, 318, 749, 1132, 1157, 1011, 565, 355, 420, 410, 1091, 1095, 834, 374, 403, 523, 405, 356, 358, 404, 1078, 1027, 616, 343, 409, 498, 679, 1014, 1657, 370, 339, 343, 747, 1026, 1025, 452, 480, 1321, 955, 1020, 449, 512, 1113, 1112, 345, 333, 1708, 360, 1046, 1032, 1011, 912, 385, 347, 1319, 1021, 1227, 381, 1798, 346, 1222, 1674, 993, 325, 925, 354, 473, 1292, 1177, 1101, 604, 542, 405, 1025, 424, 408, 311, 1169, 740, 652, 1052, 378, 346, 774, 1050, 1180, 536, 462, 423, 600, 1007, 1298, 444, 548, 367, 737, 433, 316, 593, 1038, 1027, 972, 508, 313, 1195, 359, 336, 327, 1227, 1492, 1920, 342, 342, 356, 335, 1351, 908, 1047, 1044, 1453, 433, 495, 407, 307, 400, 303, 1022, 1358, 1038, 350, 480, 353, 367, 537, 387, 390, 844, 697, 331, 485, 835, 436, 1036, 1100, 336, 360, 350, 518, 341, 392, 342, 424, 424, 450], "decoding": [295, 634, 303, 246, 252, 216, 324, 262, 714, 300, 274, 598, 679, 310, 424, 302, 317, 247, 364, 725, 243, 717, 436, 338, 254, 216, 249, 356, 535, 330, 261, 290, 554, 511, 263, 240, 255, 249, 267, 313, 285, 526, 722, 266, 565, 255, 247, 256, 265, 255, 230, 413, 403, 262, 287, 674, 761, 495, 248, 736, 414, 693, 728, 717, 1134, 285, 287, 298, 433, 660, 1152, 498, 257, 762, 292, 244, 408, 1123, 319, 323, 251, 316, 300, 303, 1080, 312, 620, 1213, 885, 384, 426, 319, 294, 387, 289, 250, 302, 685, 714, 445, 249, 291, 932, 719, 750, 505, 418, 258, 251, 720, 279, 266, 298, 467, 444, 263, 284, 276, 283, 279, 528, 365, 511, 336, 249, 279, 270, 715, 384, 400, 244, 241, 215, 669, 380, 323, 287, 713, 327, 379, 428, 665, 491, 720, 345, 268, 302, 268, 364, 262, 309, 818, 706, 233, 481, 256, 710, 318, 717, 303, 717, 461, 738, 337, 458, 470, 544, 765, 465, 380, 283, 345, 578, 311, 319, 380, 676, 349, 427, 351, 715, 464, 446, 321, 340, 416, 714, 310, 396, 758, 386, 379, 379, 409, 456, 1149, 430, 382, 525, 486, 492, 494, 1288, 318, 699, 482, 402, 469, 711, 466, 442, 320, 251, 440, 284, 508, 437, 307, 246, 246, 289, 710, 641, 632, 278, 294, 288, 247, 262, 300, 281, 487, 244, 278, 717, 273, 395, 383, 720, 409, 244, 891, 533, 435, 497, 553, 470, 571, 707, 387, 491, 460, 457, 332, 329, 351, 717, 981, 233, 535, 430, 787, 356, 302, 708, 332, 573, 703, 584, 705, 309, 717, 710, 699, 747, 711, 1119, 875, 748, 707, 1086, 701, 743, 718, 353, 700, 721, 527, 1121, 961, 714, 265, 315, 256, 767, 851, 300, 336, 216, 250, 270, 239, 296, 848, 300, 977, 713, 712, 808, 219, 249, 352, 283, 336, 250, 444, 741, 969, 565, 246, 326, 881, 705, 976, 401, 320, 319, 268, 237, 249, 266, 667, 1135, 711, 449, 443, 249, 243, 493, 288, 301, 341, 675, 721, 676, 237, 223, 256, 370, 667, 703, 665, 402, 268, 254, 281, 836, 1124, 716, 263, 412, 714, 283, 218, 270, 227, 669, 907, 681, 284, 245, 247, 951, 770, 704, 350, 249, 248, 404, 705, 720, 870, 314, 368, 1127, 705, 460, 244, 798, 710, 373, 231, 701, 363, 964, 927, 706, 722, 246, 288, 712, 787, 717, 317, 739, 253, 706, 729, 683, 277, 884, 325, 404, 739, 708, 767, 498, 275, 283, 492, 239, 234, 407, 717, 1076, 525, 254, 272, 272, 352, 1061, 705, 419, 379, 281, 350, 726, 717, 479, 731, 330, 811, 223, 282, 229, 716, 695, 393, 320, 430, 1125, 263, 290, 243, 680, 699, 726, 254, 289, 384, 285, 728, 225, 972, 710, 711, 333, 326, 317, 264, 255, 236, 276, 727, 1048, 358, 279, 297, 227, 354, 255, 292, 376, 526, 289, 255, 864, 279, 489, 236, 247, 243, 270, 441, 321, 278, 277, 257, 335, 335], "forwarding_mean": 472.06400000000002, "forwarding": [245, 461, 268, 269, 254, 270, 343, 260, 689, 272, 221, 580, 650, 259, 503, 313, 262, 236, 314, 817, 294, 703, 794, 308, 258, 403, 250, 301, 368, 234, 256, 354, 501, 962, 296, 223, 341, 272, 249, 248, 459, 403, 1102, 275, 451, 299, 253, 401, 303, 233, 249, 440, 387, 222, 234, 663, 656, 465, 272, 705, 267, 1002, 1026, 701, 694, 279, 234, 236, 336, 689, 857, 565, 308, 657, 443, 252, 540, 701, 339, 428, 296, 285, 248, 301, 851, 281, 720, 944, 712, 439, 291, 251, 294, 361, 317, 262, 284, 820, 1104, 518, 262, 236, 696, 919, 696, 430, 480, 261, 394, 721, 335, 286, 267, 279, 534, 313, 368, 413, 276, 259, 463, 416, 629, 553, 253, 213, 283, 1115, 408, 581, 324, 255, 246, 698, 416, 472, 247, 697, 287, 481, 478, 653, 254, 704, 315, 268, 250, 238, 429, 268, 268, 681, 651, 263, 340, 252, 475, 310, 696, 237, 820, 448, 649, 418, 623, 524, 1071, 672, 563, 405, 251, 442, 584, 278, 352, 573, 526, 325, 432, 321, 697, 387, 468, 398, 371, 390, 692, 279, 355, 370, 365, 408, 447, 570, 399, 826, 441, 373, 409, 297, 457, 505, 812, 296, 702, 432, 434, 647, 715, 307, 448, 256, 260, 305, 296, 701, 386, 335, 204, 255, 346, 664, 983, 676, 266, 375, 358, 297, 257, 277, 275, 543, 376, 264, 847, 260, 352, 362, 492, 784, 284, 591, 665, 538, 661, 455, 465, 541, 711, 420, 509, 529, 490, 283, 243, 272, 698, 722, 262, 409, 471, 501, 466, 290, 699, 310, 704, 731, 490, 712, 265, 695, 698, 730, 689, 700, 697, 718, 710, 791, 705, 695, 699, 697, 365, 813, 747, 528, 721, 722, 697, 258, 304, 289, 791, 784, 502, 251, 375, 248, 257, 529, 370, 1044, 322, 727, 997, 692, 782, 233, 329, 311, 302, 319, 267, 502, 764, 721, 652, 290, 282, 912, 704, 703, 372, 248, 218, 240, 246, 430, 306, 693, 724, 695, 421, 328, 364, 438, 540, 336, 251, 404, 1015, 722, 1171, 276, 278, 250, 421, 695, 712, 724, 392, 348, 252, 244, 717, 725, 702, 325, 275, 513, 244, 227, 342, 220, 980, 720, 392, 266, 452, 228, 530, 695, 710, 317, 301, 219, 353, 881, 749, 343, 327, 279, 706, 789, 419, 252, 792, 696, 353, 284, 965, 327, 769, 725, 705, 756, 327, 301, 727, 693, 706, 307, 767, 241, 716, 736, 696, 238, 493, 250, 275, 1087, 734, 884, 374, 245, 373, 738, 274, 351, 287, 706, 723, 492, 306, 250, 208, 399, 853, 695, 396, 269, 337, 334, 704, 744, 610, 577, 270, 389, 242, 306, 314, 794, 745, 844, 276, 253, 1365, 274, 310, 347, 699, 700, 706, 321, 279, 369, 274, 779, 262, 832, 758, 863, 319, 349, 295, 283, 229, 228, 229, 739, 795, 258, 263, 282, 230, 342, 257, 242, 448, 550, 414, 260, 717, 294, 656, 750, 321, 339, 271, 318, 307, 268, 246, 312, 310, 352], "decoding_mean": 475.26400000000001, "coding_sd": 356.7904040413643}, "last_switch_enqt": 47254020, "B": {"coding_mean": 624.91800000000001,