{"A": {"coding_mean": 716.31600000000003, "decoding_sd": 269.5205287617253, "forwarding_sd": 249.1583091610633, "coding": [1119, 1279, 475, 497, 412, 1233, 1355, 868, 429, 527, 582, 453, 428, 750, 417, 1254, 471, 954, 2006, 1399, 1275, 633, 451, 962, 586, 399, 504, 1225, 403, 407, 460, 437, 443, 642, 445, 1269, 1313, 1503, 445, 408, 385, 917, 454, 500, 1386, 689, 1655, 2001, 429, 510, 430, 395, 384, 548, 411, 512, 509, 465, 1341, 2056, 1347, 514, 1285, 469, 486, 655, 650, 428, 553, 615, 437, 1354, 830, 543, 1786, 655, 462, 485, 625, 430, 452, 662, 839, 1344, 991, 497, 588, 605, 446, 1242, 415, 1245, 1276, 609, 489, 430, 598, 1248, 843, 1089, 1415, 380, 1362, 515, 704, 837, 896, 883, 460, 431, 459, 453, 421, 872, 1215, 1282, 852, 1245, 421, 469, 421, 443, 452, 365, 439, 1321, 1308, 1561, 411, 1571, 401, 379, 463, 997, 1270, 421, 1478, 438, 1262, 661, 837, 859, 442, 400, 405, 407, 1262, 1296, 1432, 908, 628, 1227, 560, 1261, 854, 926, 1229, 494, 669, 646, 1294, 400, 449, 1328, 621, 665, 907, 396, 548, 2055, 579, 447, 437, 513, 709, 744, 609, 449, 831, 1224, 499, 367, 415, 679, 698, 393, 1570, 1000, 771, 479, 422, 444, 425, 687, 835, 570, 463, 399, 495, 948, 583, 956, 385, 523, 1269, 554, 565, 1518, 496, 447, 836, 441, 398, 463, 580, 414, 472, 424, 405, 835, 982, 474, 422, 411, 413, 571, 1271, 1332, 487, 450, 420, 1035, 492, 625, 627, 418, 475, 671, 462, 575, 735, 408, 831, 438, 861, 442, 678, 914, 837, 2036, 425, 609, 633, 785, 439, 736, 492, 637, 641, 702, 457, 1435, 434, 549, 612, 643, 752, 465, 501, 713, 513, 676, 436, 1418, 384, 483, 412, 750, 750, 913, 410, 458, 420, 415, 389, 1476, 537, 501, 910, 736, 510, 948, 480, 504, 491, 473, 1193, 665, 813, 518, 432, 596, 394, 1526, 488, 413, 411, 897, 559, 538, 1132, 658, 590, 517, 418, 549, 413, 499, 404, 556, 1377, 342, 498, 447, 1401, 387, 1120, 818, 388, 472, 473, 455, 728, 454, 836, 732, 449, 439, 499, 474, 398, 1250, 473, 422, 452, 1953, 1014, 543, 474, 550, 1483, 703, 634, 668, 425, 448, 422, 429, 437, 474, 1625, 667, 1080, 393, 2055, 483, 539, 475, 426, 591, 737, 864, 616, 612, 466, 425, 413, 419, 478, 1281, 653, 596, 590, 538, 418, 413, 1338, 1257, 553, 469, 546, 1398, 919, 428, 476, 1647, 405, 661, 448, 543, 1238, 1596, 1229, 490, 432, 589, 465, 835, 406, 390, 465, 1257, 687, 713, 1524, 712, 388, 493, 573, 1423, 1682, 1152, 583, 400, 804, 837, 819, 519, 437, 431, 503, 2149, 392, 387, 1707, 435, 1474, 547, 594, 471, 392, 481, 571, 520, 515, 410, 467, 432, 512, 418, 449, 791, 494, 2000, 601, 761, 406, 791, 1198, 1270, 462, 396, 557, 450, 1091, 816, 630, 434, 391, 383, 1082, 461, 837, 424, 438, 633, 494, 2067, 444, 509, 428, 412, 499, 688, 390, 660, 610, 430, 519, 585, 501, 664, 1676, 505, 433, 456, 1006, 1225, 637, 405], "decoding": [890, 331, 357, 397, 349, 978, 958, 948, 418, 284, 431, 356, 316, 957, 468, 398, 502, 706, 948, 962, 1022, 354, 604, 1208, 341, 268, 813, 285, 349, 430, 371, 429, 320, 292, 355, 1195, 941, 939, 359, 328, 373, 320, 398, 454, 398, 533, 930, 1413, 346, 322, 380, 352, 289, 725, 327, 399, 572, 330, 871, 1480, 1059, 362, 327, 320, 332, 833, 473, 366, 379, 297, 313, 490, 647, 1024, 1181, 408, 376, 287, 431, 346, 314, 369, 528, 1004, 662, 341, 652, 289, 319, 291, 428, 352, 955, 497, 323, 318, 494, 1026, 620, 744, 867, 328, 967, 336, 363, 634, 1006, 603, 384, 497, 349, 319, 328, 964, 473, 1138, 835, 650, 318, 355, 316, 448, 312, 466, 307, 326, 925, 961, 360, 1508, 418, 291, 309, 649, 1070, 464, 988, 322, 326, 566, 685, 691, 327, 362, 443, 320, 955, 963, 1164, 1205, 475, 390, 1158, 678, 1000, 704, 402, 413, 338, 403, 986, 395, 298, 940, 325, 339, 565, 377, 981, 352, 355, 365, 381, 352, 600, 529, 460, 349, 975, 1435, 351, 468, 320, 392, 330, 321, 1007, 634, 547, 443, 334, 292, 317, 572, 608, 417, 335, 347, 358, 667, 409, 705, 323, 446, 440, 381, 306, 295, 338, 448, 1006, 337, 363, 337, 294, 391, 322, 330, 297, 751, 999, 386, 509, 402, 308, 514, 1186, 1125, 323, 392, 685, 760, 414, 419, 447, 348, 351, 1029, 354, 662, 513, 376, 510, 326, 1051, 493, 495, 495, 688, 944, 351, 446, 486, 753, 374, 313, 324, 728, 510, 500, 339, 322, 485, 321, 555, 686, 428, 712, 382, 385, 402, 1120, 591, 1477, 309, 312, 327, 651, 523, 768, 506, 359, 509, 367, 348, 991, 296, 323, 652, 307, 613, 690, 469, 326, 350, 444, 932, 327, 427, 357, 319, 338, 337, 1039, 333, 424, 513, 1451, 503, 415, 615, 448, 352, 318, 354, 377, 292, 354, 347, 329, 666, 462, 528, 348, 351, 341, 564, 515, 386, 320, 318, 498, 1194, 421, 401, 506, 449, 487, 446, 337, 318, 344, 648, 328, 316, 938, 832, 939, 432, 455, 335, 481, 464, 467, 318, 328, 554, 410, 360, 350, 934, 1054, 1139, 322, 979, 318, 674, 332, 338, 943, 546, 817, 706, 376, 359, 384, 344, 314, 319, 973, 461, 487, 423, 442, 337, 328, 938, 524, 1495, 331, 393, 940, 1465, 348, 516, 957, 320, 562, 448, 300, 288, 903, 956, 378, 293, 334, 348, 321, 362, 323, 388, 974, 471, 505, 313, 833, 514, 328, 329, 311, 395, 915, 321, 323, 945, 706, 655, 575, 472, 448, 350, 388, 346, 405, 351, 360, 933, 499, 421, 386, 599, 400, 500, 498, 363, 346, 331, 320, 504, 314, 319, 529, 495, 976, 291, 1114, 652, 405, 798, 934, 464, 384, 333, 318, 728, 592, 488, 324, 320, 379, 934, 343, 529, 434, 322, 348, 297, 994, 326, 362, 570, 327, 582, 470, 521, 335, 359, 352, 317, 510, 325, 288, 316, 354, 552, 476, 942, 1524, 480, 333], "forwarding_mean": 517.67600000000004, "forwarding": [740, 431, 321, 385, 339, 1044, 1023, 902, 372, 333, 294, 282, 321, 970, 520, 963, 330, 545, 925, 895, 1033, 307, 681, 920, 420, 585, 505, 926, 284, 338, 380, 358, 312, 281, 308, 921, 900, 894, 322, 294, 321, 634, 380, 344, 340, 475, 890, 925, 278, 357, 359, 312, 531, 500, 329, 391, 454, 388, 811, 1030, 980, 387, 949, 313, 360, 504, 511, 329, 324, 275, 385, 625, 643, 616, 1342, 340, 425, 267, 348, 341, 323, 312, 619, 1040, 939, 367, 562, 317, 289, 344, 352, 371, 938, 500, 381, 346, 337, 931, 666, 660, 1105, 457, 1000, 348, 505, 623, 619, 653, 646, 593, 356, 317, 319, 895, 1096, 996, 706, 635, 310, 323, 328, 400, 327, 437, 463, 1121, 886, 900, 340, 1075, 349, 403, 383, 703, 903, 469, 860, 323, 373, 507, 620, 627, 351, 352, 373, 344, 971, 958, 909, 652, 539, 1199, 484, 566, 1138, 655, 1115, 360, 330, 360, 946, 322, 300, 865, 350, 314, 643, 397, 731, 1148, 350, 313, 297, 309, 796, 502, 510, 352, 914, 994, 394, 421, 284, 376, 341, 294, 919, 658, 573, 295, 368, 350, 323, 485, 891, 505, 321, 351, 280, 627, 501, 689, 339, 493, 283, 371, 262, 957, 317, 381, 937, 311, 458, 312, 334, 462, 327, 297, 310, 582, 630, 362, 427, 348, 294, 452, 946, 1163, 394, 470, 327, 521, 333, 460, 469, 343, 411, 632, 330, 404, 571, 351, 483, 346, 1450, 419, 492, 587, 953, 922, 351, 490, 490, 497, 301, 311, 284, 484, 548, 596, 346, 1062, 507, 481, 483, 646, 746, 591, 366, 397, 302, 563, 443, 904, 340, 315, 284, 690, 496, 665, 345, 279, 281, 311, 314, 959, 275, 332, 764, 376, 916, 883, 373, 315, 312, 514, 888, 381, 375, 326, 332, 445, 322, 1424, 283, 326, 383, 859, 375, 470, 552, 654, 311, 309, 345, 462, 369, 401, 353, 315, 641, 294, 404, 313, 313, 335, 704, 420, 308, 358, 310, 443, 646, 360, 620, 575, 304, 308, 355, 297, 295, 351, 397, 315, 454, 918, 519, 450, 314, 310, 938, 684, 517, 628, 399, 563, 342, 314, 315, 343, 1127, 533, 633, 313, 965, 473, 497, 336, 335, 609, 604, 634, 507, 311, 310, 323, 316, 321, 336, 984, 502, 482, 462, 440, 369, 312, 895, 644, 496, 330, 385, 902, 853, 287, 331, 896, 334, 324, 370, 310, 930, 892, 904, 316, 312, 299, 388, 329, 363, 491, 362, 1419, 523, 339, 303, 750, 352, 300, 300, 948, 356, 887, 326, 378, 732, 662, 689, 466, 370, 285, 320, 1325, 334, 294, 336, 325, 856, 461, 438, 357, 277, 417, 668, 716, 504, 338, 315, 425, 414, 427, 363, 501, 403, 1413, 308, 828, 430, 383, 813, 910, 308, 280, 393, 334, 799, 573, 669, 320, 450, 464, 889, 398, 943, 386, 372, 404, 583, 906, 423, 341, 286, 282, 705, 514, 307, 340, 345, 387, 360, 505, 320, 327, 309, 477, 355, 272, 630, 930, 496, 345], "decoding_mean": 530.976, "coding_sd": 383.6664959883779}, "last_switch_enqt": 47278552, "B": {"coding_mean": 684.60400000000004,