{"A": {"coding_mean": 693.69200000000001, "decoding_sd": 264.51983157411848, "forwarding_sd": 249.99930879904448, "coding": [1211, 859, 879, 432, 403, 517, 378, 522, 480, 1242, 433, 998, 639, 519, 1243, 437, 643, 411, 407, 410, 416, 532, 535, 965, 1243, 407, 407, 524, 585, 531, 483, 781, 547, 408, 774, 496, 889, 377, 412, 1392, 1819, 481, 480, 1396, 629, 633, 780, 405, 596, 626, 464, 645, 1239, 844, 848, 938, 1410, 443, 429, 587, 374, 1687, 704, 536, 537, 542, 2039, 526, 410, 392, 378, 1322, 559, 575, 420, 881, 689, 415, 383, 433, 428, 543, 678, 1270, 471, 474, 581, 1994, 393, 409, 623, 405, 1367, 637, 445, 483, 494, 377, 561, 864, 1346, 830, 421, 648, 428, 389, 1394, 519, 1991, 418, 487, 680, 461, 1096, 648, 683, 650, 462, 454, 433, 753, 789, 566, 475, 630, 503, 1251, 838, 731, 567, 478, 458, 414, 407, 481, 535, 633, 825, 371, 571, 496, 459, 1000, 1386, 1345, 437, 620, 433, 386, 1053, 712, 911, 439, 409, 418, 523, 646, 472, 1181, 417, 425, 614, 569, 722, 1208, 874, 495, 404, 639, 461, 599, 1158, 1254, 532, 440, 1049, 431, 1246, 817, 979, 834, 1258, 439, 400, 1310, 548, 1245, 429, 701, 534, 456, 405, 1070, 970, 894, 703, 467, 414, 405, 448, 602, 839, 580, 520, 401, 2100, 442, 406, 1345, 436, 1292, 989, 894, 699, 375, 373, 375, 1337, 430, 413, 1274, 639, 417, 596, 1236, 1405, 673, 445, 532, 457, 796, 583, 1619, 499, 361, 651, 669, 884, 1011, 454, 427, 1233, 418, 406, 363, 581, 390, 645, 444, 1302, 436, 418, 849, 409, 1198, 420, 435, 412, 1088, 668, 698, 368, 2405, 608, 365, 571, 423, 534, 885, 907, 455, 651, 570, 466, 450, 481, 463, 684, 422, 832, 465, 1079, 713, 455, 711, 639, 438, 1238, 427, 447, 431, 1228, 430, 615, 1285, 1232, 457, 642, 514, 530, 509, 438, 1838, 1217, 448, 384, 768, 1255, 794, 417, 1379, 472, 372, 443, 487, 517, 569, 428, 414, 454, 1366, 590, 1111, 498, 702, 436, 611, 1003, 411, 616, 399, 636, 2024, 746, 1227, 423, 407, 1295, 832, 1040, 955, 410, 557, 2035, 448, 701, 1191, 838, 409, 411, 434, 421, 1244, 677, 1897, 436, 512, 508, 405, 877, 382, 1288, 413, 386, 490, 524, 1201, 781, 460, 471, 472, 788, 895, 480, 409, 398, 1894, 621, 551, 998, 448, 393, 496, 452, 477, 452, 1245, 2019, 444, 1219, 433, 330, 471, 702, 507, 749, 1203, 463, 622, 405, 430, 667, 1214, 1261, 459, 1967, 434, 426, 453, 644, 453, 678, 1203, 460, 399, 425, 460, 651, 394, 1214, 429, 1264, 961, 975, 421, 606, 532, 415, 1208, 423, 1523, 586, 423, 465, 495, 886, 467, 647, 559, 421, 397, 1540, 414, 633, 438, 930, 780, 844, 747, 368, 378, 406, 554, 376, 407, 1201, 835, 441, 967, 478, 1555, 482, 501, 406, 437, 413, 456, 1149, 428, 365, 413, 436, 538, 652, 543, 413, 418, 398, 372, 907, 452, 407, 483, 688, 668, 414, 1659, 419, 418, 436, 375, 366, 2070, 1285, 1278, 372, 394, 666, 444, 498], "decoding": [851, 649, 346, 437, 325, 351, 322, 259, 455, 317, 322, 309, 522, 372, 1088, 333, 447, 330, 323, 314, 452, 440, 304, 1415, 318, 317, 540, 369, 408, 449, 289, 1542, 335, 630, 525, 455, 947, 323, 360, 297, 365, 909, 342, 1494, 314, 471, 974, 317, 369, 334, 312, 1175, 940, 420, 653, 959, 643, 298, 324, 408, 323, 829, 926, 437, 491, 715, 329, 508, 478, 309, 362, 656, 502, 374, 408, 357, 306, 339, 352, 349, 411, 407, 506, 1343, 286, 489, 648, 933, 309, 336, 377, 361, 943, 495, 342, 301, 595, 394, 289, 601, 907, 637, 386, 507, 342, 316, 970, 360, 931, 325, 366, 606, 294, 439, 707, 509, 369, 500, 542, 314, 359, 673, 405, 332, 407, 321, 914, 536, 764, 293, 380, 552, 324, 454, 498, 623, 530, 996, 322, 351, 339, 347, 646, 498, 797, 315, 1007, 318, 358, 385, 565, 867, 414, 397, 320, 459, 1062, 355, 445, 317, 385, 462, 421, 499, 1036, 652, 366, 327, 361, 399, 450, 842, 606, 384, 383, 648, 353, 949, 704, 425, 438, 651, 441, 297, 936, 388, 1066, 317, 524, 1166, 336, 375, 935, 650, 630, 416, 349, 300, 342, 317, 437, 615, 1097, 310, 322, 951, 314, 910, 376, 404, 892, 721, 932, 666, 457, 496, 402, 293, 392, 327, 1061, 470, 437, 348, 974, 902, 605, 354, 358, 356, 891, 286, 948, 293, 350, 460, 530, 439, 847, 381, 332, 396, 351, 353, 389, 328, 301, 1278, 651, 611, 332, 327, 943, 413, 1018, 642, 506, 327, 568, 490, 644, 288, 1234, 561, 458, 352, 386, 362, 769, 696, 341, 473, 647, 432, 351, 353, 353, 414, 317, 428, 526, 996, 512, 314, 1069, 448, 322, 428, 344, 332, 288, 475, 324, 893, 913, 358, 417, 317, 460, 640, 586, 354, 986, 404, 320, 452, 441, 949, 954, 323, 936, 319, 286, 306, 437, 354, 382, 325, 318, 369, 740, 502, 640, 324, 943, 331, 898, 1250, 406, 357, 418, 933, 938, 838, 897, 375, 361, 933, 852, 634, 642, 367, 410, 339, 409, 448, 469, 795, 418, 316, 355, 301, 948, 652, 441, 314, 317, 329, 357, 753, 308, 951, 313, 301, 384, 444, 1422, 534, 438, 355, 317, 929, 637, 425, 316, 313, 1623, 436, 440, 408, 323, 316, 372, 303, 319, 411, 375, 303, 372, 832, 333, 315, 420, 616, 460, 527, 709, 353, 356, 648, 375, 484, 1497, 908, 584, 933, 355, 337, 406, 358, 360, 408, 1011, 351, 523, 550, 392, 352, 338, 968, 501, 1168, 572, 897, 294, 351, 417, 347, 998, 325, 930, 645, 347, 378, 342, 564, 600, 1009, 319, 341, 591, 323, 314, 1014, 422, 984, 532, 673, 1199, 337, 314, 380, 1226, 369, 367, 380, 875, 430, 943, 348, 1447, 360, 317, 318, 314, 340, 334, 1223, 376, 332, 544, 303, 405, 392, 899, 320, 576, 458, 526, 302, 336, 569, 360, 573, 600, 664, 374, 293, 339, 290, 326, 356, 953, 934, 975, 432, 831, 348, 317, 337], "forwarding_mean": 507.63999999999999, "forwarding": [636, 615, 339, 325, 401, 350, 353, 365, 299, 1130, 311, 289, 505, 403, 910, 294, 421, 308, 297, 303, 363, 492, 280, 577, 1164, 454, 318, 281, 532, 389, 307, 736, 309, 478, 574, 441, 925, 320, 311, 1128, 443, 436, 324, 900, 372, 454, 707, 329, 304, 370, 276, 701, 891, 306, 665, 895, 801, 457, 378, 405, 297, 808, 567, 448, 396, 409, 423, 703, 398, 314, 309, 794, 393, 417, 348, 299, 279, 312, 322, 305, 450, 369, 757, 1068, 419, 331, 470, 921, 357, 267, 360, 300, 898, 491, 291, 337, 337, 283, 315, 466, 990, 668, 419, 569, 332, 310, 894, 324, 905, 401, 328, 382, 311, 483, 640, 573, 401, 431, 417, 280, 355, 617, 392, 324, 436, 417, 916, 528, 774, 308, 301, 356, 280, 426, 312, 461, 608, 703, 306, 418, 312, 283, 612, 593, 619, 307, 874, 394, 317, 422, 659, 586, 539, 309, 287, 329, 938, 323, 455, 309, 311, 412, 461, 500, 900, 608, 319, 413, 280, 316, 502, 1258, 707, 358, 337, 540, 321, 1245, 617, 473, 625, 620, 537, 321, 902, 444, 907, 346, 520, 533, 316, 322, 1257, 661, 752, 390, 472, 307, 423, 311, 421, 753, 648, 295, 282, 893, 504, 330, 1076, 320, 895, 649, 688, 654, 308, 529, 312, 325, 312, 317, 927, 311, 350, 306, 909, 894, 611, 308, 287, 306, 623, 382, 1093, 375, 443, 436, 516, 421, 783, 523, 358, 1306, 368, 309, 297, 474, 734, 532, 390, 1017, 415, 309, 936, 321, 957, 494, 348, 346, 580, 521, 600, 326, 906, 313, 323, 328, 310, 379, 659, 850, 672, 391, 467, 345, 506, 340, 342, 340, 349, 452, 365, 798, 655, 347, 971, 402, 324, 286, 391, 332, 406, 361, 285, 668, 895, 1301, 319, 632, 357, 474, 603, 329, 1025, 1131, 326, 313, 382, 934, 726, 468, 1077, 276, 286, 384, 418, 401, 612, 389, 368, 345, 632, 401, 618, 355, 967, 296, 957, 1368, 330, 282, 397, 605, 894, 479, 901, 350, 332, 1047, 637, 671, 681, 329, 382, 379, 300, 398, 941, 628, 620, 323, 300, 277, 888, 939, 373, 308, 307, 329, 322, 743, 404, 1048, 419, 344, 387, 347, 1447, 370, 310, 339, 341, 1205, 694, 508, 324, 281, 1043, 337, 523, 452, 501, 312, 320, 310, 426, 341, 1146, 279, 367, 541, 335, 266, 308, 534, 392, 543, 885, 290, 310, 359, 337, 782, 1397, 882, 311, 943, 433, 451, 413, 342, 353, 408, 891, 357, 428, 393, 291, 308, 318, 996, 343, 896, 577, 637, 302, 319, 388, 342, 1099, 354, 893, 480, 496, 312, 429, 613, 394, 728, 439, 312, 313, 309, 315, 632, 331, 943, 524, 675, 645, 301, 347, 308, 638, 324, 529, 411, 670, 287, 1324, 340, 894, 361, 327, 310, 303, 311, 537, 930, 280, 380, 335, 293, 368, 330, 675, 430, 401, 507, 312, 1442, 309, 302, 386, 550, 517, 367, 329, 300, 345, 384, 411, 310, 1115, 894, 909, 397, 319, 313, 283, 458], "decoding_mean": 528.94799999999998, "coding_sd": 375.70270312575605}, "last_switch_enqt": 46916870, "B": {"coding_mean": 602.68200000000002,