{"A": {"coding_mean": 659.23800000000006, "decoding_sd": 237.33597684295572, "forwarding_sd": 220.64007719360504, "coding": [382, 607, 760, 330, 392, 351, 408, 748, 718, 1163, 484, 487, 421, 1418, 1144, 383, 1062, 436, 433, 1148, 463, 1090, 377, 489, 366, 1601, 423, 483, 731, 358, 412, 440, 1197, 1167, 1086, 437, 735, 388, 622, 464, 586, 495, 487, 830, 530, 1198, 417, 748, 686, 363, 482, 703, 349, 341, 581, 1058, 359, 432, 1049, 404, 423, 386, 542, 409, 1172, 388, 410, 777, 685, 359, 403, 435, 430, 1296, 398, 604, 517, 1105, 422, 490, 422, 505, 498, 499, 907, 344, 395, 663, 559, 463, 380, 355, 356, 544, 419, 443, 1012, 705, 737, 1116, 361, 400, 366, 375, 425, 1080, 453, 903, 462, 560, 367, 377, 1124, 1885, 398, 1108, 1145, 520, 1245, 441, 556, 478, 436, 391, 396, 367, 1064, 497, 1070, 456, 478, 436, 598, 404, 775, 463, 486, 1125, 669, 356, 388, 327, 382, 1203, 442, 446, 376, 371, 1133, 367, 595, 386, 551, 708, 449, 508, 373, 1455, 357, 359, 548, 522, 636, 466, 397, 1778, 1338, 405, 393, 1188, 420, 543, 635, 654, 734, 366, 386, 544, 577, 975, 595, 572, 429, 642, 931, 388, 585, 433, 357, 420, 872, 379, 497, 1101, 459, 469, 374, 496, 525, 719, 393, 379, 401, 603, 931, 536, 539, 521, 388, 650, 343, 410, 1105, 482, 533, 521, 1554, 1068, 381, 1103, 470, 503, 420, 1074, 497, 1084, 323, 328, 1271, 1027, 419, 418, 664, 1130, 722, 467, 521, 486, 372, 854, 466, 320, 387, 366, 359, 793, 656, 543, 1163, 422, 1086, 352, 1063, 387, 540, 751, 714, 308, 486, 407, 505, 1142, 1099, 1172, 361, 630, 385, 532, 900, 376, 334, 406, 1155, 457, 1529, 422, 395, 432, 400, 473, 651, 513, 515, 525, 377, 362, 738, 393, 1076, 518, 465, 413, 392, 763, 567, 1796, 653, 478, 366, 1278, 1090, 536, 606, 1641, 324, 1438, 926, 442, 1281, 364, 365, 828, 1060, 383, 339, 1318, 543, 950, 978, 761, 517, 412, 860, 672, 815, 351, 715, 518, 678, 753, 599, 630, 355, 449, 394, 375, 370, 405, 418, 602, 1167, 646, 363, 491, 371, 1269, 1094, 457, 515, 512, 363, 390, 546, 365, 571, 400, 492, 320, 590, 1734, 313, 401, 517, 1192, 562, 1069, 357, 414, 406, 826, 1581, 771, 734, 721, 362, 336, 436, 376, 1067, 1778, 1375, 467, 520, 431, 355, 325, 1145, 1061, 707, 1054, 1003, 616, 563, 697, 410, 1216, 544, 838, 369, 1511, 567, 394, 1172, 1081, 674, 475, 445, 1431, 838, 745, 1163, 479, 364, 356, 1906, 1711, 733, 849, 568, 343, 486, 1182, 1023, 575, 341, 528, 412, 405, 392, 430, 1738, 855, 812, 373, 1230, 354, 356, 1071, 746, 466, 365, 470, 732, 878, 573, 563, 553, 1201, 1908, 514, 383, 376, 361, 510, 1095, 1706, 1241, 456, 555, 564, 476, 1090, 1364, 358, 1109, 1355, 507, 467, 507, 417, 1302, 1211, 475, 429, 505, 409, 1490, 747, 389, 344, 581, 482, 462, 463, 502, 655, 576, 392, 1071, 354, 538, 566, 453, 409, 1148, 833, 643, 1113, 1046, 1666], "decoding": [328, 810, 1196, 374, 253, 374, 292, 540, 495, 260, 489, 447, 302, 759, 285, 295, 287, 311, 306, 754, 334, 761, 280, 235, 270, 1165, 290, 805, 1204, 396, 324, 289, 760, 525, 285, 283, 441, 297, 402, 344, 629, 364, 498, 1202, 752, 789, 305, 1194, 1392, 269, 323, 1070, 382, 272, 343, 271, 278, 269, 532, 235, 295, 323, 734, 298, 398, 260, 270, 759, 437, 256, 288, 276, 245, 755, 302, 403, 342, 753, 228, 228, 290, 378, 494, 530, 390, 322, 274, 408, 443, 448, 478, 345, 238, 300, 321, 415, 1156, 335, 437, 493, 296, 264, 374, 274, 253, 747, 408, 1091, 350, 813, 272, 279, 527, 798, 234, 1284, 756, 324, 380, 342, 391, 342, 601, 264, 304, 649, 232, 333, 455, 853, 378, 254, 289, 305, 755, 389, 267, 523, 318, 287, 362, 331, 233, 853, 298, 249, 269, 300, 902, 264, 242, 256, 366, 487, 297, 407, 300, 761, 259, 520, 299, 314, 518, 348, 322, 806, 265, 493, 386, 973, 275, 445, 416, 409, 349, 357, 331, 406, 403, 465, 372, 277, 454, 355, 684, 233, 219, 269, 273, 245, 653, 354, 323, 791, 301, 496, 232, 302, 235, 706, 288, 256, 285, 289, 949, 586, 428, 770, 303, 639, 269, 258, 979, 343, 413, 261, 757, 290, 435, 808, 338, 237, 285, 685, 419, 859, 376, 288, 730, 489, 263, 247, 253, 753, 597, 471, 289, 497, 298, 405, 369, 379, 337, 329, 229, 748, 431, 293, 240, 204, 440, 561, 757, 337, 465, 1140, 600, 260, 599, 378, 374, 759, 744, 523, 261, 668, 312, 257, 863, 258, 294, 348, 268, 373, 530, 326, 287, 319, 284, 357, 383, 383, 395, 607, 343, 237, 256, 308, 715, 345, 862, 280, 508, 564, 399, 751, 450, 373, 256, 293, 822, 382, 529, 756, 267, 790, 879, 341, 380, 281, 266, 532, 266, 235, 293, 315, 396, 451, 465, 759, 312, 386, 390, 640, 593, 265, 1219, 831, 342, 533, 646, 477, 278, 591, 261, 259, 258, 283, 381, 646, 756, 636, 265, 261, 336, 367, 954, 262, 374, 340, 231, 365, 259, 304, 294, 259, 274, 268, 445, 753, 270, 254, 257, 1118, 530, 290, 266, 277, 336, 460, 995, 759, 419, 529, 260, 311, 732, 289, 720, 1217, 752, 393, 338, 446, 239, 266, 302, 256, 807, 711, 1229, 694, 410, 522, 270, 747, 743, 518, 297, 265, 872, 290, 769, 761, 763, 377, 367, 764, 526, 591, 830, 415, 243, 260, 856, 417, 530, 767, 513, 265, 356, 1154, 764, 357, 276, 288, 398, 412, 382, 294, 802, 950, 402, 277, 730, 370, 265, 1000, 518, 205, 299, 566, 421, 552, 518, 474, 403, 752, 893, 532, 307, 261, 271, 255, 771, 715, 742, 360, 413, 497, 367, 764, 750, 349, 820, 279, 335, 384, 243, 341, 771, 533, 420, 329, 480, 351, 814, 533, 306, 368, 313, 210, 348, 411, 595, 366, 428, 315, 1138, 288, 259, 299, 313, 290, 753, 748, 756, 751, 1268, 741], "forwarding_mean": 444.84399999999999, "forwarding": [284, 536, 552, 242, 597, 303, 277, 626, 479, 289, 322, 336, 277, 957, 805, 339, 317, 250, 333, 716, 310, 716, 261, 258, 269, 725, 429, 585, 931, 271, 297, 360, 723, 472, 314, 284, 272, 328, 280, 299, 586, 377, 341, 721, 874, 1036, 228, 1060, 613, 227, 243, 717, 264, 246, 490, 1380, 265, 306, 254, 297, 265, 278, 388, 239, 259, 241, 258, 495, 486, 335, 276, 291, 296, 744, 325, 326, 446, 705, 277, 348, 318, 394, 313, 473, 569, 242, 277, 421, 428, 439, 453, 291, 237, 274, 490, 226, 756, 368, 339, 465, 384, 260, 300, 257, 345, 751, 377, 1088, 371, 507, 207, 261, 752, 813, 259, 725, 759, 295, 423, 338, 502, 335, 347, 228, 252, 705, 756, 363, 691, 668, 282, 254, 250, 230, 1155, 364, 282, 542, 367, 260, 269, 268, 260, 729, 255, 257, 254, 598, 748, 233, 508, 266, 352, 511, 370, 357, 277, 1036, 238, 246, 509, 306, 485, 325, 313, 1153, 275, 295, 318, 815, 252, 415, 435, 462, 398, 301, 279, 370, 389, 457, 324, 254, 262, 384, 621, 309, 306, 274, 282, 360, 336, 274, 438, 727, 311, 386, 261, 270, 259, 1103, 286, 282, 267, 318, 685, 408, 378, 554, 249, 329, 254, 336, 887, 345, 390, 236, 751, 273, 228, 751, 291, 252, 309, 723, 531, 739, 268, 265, 987, 469, 324, 445, 298, 730, 521, 327, 287, 406, 295, 404, 367, 284, 248, 285, 246, 738, 400, 354, 1236, 299, 215, 226, 708, 218, 519, 884, 509, 274, 447, 388, 298, 820, 1055, 530, 302, 381, 256, 268, 750, 257, 298, 271, 249, 376, 760, 284, 283, 289, 336, 345, 453, 372, 473, 375, 355, 294, 267, 234, 792, 320, 403, 261, 268, 534, 575, 1142, 414, 365, 405, 278, 686, 359, 772, 943, 249, 754, 886, 310, 355, 336, 239, 362, 697, 228, 228, 282, 392, 438, 472, 767, 300, 464, 416, 492, 477, 449, 747, 627, 332, 503, 419, 297, 253, 519, 263, 367, 368, 255, 376, 446, 716, 449, 292, 302, 556, 309, 798, 297, 370, 359, 268, 233, 282, 259, 195, 291, 360, 228, 410, 730, 270, 283, 253, 680, 513, 267, 372, 323, 256, 403, 932, 773, 459, 494, 296, 301, 517, 258, 713, 843, 734, 374, 568, 326, 277, 257, 263, 698, 671, 673, 743, 393, 393, 446, 277, 750, 494, 594, 272, 418, 405, 284, 720, 717, 727, 365, 331, 754, 463, 555, 775, 442, 255, 296, 749, 763, 574, 735, 382, 271, 535, 756, 813, 426, 284, 327, 303, 282, 284, 298, 716, 713, 416, 293, 953, 263, 270, 750, 517, 232, 230, 369, 471, 480, 395, 405, 431, 847, 1159, 362, 282, 267, 378, 284, 716, 727, 1089, 345, 324, 393, 315, 750, 1142, 347, 741, 777, 322, 308, 233, 410, 754, 470, 604, 351, 338, 284, 735, 608, 270, 227, 256, 211, 389, 328, 338, 399, 380, 271, 1301, 368, 296, 278, 291, 342, 736, 534, 464, 741, 794, 777], "decoding_mean": 465.43599999999998, "coding_sd": 346.64794439892472}, "last_switch_enqt": 48205941, "B": {"coding_mean": 589.04399999999998,