{"A": {"coding_mean": 757.07600000000002, "decoding_sd": 275.32277287576488, "forwarding_sd": 299.99171889237209, "coding": [409, 388, 494, 1081, 421, 1206, 485, 373, 577, 571, 1199, 804, 637, 782, 488, 1238, 1760, 1160, 1414, 1974, 389, 370, 456, 773, 415, 346, 412, 414, 1124, 1123, 1526, 444, 404, 636, 398, 538, 422, 332, 1138, 1779, 948, 536, 439, 427, 1170, 384, 1607, 964, 433, 1126, 554, 1212, 1197, 2506, 338, 345, 540, 375, 336, 442, 440, 425, 447, 657, 1161, 1322, 1120, 483, 473, 367, 601, 816, 389, 500, 372, 506, 391, 1276, 1375, 1129, 522, 486, 727, 381, 391, 687, 522, 380, 411, 574, 1180, 1150, 642, 373, 357, 380, 1202, 1170, 794, 430, 410, 778, 1177, 1161, 1188, 580, 445, 365, 1193, 1485, 1307, 468, 399, 626, 415, 1358, 1133, 454, 348, 874, 513, 1411, 1153, 500, 381, 403, 385, 497, 482, 551, 1043, 911, 488, 558, 405, 1133, 463, 391, 381, 375, 393, 1274, 1315, 1148, 484, 558, 526, 1121, 1153, 1171, 1280, 522, 507, 669, 571, 510, 482, 549, 1375, 1170, 1280, 926, 423, 369, 1142, 1135, 1146, 785, 346, 454, 1164, 1125, 1221, 818, 448, 384, 555, 722, 1281, 1285, 481, 429, 371, 1179, 1394, 1191, 583, 548, 467, 571, 2053, 352, 376, 1787, 487, 639, 591, 1205, 603, 414, 370, 591, 565, 1217, 1144, 1135, 607, 370, 372, 527, 394, 404, 687, 1125, 1141, 1514, 1287, 466, 1267, 516, 1196, 1501, 1819, 487, 376, 418, 392, 1534, 1170, 618, 618, 411, 390, 387, 549, 413, 454, 1809, 385, 357, 403, 663, 350, 377, 437, 762, 368, 389, 420, 420, 1382, 1257, 2099, 547, 391, 385, 1217, 347, 1341, 672, 353, 406, 542, 623, 386, 751, 1158, 1118, 409, 426, 724, 483, 477, 629, 792, 1082, 1133, 1120, 469, 721, 543, 485, 555, 485, 774, 450, 626, 790, 468, 802, 793, 1373, 731, 431, 416, 1157, 412, 413, 1739, 974, 1265, 1227, 1190, 403, 355, 345, 404, 576, 380, 436, 379, 1362, 1452, 1207, 483, 494, 667, 402, 698, 521, 659, 359, 1124, 630, 1875, 1297, 718, 386, 412, 534, 1145, 313, 365, 851, 1150, 387, 394, 478, 383, 1260, 1136, 1185, 915, 368, 437, 411, 1397, 1156, 1139, 1684, 730, 377, 376, 778, 1197, 1237, 536, 541, 562, 393, 1263, 1422, 1241, 536, 491, 429, 754, 1110, 1124, 801, 370, 372, 423, 1131, 1181, 1135, 589, 585, 374, 613, 1274, 1169, 380, 386, 444, 964, 351, 860, 392, 370, 410, 424, 350, 1149, 1158, 1306, 1814, 417, 702, 362, 966, 1118, 1203, 1292, 445, 420, 1146, 1302, 1186, 834, 425, 519, 776, 377, 1087, 476, 1357, 1447, 362, 1951, 352, 426, 381, 472, 535, 447, 443, 385, 756, 381, 375, 457, 420, 1132, 1473, 752, 367, 346, 375, 778, 1016, 1223, 909, 422, 380, 1128, 1234, 1089, 1217, 612, 567, 442, 417, 1153, 1216, 1214, 534, 449, 604, 1868, 1433, 1146, 884, 371, 420, 1208, 494, 1235, 1174, 1169, 379, 401, 372, 533, 1126, 768, 892, 451, 449, 373, 1939, 418, 1135, 349, 375, 614, 430, 372, 638, 358, 1079, 481, 1223, 1243, 801, 578, 383, 1145, 388, 415], "decoding": [356, 326, 342, 841, 317, 745, 354, 285, 434, 383, 864, 376, 354, 365, 340, 348, 922, 1366, 834, 846, 320, 390, 297, 658, 288, 295, 254, 286, 1228, 858, 916, 261, 438, 259, 296, 333, 287, 348, 839, 948, 488, 362, 311, 349, 842, 346, 291, 722, 286, 988, 365, 836, 821, 823, 462, 316, 308, 326, 413, 304, 342, 344, 376, 402, 829, 861, 918, 415, 350, 298, 262, 862, 341, 284, 318, 259, 320, 1255, 1132, 899, 384, 364, 370, 285, 295, 380, 580, 384, 343, 359, 835, 837, 445, 290, 315, 298, 799, 920, 840, 326, 397, 843, 857, 831, 829, 342, 323, 261, 831, 832, 1034, 451, 365, 460, 389, 835, 850, 370, 485, 261, 329, 986, 1092, 701, 326, 284, 298, 393, 445, 374, 403, 584, 301, 489, 284, 857, 306, 289, 374, 320, 255, 953, 1007, 821, 335, 461, 478, 335, 877, 951, 837, 379, 446, 367, 365, 368, 358, 385, 630, 960, 888, 715, 362, 327, 932, 868, 821, 571, 361, 875, 337, 918, 844, 927, 329, 296, 441, 468, 839, 837, 366, 517, 618, 790, 805, 870, 546, 286, 349, 345, 831, 309, 297, 809, 388, 762, 484, 842, 453, 300, 273, 450, 447, 812, 828, 830, 334, 302, 508, 259, 397, 287, 302, 506, 832, 847, 581, 365, 828, 366, 814, 830, 1006, 447, 281, 299, 275, 954, 776, 1092, 531, 359, 291, 322, 640, 316, 286, 321, 317, 412, 285, 996, 264, 257, 283, 842, 299, 288, 515, 283, 844, 1102, 1145, 258, 316, 281, 827, 270, 293, 582, 296, 278, 254, 270, 284, 398, 979, 838, 380, 355, 476, 539, 284, 1171, 300, 522, 991, 889, 400, 546, 661, 368, 387, 361, 458, 311, 317, 473, 285, 430, 620, 834, 376, 361, 332, 808, 400, 302, 940, 497, 843, 843, 367, 361, 357, 384, 373, 296, 280, 340, 285, 838, 834, 1193, 584, 381, 464, 275, 266, 307, 455, 302, 1093, 510, 825, 893, 1027, 313, 513, 308, 830, 272, 367, 581, 620, 267, 484, 312, 334, 959, 997, 831, 1509, 349, 385, 263, 832, 833, 829, 1011, 265, 425, 283, 429, 1149, 841, 684, 376, 389, 331, 825, 837, 843, 319, 291, 579, 384, 830, 832, 675, 383, 294, 331, 1063, 845, 926, 403, 395, 318, 470, 856, 840, 474, 526, 362, 838, 282, 1073, 282, 254, 299, 372, 304, 311, 834, 844, 826, 319, 720, 281, 933, 605, 838, 798, 349, 284, 1094, 826, 662, 996, 350, 325, 1692, 306, 293, 448, 888, 839, 259, 790, 315, 281, 321, 284, 318, 305, 359, 336, 878, 307, 296, 420, 288, 619, 1272, 834, 381, 375, 421, 992, 927, 790, 1063, 327, 332, 501, 458, 1002, 873, 597, 391, 289, 298, 1068, 839, 846, 321, 316, 527, 984, 794, 951, 850, 286, 290, 544, 307, 778, 977, 863, 285, 281, 289, 294, 830, 604, 846, 302, 272, 291, 838, 283, 288, 345, 274, 515, 380, 373, 588, 362, 865, 451, 828, 871, 923, 322, 286, 322, 288, 305], "forwarding_mean": 540.31399999999996, "forwarding": [287, 275, 293, 910, 235, 718, 356, 315, 350, 407, 3341, 345, 378, 362, 357, 360, 816, 953, 782, 1206, 289, 266, 476, 701, 339, 326, 375, 315, 1010, 962, 823, 327, 310, 281, 334, 295, 344, 283, 797, 792, 461, 304, 392, 307, 892, 313, 310, 546, 306, 1127, 424, 797, 1066, 801, 318, 310, 286, 270, 296, 286, 306, 355, 333, 409, 796, 830, 1265, 366, 270, 254, 282, 906, 771, 273, 297, 297, 274, 945, 804, 880, 352, 371, 361, 281, 325, 361, 296, 314, 305, 607, 1098, 976, 438, 288, 301, 321, 817, 899, 1340, 332, 370, 819, 806, 857, 818, 308, 293, 297, 797, 807, 829, 375, 366, 326, 364, 941, 847, 509, 333, 253, 400, 805, 876, 447, 287, 255, 328, 344, 387, 370, 574, 550, 407, 490, 286, 554, 403, 374, 302, 299, 361, 1035, 821, 817, 408, 359, 368, 854, 794, 818, 1111, 417, 374, 363, 360, 435, 517, 351, 999, 917, 752, 478, 301, 283, 811, 786, 875, 839, 349, 482, 936, 852, 860, 562, 367, 731, 253, 468, 787, 1064, 375, 495, 318, 822, 782, 1296, 493, 292, 289, 361, 798, 259, 280, 797, 365, 484, 459, 865, 547, 279, 269, 452, 361, 867, 852, 811, 278, 251, 354, 287, 272, 407, 280, 747, 1016, 825, 936, 325, 797, 398, 796, 874, 824, 366, 323, 304, 301, 796, 1106, 921, 551, 294, 404, 273, 659, 333, 403, 1461, 318, 300, 286, 753, 303, 285, 254, 610, 318, 319, 400, 265, 815, 835, 998, 267, 272, 318, 1212, 324, 357, 440, 330, 299, 280, 274, 281, 528, 833, 806, 374, 312, 442, 451, 275, 1138, 302, 602, 762, 936, 337, 434, 435, 365, 359, 361, 373, 376, 308, 460, 422, 506, 602, 899, 415, 361, 313, 881, 459, 299, 1268, 446, 792, 763, 381, 383, 280, 253, 316, 305, 326, 305, 341, 851, 983, 856, 429, 535, 607, 372, 316, 496, 515, 280, 924, 523, 852, 777, 614, 306, 288, 383, 881, 242, 397, 596, 570, 302, 311, 445, 332, 894, 847, 812, 495, 316, 285, 317, 801, 804, 817, 837, 382, 401, 396, 479, 943, 833, 377, 357, 386, 355, 852, 925, 880, 444, 279, 451, 405, 979, 824, 567, 285, 258, 306, 863, 945, 804, 388, 295, 313, 452, 965, 935, 331, 284, 259, 872, 297, 1026, 282, 331, 712, 381, 234, 280, 804, 790, 810, 435, 453, 383, 845, 862, 888, 798, 314, 281, 827, 986, 475, 1325, 277, 309, 594, 251, 275, 413, 810, 893, 260, 803, 256, 297, 272, 285, 369, 404, 338, 324, 565, 262, 396, 284, 328, 716, 802, 649, 307, 299, 284, 537, 748, 837, 885, 268, 300, 366, 787, 764, 802, 485, 261, 341, 251, 802, 822, 791, 285, 334, 457, 940, 1033, 846, 1451, 305, 322, 565, 320, 811, 909, 1262, 272, 360, 254, 316, 755, 513, 533, 279, 304, 265, 1280, 294, 1124, 284, 256, 471, 471, 251, 418, 296, 824, 285, 797, 818, 794, 262, 308, 873, 402, 297], "decoding_mean": 545.64400000000001, "coding_sd": 409.65565323085679},