{"A": {"coding_mean": 791.54600000000005, "decoding_sd": 314.4869682451087, "forwarding_sd": 311.67333459890341, "coding": [809, 1363, 1140, 1093, 801, 442, 580, 572, 419, 1327, 1184, 543, 403, 590, 438, 485, 1224, 375, 413, 438, 483, 1729, 1356, 592, 1044, 1052, 1246, 1426, 1894, 1449, 479, 1256, 1462, 1296, 1336, 1540, 1469, 456, 448, 697, 526, 482, 380, 435, 1366, 1353, 882, 377, 469, 405, 406, 849, 450, 473, 403, 458, 1778, 1257, 1729, 616, 411, 442, 452, 469, 491, 465, 494, 379, 822, 696, 1251, 1241, 394, 431, 457, 408, 380, 386, 405, 436, 1883, 364, 1273, 1281, 1420, 959, 746, 667, 407, 811, 644, 350, 929, 425, 531, 383, 376, 412, 419, 1201, 1264, 1385, 430, 412, 421, 391, 574, 1022, 803, 589, 409, 1274, 377, 422, 585, 450, 1247, 647, 728, 523, 500, 531, 458, 537, 423, 458, 414, 461, 574, 416, 378, 686, 639, 1202, 1191, 497, 469, 660, 483, 1308, 951, 449, 476, 926, 1412, 1413, 530, 480, 504, 409, 1102, 1362, 873, 625, 431, 656, 464, 378, 653, 1212, 1921, 728, 483, 386, 444, 1226, 1260, 1806, 399, 451, 412, 1445, 938, 1145, 424, 407, 1517, 1295, 447, 529, 417, 447, 1183, 1505, 1009, 650, 548, 583, 823, 824, 1142, 1247, 423, 412, 423, 406, 1278, 2016, 831, 689, 427, 1224, 422, 1510, 959, 1087, 416, 617, 410, 554, 2006, 1249, 1319, 890, 1238, 433, 1234, 1279, 1183, 1210, 442, 438, 508, 1608, 1407, 886, 571, 492, 449, 1422, 865, 1426, 424, 537, 446, 450, 1219, 1212, 929, 386, 777, 443, 1261, 1465, 1266, 474, 421, 758, 405, 467, 1355, 1218, 728, 692, 676, 944, 1391, 1353, 655, 493, 422, 1584, 457, 434, 390, 410, 562, 381, 407, 627, 445, 1356, 669, 943, 1447, 451, 430, 449, 416, 453, 692, 404, 421, 825, 1228, 648, 530, 437, 603, 504, 649, 634, 427, 473, 427, 1645, 1253, 1287, 502, 419, 415, 416, 405, 1635, 441, 1069, 535, 668, 1242, 697, 455, 422, 413, 424, 435, 387, 1309, 1267, 1236, 1562, 515, 601, 833, 622, 590, 386, 1052, 567, 445, 1077, 1273, 1273, 686, 377, 1012, 377, 538, 500, 590, 1262, 1265, 633, 787, 430, 577, 417, 428, 379, 858, 1566, 912, 653, 739, 449, 540, 1100, 2013, 875, 616, 611, 497, 1259, 1230, 543, 465, 426, 516, 1243, 433, 650, 703, 643, 1475, 1145, 417, 378, 505, 1616, 1607, 1113, 495, 1329, 497, 549, 1115, 1124, 756, 433, 606, 420, 2073, 1255, 591, 2013, 527, 435, 638, 1209, 655, 549, 1254, 999, 582, 662, 463, 1339, 782, 461, 402, 1241, 1240, 1466, 1231, 534, 396, 422, 697, 1143, 1284, 464, 487, 1031, 532, 538, 545, 619, 1356, 1007, 662, 470, 448, 1282, 1353, 849, 533, 456, 549, 435, 542, 1210, 407, 416, 451, 420, 1234, 1256, 1823, 736, 531, 537, 420, 1453, 1270, 1258, 380, 1249, 461, 658, 1005, 1347, 963, 384, 392, 672, 659, 474, 423, 377, 2030, 1356, 481, 430, 354, 437, 1216, 1219, 1547, 581, 495, 404, 1521, 1204, 905, 382, 412, 419, 1506, 1194, 1249, 408, 563, 1230, 413, 412, 405, 1974, 1275, 678, 408, 389], "decoding": [603, 993, 1101, 840, 617, 399, 317, 319, 340, 984, 808, 528, 532, 346, 350, 448, 1135, 320, 405, 379, 489, 848, 870, 515, 689, 649, 938, 1074, 1097, 1453, 379, 974, 1097, 947, 934, 1035, 931, 525, 335, 933, 461, 432, 336, 364, 950, 946, 996, 328, 288, 466, 500, 652, 364, 448, 374, 394, 1037, 1223, 939, 505, 295, 318, 339, 444, 354, 349, 347, 328, 956, 457, 947, 1667, 664, 306, 367, 409, 346, 300, 315, 310, 1162, 326, 1278, 936, 952, 543, 427, 316, 306, 426, 404, 395, 756, 517, 274, 434, 321, 326, 324, 948, 929, 926, 463, 332, 294, 285, 414, 664, 499, 424, 402, 1117, 315, 310, 322, 322, 986, 585, 558, 339, 462, 324, 370, 365, 378, 367, 456, 315, 318, 355, 418, 664, 452, 1518, 957, 631, 351, 420, 526, 948, 1479, 504, 362, 1155, 939, 958, 348, 391, 337, 287, 543, 839, 1018, 366, 359, 522, 336, 314, 319, 915, 974, 641, 351, 265, 323, 953, 897, 906, 400, 301, 909, 1126, 950, 710, 360, 341, 316, 948, 377, 401, 298, 391, 938, 937, 1297, 518, 405, 411, 1607, 623, 878, 642, 333, 461, 325, 293, 942, 1134, 921, 1201, 316, 334, 424, 932, 641, 759, 347, 514, 559, 402, 904, 1095, 948, 324, 318, 386, 462, 916, 489, 1056, 343, 445, 359, 979, 930, 649, 326, 529, 421, 1537, 679, 936, 333, 650, 347, 353, 1435, 985, 937, 315, 460, 320, 315, 931, 1084, 544, 334, 611, 333, 354, 955, 992, 527, 466, 351, 908, 973, 982, 363, 315, 353, 957, 395, 466, 318, 292, 692, 475, 413, 356, 320, 1116, 966, 761, 937, 374, 286, 319, 357, 319, 437, 332, 393, 784, 1447, 1037, 353, 343, 334, 650, 510, 387, 329, 320, 472, 941, 960, 937, 513, 324, 372, 397, 559, 1022, 361, 501, 400, 320, 897, 517, 363, 316, 290, 427, 560, 320, 388, 1190, 951, 914, 464, 301, 656, 316, 573, 334, 969, 359, 330, 486, 1191, 1358, 296, 349, 372, 319, 300, 355, 411, 975, 942, 570, 381, 356, 360, 305, 315, 327, 582, 1030, 833, 447, 381, 407, 320, 703, 961, 965, 368, 487, 338, 959, 1208, 1564, 333, 319, 361, 289, 374, 556, 515, 496, 811, 948, 369, 630, 414, 849, 934, 719, 289, 1224, 362, 340, 1070, 1035, 573, 433, 303, 369, 735, 1315, 641, 333, 552, 459, 933, 1029, 770, 388, 955, 935, 362, 338, 319, 807, 518, 329, 291, 940, 961, 943, 1299, 354, 316, 326, 393, 847, 839, 309, 372, 925, 455, 472, 383, 452, 971, 655, 321, 340, 317, 934, 785, 651, 504, 526, 408, 399, 646, 1092, 316, 320, 320, 334, 943, 930, 947, 531, 426, 380, 285, 952, 1469, 945, 318, 945, 440, 565, 633, 949, 615, 297, 478, 987, 436, 339, 546, 318, 932, 1127, 370, 347, 291, 375, 947, 1039, 937, 350, 426, 363, 940, 941, 811, 292, 319, 314, 935, 1244, 1449, 325, 286, 359, 335, 385, 412, 951, 1503, 509, 299, 824], "forwarding_mean": 588.35000000000002, "forwarding": [539, 1134, 860, 783, 576, 306, 305, 307, 309, 992, 810, 450, 330, 338, 293, 408, 1411, 348, 311, 374, 340, 948, 832, 438, 909, 658, 1085, 937, 1113, 927, 426, 929, 1196, 905, 1159, 942, 893, 455, 379, 462, 431, 452, 282, 332, 990, 1233, 1291, 284, 484, 336, 312, 724, 280, 342, 321, 313, 941, 884, 879, 498, 291, 413, 286, 331, 380, 379, 326, 280, 1033, 430, 918, 1011, 365, 365, 316, 358, 367, 363, 339, 732, 916, 353, 917, 1133, 907, 512, 381, 312, 321, 312, 570, 318, 567, 312, 514, 301, 311, 360, 696, 1273, 1481, 971, 517, 313, 401, 446, 410, 703, 419, 420, 320, 1032, 315, 311, 325, 334, 910, 479, 585, 316, 317, 596, 366, 347, 304, 323, 283, 310, 352, 357, 441, 689, 447, 925, 1008, 511, 323, 320, 467, 956, 1356, 371, 401, 990, 1072, 979, 341, 483, 343, 551, 647, 1243, 643, 474, 310, 502, 345, 394, 333, 904, 912, 713, 396, 286, 555, 899, 898, 947, 272, 320, 334, 887, 610, 665, 283, 310, 288, 921, 376, 363, 321, 284, 966, 1093, 1166, 529, 508, 343, 1014, 668, 808, 653, 428, 292, 358, 311, 1177, 951, 620, 896, 350, 349, 446, 892, 589, 823, 319, 620, 327, 317, 906, 930, 913, 671, 958, 322, 1140, 919, 888, 869, 280, 326, 311, 873, 921, 675, 311, 405, 312, 1085, 631, 899, 301, 547, 359, 367, 930, 900, 911, 390, 314, 343, 1132, 942, 993, 450, 428, 521, 331, 374, 895, 1383, 479, 497, 339, 614, 959, 995, 348, 368, 315, 909, 352, 393, 327, 345, 764, 356, 350, 311, 353, 973, 612, 747, 1374, 309, 320, 393, 318, 315, 385, 341, 344, 683, 929, 734, 316, 314, 337, 510, 625, 419, 341, 349, 307, 1116, 908, 906, 428, 351, 353, 304, 283, 902, 387, 603, 301, 454, 962, 515, 354, 369, 321, 289, 302, 309, 957, 876, 857, 994, 442, 275, 643, 293, 613, 319, 941, 342, 318, 560, 984, 900, 333, 330, 289, 363, 311, 399, 536, 893, 911, 371, 414, 331, 307, 331, 329, 368, 467, 896, 635, 401, 321, 356, 355, 1042, 1292, 1217, 283, 381, 279, 852, 1190, 566, 328, 337, 294, 275, 349, 712, 512, 492, 916, 1200, 306, 287, 329, 832, 1028, 624, 340, 924, 321, 360, 854, 866, 505, 330, 341, 345, 887, 1124, 639, 314, 481, 415, 643, 906, 478, 336, 1093, 920, 298, 305, 283, 902, 547, 375, 314, 918, 863, 851, 1625, 318, 312, 286, 578, 806, 929, 342, 328, 932, 421, 387, 358, 390, 1043, 978, 376, 301, 282, 858, 720, 637, 405, 337, 343, 398, 491, 1414, 495, 324, 405, 289, 869, 1046, 1042, 486, 446, 436, 299, 1145, 1157, 1151, 403, 1322, 278, 476, 725, 894, 629, 297, 301, 1161, 318, 301, 464, 360, 895, 1109, 483, 324, 338, 377, 1525, 926, 928, 286, 346, 331, 994, 907, 474, 416, 333, 409, 982, 1299, 1773, 380, 310, 961, 314, 317, 351, 924, 1416, 424, 317, 308], "decoding_mean": 605.798,