{"A": {"coding_mean": 580.16600000000005, "decoding_sd": 208.16250501951592, "forwarding_sd": 198.74138825116424, "coding": [1683, 1023, 372, 821, 996, 341, 686, 374, 514, 559, 798, 484, 492, 315, 351, 290, 321, 553, 401, 901, 1249, 553, 680, 373, 866, 348, 343, 747, 309, 1040, 761, 512, 425, 432, 423, 339, 365, 541, 393, 1028, 1034, 782, 998, 595, 724, 659, 529, 743, 498, 349, 344, 383, 460, 366, 408, 1034, 516, 503, 1038, 586, 485, 348, 339, 1969, 734, 412, 995, 817, 482, 317, 329, 374, 694, 506, 1004, 374, 1002, 444, 408, 1026, 395, 382, 336, 540, 1124, 574, 1001, 344, 498, 678, 1085, 551, 374, 468, 440, 380, 314, 492, 429, 446, 474, 431, 361, 373, 491, 561, 635, 533, 501, 1011, 327, 362, 678, 680, 554, 339, 387, 689, 511, 730, 547, 410, 328, 378, 776, 740, 588, 343, 347, 348, 450, 517, 927, 372, 658, 390, 361, 396, 536, 457, 345, 391, 679, 581, 1460, 344, 417, 1053, 628, 521, 587, 371, 389, 841, 1068, 477, 511, 669, 612, 345, 871, 578, 368, 349, 369, 380, 1655, 325, 493, 407, 402, 360, 1136, 355, 604, 579, 359, 332, 346, 373, 374, 343, 398, 1027, 528, 374, 483, 377, 539, 757, 348, 365, 1138, 368, 1061, 448, 533, 613, 345, 356, 339, 520, 309, 1005, 1021, 441, 358, 509, 405, 1333, 391, 654, 881, 1612, 1123, 383, 312, 1715, 502, 331, 546, 341, 397, 812, 572, 378, 1453, 411, 372, 506, 331, 310, 1000, 1042, 380, 640, 483, 382, 374, 477, 361, 368, 335, 687, 847, 520, 345, 446, 437, 585, 1641, 384, 2140, 505, 321, 1713, 581, 449, 498, 405, 376, 312, 387, 374, 476, 331, 1055, 367, 1220, 443, 480, 355, 479, 408, 324, 365, 383, 1547, 466, 699, 337, 314, 349, 419, 344, 339, 341, 338, 2940, 480, 393, 540, 382, 476, 762, 495, 306, 390, 515, 1028, 597, 542, 354, 311, 393, 342, 342, 514, 414, 526, 1124, 424, 952, 599, 616, 386, 1025, 340, 414, 391, 450, 354, 1273, 983, 383, 678, 691, 435, 311, 379, 346, 347, 548, 359, 1420, 674, 365, 723, 407, 565, 342, 422, 337, 371, 401, 990, 682, 480, 388, 997, 346, 542, 1418, 519, 427, 1130, 369, 344, 424, 426, 424, 403, 380, 343, 1012, 392, 999, 338, 480, 344, 327, 1004, 578, 992, 723, 381, 396, 419, 1027, 1009, 373, 461, 385, 495, 357, 1035, 392, 413, 548, 674, 622, 616, 454, 322, 749, 380, 762, 394, 334, 584, 1227, 395, 362, 309, 388, 555, 406, 1063, 1043, 369, 1330, 349, 466, 403, 1067, 358, 1127, 667, 491, 1167, 478, 491, 490, 500, 343, 338, 303, 301, 538, 560, 976, 1002, 500, 538, 424, 663, 1268, 421, 621, 1007, 357, 384, 894, 691, 453, 456, 871, 445, 1286, 578, 518, 338, 1087, 645, 385, 352, 330, 542, 480, 433, 889, 453, 448, 338, 358, 993, 372, 791, 360, 312, 394, 1050, 567, 676, 407, 364, 462, 490, 395, 351, 313, 360, 699, 473, 453, 472, 352, 1121, 1046, 540, 433, 457, 391, 311, 518, 903, 730, 452, 457, 413], "decoding": [1169, 359, 249, 743, 649, 252, 698, 283, 300, 394, 380, 330, 321, 251, 302, 259, 317, 791, 221, 1427, 726, 443, 462, 257, 747, 250, 292, 257, 278, 717, 496, 415, 307, 453, 307, 254, 324, 719, 359, 757, 424, 877, 796, 325, 482, 329, 319, 824, 348, 284, 250, 277, 399, 247, 273, 725, 418, 391, 236, 436, 382, 301, 354, 720, 1133, 290, 350, 409, 221, 237, 230, 243, 501, 273, 271, 497, 324, 475, 238, 230, 235, 362, 233, 286, 681, 391, 718, 323, 257, 759, 263, 585, 312, 318, 320, 269, 286, 355, 455, 334, 304, 253, 277, 324, 307, 508, 675, 318, 794, 265, 269, 258, 562, 500, 368, 277, 457, 339, 329, 1128, 425, 435, 264, 284, 1130, 671, 325, 365, 443, 249, 888, 318, 446, 347, 706, 218, 272, 306, 260, 265, 326, 306, 461, 387, 308, 323, 254, 731, 706, 422, 577, 260, 248, 519, 294, 319, 316, 309, 332, 250, 494, 464, 458, 439, 265, 256, 777, 257, 383, 541, 304, 337, 393, 241, 465, 677, 248, 246, 271, 225, 253, 300, 267, 304, 370, 326, 291, 246, 396, 461, 321, 283, 737, 332, 729, 471, 382, 645, 285, 346, 397, 251, 360, 246, 688, 223, 307, 288, 232, 1124, 272, 760, 497, 708, 747, 252, 248, 716, 547, 361, 398, 232, 309, 571, 246, 382, 735, 582, 299, 248, 260, 329, 348, 1083, 245, 256, 275, 366, 271, 530, 358, 246, 264, 408, 498, 228, 419, 335, 437, 368, 418, 391, 683, 222, 372, 718, 713, 310, 306, 247, 303, 265, 283, 239, 465, 296, 728, 249, 731, 726, 584, 256, 260, 287, 249, 232, 314, 750, 342, 426, 246, 248, 245, 227, 338, 221, 249, 507, 842, 308, 242, 386, 285, 356, 472, 327, 232, 365, 330, 732, 386, 385, 281, 254, 252, 255, 288, 247, 250, 412, 919, 318, 446, 464, 604, 261, 248, 279, 282, 255, 477, 232, 520, 965, 281, 517, 547, 406, 291, 418, 260, 258, 821, 268, 775, 338, 405, 331, 283, 350, 242, 630, 435, 253, 286, 366, 541, 672, 256, 293, 280, 285, 323, 263, 247, 1123, 245, 249, 447, 303, 354, 385, 334, 238, 280, 253, 717, 374, 256, 281, 256, 733, 385, 458, 388, 688, 264, 287, 731, 520, 436, 308, 241, 272, 251, 1025, 265, 264, 357, 330, 698, 350, 462, 263, 1217, 285, 722, 290, 363, 337, 305, 333, 306, 219, 245, 245, 253, 286, 815, 286, 749, 249, 1252, 322, 936, 313, 496, 302, 238, 789, 405, 363, 366, 260, 254, 341, 310, 291, 371, 361, 1136, 476, 240, 826, 427, 374, 873, 310, 333, 440, 217, 220, 411, 869, 648, 437, 533, 264, 775, 381, 437, 315, 1094, 726, 303, 488, 299, 714, 287, 416, 437, 305, 493, 257, 400, 716, 240, 574, 277, 311, 225, 719, 358, 474, 576, 396, 417, 266, 299, 256, 579, 226, 678, 271, 286, 251, 385, 259, 280, 421, 351, 345, 263, 360, 679, 928, 528, 381, 487, 272], "forwarding_mean": 402.31400000000002, "forwarding": [693, 280, 216, 483, 497, 269, 1079, 256, 237, 606, 436, 287, 394, 270, 346, 241, 395, 882, 359, 1500, 736, 413, 458, 270, 561, 203, 212, 222, 243, 687, 488, 371, 350, 307, 392, 245, 263, 795, 324, 694, 383, 515, 716, 317, 498, 354, 330, 563, 251, 265, 285, 340, 401, 257, 266, 704, 393, 382, 259, 447, 277, 213, 233, 1086, 685, 242, 384, 630, 222, 278, 263, 242, 494, 254, 701, 450, 869, 359, 244, 234, 246, 289, 284, 245, 688, 367, 699, 306, 282, 418, 255, 353, 237, 328, 414, 372, 248, 331, 370, 354, 310, 262, 270, 275, 325, 619, 596, 341, 381, 713, 298, 278, 600, 478, 409, 270, 349, 367, 350, 815, 579, 372, 219, 314, 700, 504, 399, 387, 422, 238, 423, 347, 492, 404, 858, 259, 320, 266, 224, 262, 253, 340, 475, 394, 219, 288, 249, 739, 503, 575, 499, 286, 248, 573, 681, 352, 355, 256, 247, 262, 449, 388, 429, 535, 250, 284, 703, 262, 544, 379, 289, 244, 286, 242, 434, 644, 353, 285, 215, 229, 240, 263, 225, 441, 391, 304, 269, 449, 401, 445, 250, 257, 937, 390, 706, 295, 363, 426, 238, 323, 300, 221, 322, 717, 679, 309, 266, 442, 236, 728, 259, 722, 484, 1198, 683, 255, 171, 649, 360, 253, 212, 223, 246, 435, 287, 439, 1159, 318, 222, 241, 217, 246, 830, 703, 184, 251, 247, 219, 222, 313, 327, 237, 249, 540, 499, 275, 288, 321, 382, 452, 819, 275, 732, 268, 261, 671, 484, 270, 438, 262, 264, 259, 296, 399, 404, 260, 737, 261, 759, 592, 434, 245, 453, 323, 303, 258, 273, 891, 277, 400, 277, 249, 308, 349, 264, 253, 325, 270, 1051, 261, 251, 811, 273, 418, 636, 236, 300, 308, 271, 711, 397, 387, 257, 267, 280, 248, 268, 298, 216, 513, 698, 327, 490, 503, 432, 221, 242, 243, 274, 269, 664, 249, 510, 1099, 255, 614, 540, 432, 267, 250, 253, 216, 705, 309, 717, 356, 262, 532, 348, 265, 322, 317, 358, 245, 232, 354, 490, 585, 366, 709, 257, 278, 378, 250, 303, 1206, 230, 271, 322, 251, 308, 306, 248, 248, 784, 293, 692, 351, 252, 287, 368, 716, 352, 615, 543, 286, 249, 257, 705, 949, 445, 269, 272, 279, 284, 703, 327, 294, 348, 343, 747, 382, 425, 339, 797, 308, 641, 304, 216, 340, 247, 260, 330, 220, 231, 293, 246, 270, 1054, 344, 755, 265, 481, 270, 715, 365, 485, 275, 242, 799, 471, 308, 341, 320, 267, 385, 240, 291, 317, 239, 737, 784, 267, 391, 338, 355, 736, 305, 317, 860, 301, 335, 492, 595, 338, 320, 507, 216, 1092, 424, 397, 610, 729, 524, 238, 670, 285, 694, 274, 335, 423, 305, 459, 236, 223, 682, 218, 572, 241, 400, 291, 501, 338, 493, 319, 270, 275, 242, 263, 271, 253, 226, 495, 210, 274, 252, 336, 228, 716, 421, 313, 311, 248, 245, 336, 638, 473, 327, 506, 360], "decoding_mean": 414.74799999999999, "coding_sd": 316.76534918453439}, "last_switch_enqt": 47543488, "B": {"coding_mean": 527.39800000000002, "decoding_sd": 268.60204028264565, "forwarding_sd": 197.07032632032659,