{"A": {"coding_mean": 741.60199999999998, "decoding_sd": 253.98136545817687, "forwarding_sd": 235.86337973496435, "coding": [915, 892, 917, 854, 933, 856, 956, 858, 852, 1039, 854, 974, 1057, 504, 336, 1061, 1086, 1074, 1085, 1067, 1065, 1066, 1091, 1041, 1126, 1267, 1130, 1179, 1106, 1115, 1227, 1112, 1101, 1063, 1071, 1064, 1090, 1066, 1076, 1057, 1014, 1024, 1062, 1121, 1066, 1066, 1165, 1110, 1129, 1187, 1094, 1145, 1082, 1349, 1061, 1010, 1087, 1669, 537, 1040, 1002, 1450, 1016, 1007, 997, 1084, 1220, 1016, 327, 1070, 1079, 1097, 1047, 1019, 1019, 1130, 1051, 1426, 1365, 1097, 1138, 1104, 1057, 1091, 1006, 1177, 1237, 1063, 273, 1108, 1027, 1108, 254, 1029, 714, 690, 1623, 689, 480, 505, 1396, 1496, 1031, 1110, 1064, 1040, 1187, 327, 1134, 1056, 1065, 375, 1094, 444, 549, 654, 1046, 1200, 1343, 987, 1119, 1297, 1234, 1192, 1039, 1048, 379, 394, 453, 667, 342, 344, 366, 1156, 1047, 1535, 406, 406, 408, 453, 310, 547, 1289, 744, 1114, 1705, 1160, 1948, 565, 431, 315, 400, 798, 964, 860, 313, 357, 1025, 317, 332, 1269, 1631, 1041, 593, 578, 348, 1058, 1638, 992, 986, 310, 1047, 1151, 531, 567, 532, 325, 1638, 1051, 1797, 488, 1013, 316, 311, 1088, 1694, 1162, 453, 1097, 358, 560, 1002, 1059, 1055, 321, 473, 439, 478, 1334, 871, 503, 445, 795, 1019, 366, 895, 524, 433, 700, 471, 374, 346, 670, 1033, 1086, 1008, 330, 331, 1532, 1134, 690, 405, 1864, 349, 1055, 1117, 817, 355, 1012, 794, 538, 423, 396, 1011, 384, 1163, 338, 387, 396, 385, 531, 1072, 991, 358, 717, 348, 571, 1046, 1098, 425, 459, 449, 435, 603, 1117, 497, 541, 353, 578, 1088, 1023, 1005, 350, 483, 565, 436, 1049, 327, 555, 547, 414, 583, 709, 837, 701, 324, 354, 312, 1000, 1215, 490, 489, 406, 1023, 396, 1007, 1022, 522, 546, 1144, 377, 867, 1029, 887, 514, 422, 337, 1034, 394, 321, 348, 337, 403, 441, 719, 404, 459, 487, 1003, 941, 380, 388, 362, 640, 737, 527, 449, 771, 1695, 1810, 340, 486, 737, 446, 520, 512, 310, 312, 514, 350, 661, 367, 1271, 478, 524, 449, 1178, 554, 507, 405, 441, 422, 410, 1053, 571, 666, 625, 619, 375, 516, 343, 321, 1704, 909, 446, 324, 308, 381, 521, 796, 440, 512, 1041, 310, 669, 352, 381, 524, 1174, 472, 473, 417, 385, 486, 444, 1023, 1033, 454, 344, 1039, 508, 458, 1031, 354, 341, 319, 345, 1039, 325, 437, 557, 425, 348, 351, 727, 366, 516, 375, 336, 362, 345, 510, 363, 365, 425, 1041, 554, 645, 428, 375, 414, 340, 329, 550, 600, 585, 358, 377, 711, 532, 363, 1016, 530, 529, 409, 592, 404, 317, 352, 353, 334, 613, 419, 327, 677, 384, 1054, 1001, 1616, 519, 397, 357, 680, 747, 510, 520, 658, 390, 335, 355, 325, 304, 512, 370, 1045, 337, 346, 376, 585, 983, 451, 668, 409, 508, 641, 414, 646, 702, 388, 1015, 665, 1018, 352, 355, 354, 650, 590, 416, 359, 348, 358, 710, 552, 565, 434, 476, 650, 1026, 429, 420, 376, 1709, 398, 401, 324, 1731, 1669, 1735, 544, 1699], "decoding": [670, 611, 606, 598, 652, 599, 632, 614, 602, 659, 616, 626, 698, 1584, 249, 734, 699, 736, 745, 702, 705, 697, 695, 736, 745, 750, 691, 736, 741, 747, 717, 734, 741, 804, 738, 756, 760, 733, 932, 737, 743, 733, 728, 979, 761, 742, 739, 1237, 729, 743, 1153, 728, 741, 808, 749, 711, 775, 1014, 267, 740, 776, 727, 731, 761, 751, 744, 786, 687, 237, 665, 1026, 802, 708, 752, 1144, 779, 747, 741, 732, 781, 771, 754, 754, 766, 757, 740, 775, 522, 289, 785, 734, 1272, 206, 249, 721, 781, 763, 361, 456, 323, 784, 747, 937, 801, 696, 988, 727, 256, 721, 758, 807, 320, 849, 293, 287, 746, 753, 754, 862, 710, 790, 730, 729, 728, 811, 1026, 259, 265, 352, 753, 258, 292, 252, 499, 928, 738, 644, 439, 454, 502, 239, 700, 307, 508, 657, 1142, 517, 706, 403, 279, 291, 307, 382, 664, 724, 290, 223, 254, 268, 354, 785, 221, 1147, 430, 430, 484, 759, 509, 698, 584, 296, 812, 1145, 331, 340, 394, 538, 248, 734, 910, 322, 387, 273, 260, 795, 731, 1023, 331, 733, 297, 1393, 1251, 737, 738, 211, 287, 640, 345, 732, 735, 428, 337, 302, 333, 282, 819, 355, 280, 360, 442, 409, 313, 394, 741, 766, 243, 251, 266, 1080, 726, 503, 322, 1001, 284, 726, 786, 730, 270, 756, 518, 402, 403, 386, 729, 310, 740, 407, 251, 308, 363, 313, 740, 754, 380, 1167, 340, 239, 998, 843, 328, 371, 482, 323, 489, 732, 339, 243, 376, 1543, 739, 960, 816, 297, 340, 645, 267, 736, 327, 433, 431, 308, 397, 1147, 926, 300, 514, 252, 381, 746, 718, 550, 323, 588, 946, 258, 664, 736, 515, 861, 256, 272, 506, 724, 611, 669, 269, 254, 277, 290, 255, 256, 279, 329, 320, 484, 422, 345, 319, 379, 432, 285, 248, 238, 305, 510, 326, 373, 422, 960, 803, 327, 386, 596, 435, 371, 223, 229, 256, 267, 296, 1269, 291, 363, 441, 321, 350, 550, 411, 506, 289, 302, 310, 415, 755, 433, 479, 467, 473, 358, 258, 228, 299, 718, 504, 332, 414, 268, 260, 430, 504, 680, 374, 727, 295, 371, 261, 380, 370, 720, 277, 542, 310, 298, 297, 279, 279, 1103, 512, 387, 1231, 415, 314, 946, 264, 274, 228, 339, 276, 283, 311, 770, 289, 308, 323, 700, 297, 308, 292, 268, 257, 292, 458, 290, 258, 554, 752, 428, 321, 338, 251, 333, 397, 399, 427, 444, 337, 343, 271, 270, 316, 232, 253, 391, 408, 252, 303, 256, 254, 306, 292, 437, 276, 324, 297, 252, 277, 745, 741, 284, 232, 253, 254, 350, 503, 403, 583, 399, 293, 327, 250, 256, 276, 315, 320, 681, 324, 318, 307, 401, 503, 371, 720, 424, 306, 373, 374, 469, 461, 263, 476, 736, 264, 292, 279, 235, 408, 549, 384, 259, 288, 234, 409, 401, 446, 1075, 260, 297, 727, 362, 326, 359, 759, 409, 368, 376, 772, 872, 705, 396, 780], "forwarding_mean": 505.00999999999999, "forwarding": [687, 596, 630, 591, 592, 580, 591, 585, 550, 584, 593, 600, 718, 464, 251, 706, 714, 717, 715, 709, 709, 711, 711, 710, 716, 711, 709, 708, 717, 708, 704, 710, 718, 666, 711, 703, 717, 708, 707, 711, 711, 706, 701, 707, 707, 726, 712, 981, 771, 785, 712, 790, 792, 826, 693, 706, 713, 1261, 385, 689, 739, 787, 778, 682, 737, 712, 696, 784, 222, 711, 712, 848, 711, 730, 755, 717, 708, 741, 761, 711, 729, 712, 716, 718, 796, 712, 724, 669, 234, 895, 721, 1059, 235, 222, 638, 498, 721, 385, 357, 343, 716, 1101, 742, 757, 1090, 1019, 696, 279, 724, 776, 759, 280, 692, 231, 343, 565, 755, 760, 663, 686, 801, 695, 742, 694, 724, 494, 250, 229, 411, 473, 249, 245, 288, 705, 701, 692, 348, 330, 317, 334, 306, 811, 312, 554, 585, 667, 507, 1097, 379, 273, 315, 245, 422, 686, 684, 284, 239, 235, 271, 396, 706, 676, 745, 401, 342, 222, 1140, 496, 645, 667, 189, 1155, 739, 344, 419, 565, 309, 641, 799, 729, 318, 817, 249, 234, 728, 687, 681, 300, 849, 284, 467, 1102, 683, 857, 237, 248, 303, 286, 708, 475, 303, 299, 461, 927, 264, 619, 327, 440, 534, 257, 253, 241, 414, 859, 650, 789, 294, 276, 741, 905, 487, 334, 1007, 313, 692, 944, 692, 254, 690, 548, 406, 284, 278, 675, 309, 655, 276, 321, 306, 393, 318, 943, 797, 268, 688, 311, 341, 844, 842, 348, 583, 346, 406, 620, 690, 331, 507, 242, 483, 741, 707, 727, 359, 311, 445, 283, 949, 238, 408, 357, 272, 385, 683, 558, 242, 309, 286, 253, 675, 693, 414, 305, 327, 715, 263, 698, 693, 435, 780, 1001, 246, 782, 643, 662, 364, 242, 293, 932, 241, 244, 314, 230, 291, 303, 341, 278, 326, 355, 439, 437, 424, 282, 214, 257, 536, 368, 315, 460, 709, 862, 260, 390, 541, 338, 297, 198, 217, 236, 280, 359, 947, 253, 309, 411, 317, 299, 511, 394, 433, 289, 280, 409, 459, 673, 386, 497, 729, 492, 253, 250, 339, 242, 680, 443, 279, 293, 242, 267, 400, 579, 411, 403, 840, 264, 251, 273, 243, 518, 1111, 291, 381, 316, 251, 312, 357, 277, 1081, 499, 297, 986, 400, 321, 878, 244, 308, 246, 327, 250, 341, 429, 1076, 409, 235, 388, 580, 223, 248, 312, 250, 344, 282, 382, 265, 357, 344, 1096, 387, 317, 253, 395, 278, 322, 253, 395, 401, 323, 314, 297, 244, 313, 213, 1064, 360, 359, 282, 219, 257, 273, 248, 240, 238, 216, 334, 228, 273, 246, 734, 689, 288, 265, 344, 290, 741, 754, 363, 431, 382, 312, 272, 268, 248, 287, 391, 262, 809, 231, 297, 316, 359, 485, 339, 519, 299, 284, 288, 331, 466, 579, 443, 235, 677, 284, 218, 262, 248, 431, 376, 303, 259, 243, 270, 586, 388, 367, 514, 376, 288, 709, 449, 301, 284, 1080, 265, 265, 212, 1065, 661, 656, 541, 1085], "decoding_mean": 527.89999999999998, "coding_sd": 373.02027236599355},