{"A": {"coding_mean": 589.22199999999998, "decoding_sd": 214.58718615984506, "forwarding_sd": 196.79881766921264, "coding": [364, 355, 448, 357, 341, 1403, 369, 703, 1141, 487, 362, 381, 512, 607, 421, 509, 809, 391, 341, 582, 487, 449, 1068, 372, 362, 346, 525, 469, 364, 1240, 669, 322, 360, 505, 1191, 690, 542, 400, 491, 358, 490, 835, 386, 321, 327, 380, 1384, 1231, 684, 378, 380, 581, 361, 391, 595, 1045, 1141, 1291, 871, 489, 392, 1395, 369, 393, 388, 1171, 1140, 541, 409, 342, 345, 1066, 549, 352, 367, 352, 353, 1091, 1098, 533, 545, 372, 444, 377, 366, 355, 426, 424, 1633, 388, 390, 388, 495, 475, 739, 524, 357, 349, 386, 348, 357, 1189, 338, 1078, 929, 359, 696, 493, 411, 484, 527, 529, 387, 357, 359, 392, 326, 765, 1323, 496, 619, 375, 342, 372, 427, 362, 407, 519, 452, 697, 666, 380, 337, 853, 1448, 389, 818, 462, 402, 547, 893, 524, 364, 934, 437, 395, 359, 399, 388, 403, 342, 373, 564, 1111, 415, 1023, 355, 358, 885, 818, 748, 436, 420, 374, 371, 1054, 555, 452, 465, 353, 482, 588, 540, 651, 506, 381, 350, 514, 525, 391, 368, 324, 366, 570, 501, 428, 362, 354, 528, 670, 371, 409, 398, 665, 1256, 1124, 656, 556, 355, 347, 357, 407, 382, 756, 496, 1045, 294, 357, 543, 364, 1107, 408, 528, 405, 371, 452, 415, 482, 2082, 737, 1547, 582, 601, 505, 402, 617, 550, 556, 1095, 1063, 369, 353, 807, 396, 441, 844, 715, 818, 664, 338, 688, 606, 542, 372, 423, 615, 408, 423, 613, 670, 1393, 345, 350, 844, 874, 456, 379, 400, 357, 557, 827, 675, 335, 375, 362, 402, 389, 355, 781, 412, 363, 528, 325, 359, 1049, 1221, 745, 484, 535, 406, 463, 549, 371, 597, 430, 379, 1094, 1120, 648, 393, 395, 477, 464, 764, 584, 368, 622, 388, 588, 355, 1092, 360, 352, 411, 457, 1075, 524, 361, 1169, 430, 387, 441, 406, 394, 391, 390, 406, 792, 877, 462, 1036, 739, 367, 329, 495, 413, 392, 388, 419, 1293, 343, 450, 380, 347, 1069, 448, 1786, 456, 440, 376, 424, 733, 545, 396, 1070, 385, 402, 413, 493, 417, 890, 1774, 829, 393, 499, 393, 1521, 1518, 357, 361, 358, 583, 1160, 1423, 315, 422, 1037, 1091, 401, 452, 539, 742, 351, 665, 410, 357, 334, 1148, 558, 672, 774, 398, 581, 341, 655, 1049, 377, 581, 1092, 861, 858, 530, 771, 546, 1058, 395, 379, 353, 378, 710, 1031, 553, 655, 378, 358, 368, 379, 706, 1141, 864, 490, 448, 552, 410, 456, 443, 372, 365, 446, 391, 1313, 670, 570, 381, 358, 501, 1136, 1073, 705, 388, 355, 1084, 661, 981, 1149, 454, 353, 424, 1152, 1084, 1047, 506, 385, 356, 449, 1332, 443, 1203, 506, 409, 355, 427, 542, 437, 337, 1082, 796, 460, 360, 328, 363, 351, 750, 391, 1086, 723, 1101, 434, 575, 368, 409, 390, 398, 357, 350, 1083, 1107, 1236, 388, 411, 407, 355, 400, 492, 336, 370, 377, 397, 365, 356, 442, 606, 396, 1999, 478, 1050, 568, 700, 397, 433], "decoding": [318, 334, 651, 333, 242, 758, 293, 511, 361, 327, 280, 270, 234, 578, 267, 315, 767, 356, 345, 288, 529, 253, 268, 238, 272, 272, 329, 386, 270, 761, 268, 310, 447, 271, 839, 511, 759, 296, 1220, 290, 287, 1292, 392, 285, 343, 262, 538, 782, 581, 550, 277, 260, 257, 276, 532, 570, 553, 1186, 848, 503, 404, 290, 267, 301, 295, 728, 754, 551, 329, 238, 261, 433, 244, 284, 265, 232, 616, 1083, 714, 469, 257, 238, 261, 351, 527, 276, 412, 463, 872, 303, 361, 388, 310, 391, 475, 481, 281, 284, 239, 235, 468, 331, 258, 743, 566, 312, 806, 315, 319, 392, 308, 384, 554, 445, 362, 292, 282, 799, 828, 305, 481, 277, 264, 302, 729, 285, 331, 297, 394, 460, 414, 271, 275, 473, 844, 282, 307, 254, 283, 280, 784, 288, 380, 775, 325, 475, 360, 366, 254, 329, 264, 362, 1175, 737, 259, 294, 289, 395, 800, 526, 361, 302, 265, 405, 332, 808, 349, 357, 453, 310, 274, 502, 526, 401, 635, 235, 288, 426, 397, 293, 302, 272, 383, 747, 425, 462, 415, 455, 257, 367, 403, 295, 261, 426, 767, 771, 347, 434, 590, 345, 361, 266, 299, 544, 277, 432, 326, 278, 326, 405, 1166, 302, 281, 351, 353, 294, 301, 303, 336, 386, 747, 328, 747, 268, 337, 1080, 232, 405, 584, 605, 340, 256, 788, 265, 262, 475, 449, 620, 575, 263, 796, 489, 328, 367, 319, 341, 289, 387, 325, 606, 624, 268, 298, 729, 733, 332, 258, 299, 256, 892, 416, 468, 260, 279, 480, 270, 261, 559, 617, 284, 269, 408, 278, 392, 752, 1152, 330, 354, 231, 318, 269, 294, 270, 335, 489, 326, 985, 392, 412, 262, 370, 275, 334, 306, 325, 382, 246, 272, 333, 257, 758, 292, 313, 269, 846, 1146, 486, 259, 846, 383, 255, 287, 263, 291, 322, 276, 303, 535, 605, 504, 884, 390, 247, 269, 355, 264, 268, 335, 247, 741, 306, 322, 269, 341, 268, 361, 779, 332, 330, 265, 378, 379, 523, 312, 272, 377, 386, 315, 385, 296, 524, 758, 823, 543, 579, 409, 646, 748, 287, 294, 266, 233, 772, 830, 238, 262, 619, 763, 409, 496, 442, 770, 292, 541, 262, 351, 249, 271, 412, 701, 583, 227, 275, 326, 824, 863, 216, 600, 1044, 360, 540, 482, 1234, 269, 278, 263, 418, 371, 318, 531, 338, 349, 291, 437, 307, 425, 260, 741, 761, 432, 526, 300, 1187, 372, 264, 268, 267, 256, 498, 302, 749, 787, 260, 263, 303, 306, 754, 775, 460, 481, 278, 770, 424, 617, 616, 293, 326, 296, 1194, 728, 819, 483, 286, 345, 303, 757, 308, 798, 439, 407, 344, 332, 263, 263, 272, 725, 776, 333, 286, 229, 393, 234, 805, 258, 839, 513, 831, 376, 418, 308, 344, 330, 405, 387, 285, 488, 887, 1072, 279, 347, 273, 425, 278, 304, 278, 282, 321, 257, 283, 232, 341, 289, 354, 250, 345, 773, 341, 542, 678, 290], "forwarding_mean": 417.05799999999999, "forwarding": [330, 230, 509, 359, 266, 1376, 341, 295, 387, 268, 350, 233, 346, 309, 266, 296, 737, 366, 395, 318, 475, 415, 1011, 530, 293, 364, 335, 338, 243, 785, 288, 305, 286, 274, 957, 475, 734, 308, 605, 229, 284, 1143, 270, 328, 363, 268, 679, 743, 492, 270, 285, 360, 255, 302, 402, 648, 555, 1145, 704, 445, 296, 793, 264, 302, 374, 861, 739, 548, 308, 623, 274, 299, 356, 284, 229, 294, 306, 769, 739, 374, 263, 301, 340, 319, 264, 230, 290, 426, 750, 316, 295, 256, 324, 295, 432, 330, 269, 264, 262, 278, 279, 506, 250, 758, 485, 295, 654, 282, 395, 304, 379, 384, 349, 235, 356, 399, 268, 727, 755, 315, 475, 294, 271, 318, 483, 319, 318, 303, 337, 474, 446, 261, 297, 564, 731, 273, 267, 278, 282, 310, 1160, 348, 222, 622, 287, 232, 291, 268, 278, 411, 283, 254, 588, 914, 239, 270, 267, 272, 502, 575, 365, 263, 280, 244, 300, 774, 318, 262, 374, 245, 322, 483, 506, 417, 300, 265, 296, 639, 440, 387, 250, 265, 284, 498, 371, 349, 311, 394, 273, 438, 324, 303, 340, 285, 773, 739, 437, 428, 268, 250, 322, 227, 350, 321, 305, 435, 297, 316, 405, 275, 742, 289, 313, 233, 304, 224, 304, 282, 265, 305, 722, 362, 766, 231, 318, 619, 320, 333, 656, 737, 286, 313, 775, 302, 553, 381, 817, 572, 468, 486, 555, 351, 231, 281, 303, 283, 387, 374, 407, 431, 1117, 426, 272, 751, 746, 412, 232, 261, 274, 634, 408, 561, 261, 279, 265, 412, 285, 264, 457, 306, 262, 328, 261, 296, 723, 744, 322, 392, 266, 291, 276, 257, 280, 630, 262, 268, 709, 359, 412, 302, 300, 285, 361, 694, 296, 260, 247, 380, 387, 303, 729, 250, 280, 264, 619, 739, 474, 290, 558, 309, 295, 285, 329, 258, 350, 285, 284, 709, 566, 300, 892, 307, 285, 299, 261, 255, 358, 264, 260, 746, 253, 290, 366, 296, 316, 344, 749, 325, 284, 411, 300, 364, 511, 261, 734, 465, 254, 286, 276, 254, 488, 738, 884, 536, 348, 340, 670, 663, 273, 274, 260, 305, 838, 778, 223, 307, 340, 890, 276, 376, 378, 836, 433, 740, 316, 264, 265, 839, 466, 483, 524, 281, 261, 239, 595, 777, 257, 426, 754, 799, 604, 321, 942, 340, 786, 331, 260, 361, 296, 518, 368, 274, 284, 316, 230, 236, 288, 753, 860, 599, 322, 303, 774, 243, 295, 314, 239, 345, 488, 314, 698, 411, 246, 346, 252, 335, 909, 783, 442, 232, 700, 755, 465, 585, 632, 388, 315, 271, 741, 1119, 739, 485, 316, 383, 273, 746, 339, 723, 370, 350, 308, 294, 445, 436, 290, 692, 537, 520, 297, 283, 273, 316, 608, 281, 798, 542, 700, 330, 269, 320, 257, 279, 349, 261, 251, 553, 746, 763, 460, 381, 385, 327, 341, 262, 262, 386, 280, 234, 320, 337, 346, 370, 286, 229, 404, 748, 377, 410, 366, 255], "decoding_mean": 435.75599999999997, "coding_sd": 307.40585667159951}, "last_switch_enqt": 49907381, "B": {"coding_mean": 521.18200000000002, "decoding_sd": 223.32510472403231,