{"A": {"coding_mean": 655.048, "decoding_sd": 231.16878768553508, "forwarding_sd": 230.94687073004474, "coding": [1160, 507, 358, 420, 451, 1312, 530, 423, 417, 1098, 714, 347, 513, 1151, 628, 515, 416, 385, 684, 1125, 424, 523, 418, 384, 476, 391, 377, 400, 546, 1141, 395, 620, 447, 1162, 757, 936, 584, 382, 717, 444, 1532, 365, 507, 359, 389, 410, 1197, 753, 501, 376, 481, 596, 926, 772, 485, 419, 388, 482, 360, 567, 678, 506, 392, 397, 537, 388, 357, 508, 410, 462, 767, 552, 619, 475, 393, 453, 752, 594, 783, 393, 1378, 493, 768, 771, 1106, 372, 375, 434, 778, 631, 582, 400, 655, 430, 671, 823, 389, 362, 868, 417, 624, 505, 486, 1378, 1413, 394, 419, 375, 1143, 549, 941, 436, 442, 392, 754, 386, 473, 349, 490, 390, 424, 627, 384, 425, 294, 594, 392, 417, 380, 592, 461, 639, 827, 493, 421, 350, 760, 547, 546, 490, 382, 370, 393, 359, 612, 1866, 414, 586, 407, 399, 377, 548, 418, 844, 501, 380, 418, 1172, 396, 545, 817, 597, 1121, 1131, 385, 399, 674, 368, 577, 488, 395, 996, 420, 466, 383, 390, 1512, 391, 420, 515, 575, 424, 385, 381, 1134, 723, 482, 482, 400, 650, 493, 491, 384, 567, 516, 552, 490, 669, 427, 577, 420, 401, 508, 418, 623, 409, 500, 408, 1912, 365, 502, 535, 443, 809, 861, 391, 742, 458, 402, 387, 535, 503, 384, 415, 430, 791, 627, 468, 451, 1170, 437, 448, 398, 1106, 1117, 619, 414, 422, 495, 417, 1763, 384, 1223, 1122, 705, 965, 374, 455, 1209, 441, 650, 417, 352, 404, 1134, 1131, 858, 533, 352, 360, 351, 553, 480, 417, 385, 514, 418, 750, 600, 741, 384, 507, 431, 1094, 498, 492, 539, 492, 384, 424, 1037, 1357, 724, 347, 416, 467, 700, 1188, 1353, 760, 356, 420, 998, 1254, 1399, 404, 402, 433, 425, 785, 1501, 1631, 1199, 389, 378, 1182, 1413, 1509, 363, 374, 614, 418, 453, 350, 1326, 845, 1169, 368, 786, 418, 422, 392, 1251, 748, 742, 460, 335, 406, 780, 860, 396, 388, 472, 1150, 1156, 763, 488, 472, 503, 517, 1409, 1104, 361, 412, 412, 537, 1162, 632, 1516, 414, 411, 602, 430, 1191, 580, 730, 554, 589, 1447, 527, 1131, 1130, 413, 388, 383, 343, 1330, 969, 957, 596, 597, 731, 1147, 1307, 1118, 783, 456, 375, 1190, 378, 355, 516, 889, 809, 759, 356, 415, 416, 377, 489, 456, 1370, 1346, 1146, 458, 490, 410, 603, 1809, 1163, 1246, 544, 434, 428, 419, 598, 1820, 1133, 399, 1580, 371, 561, 326, 413, 1344, 1235, 541, 360, 379, 391, 614, 931, 1012, 624, 412, 396, 720, 1208, 1103, 1058, 638, 1952, 378, 546, 491, 417, 370, 1391, 835, 379, 445, 387, 378, 1030, 564, 450, 1635, 462, 402, 1273, 613, 408, 416, 382, 1051, 762, 1121, 455, 517, 389, 1099, 1445, 1146, 407, 1212, 408, 643, 572, 416, 393, 453, 1257, 380, 397, 1083, 795, 1277, 462, 607, 652, 459, 1272, 806, 1429, 588, 746, 695, 500, 411, 369, 936, 1058, 444, 448, 474, 480, 359, 385, 1161, 1152], "decoding": [770, 460, 371, 265, 376, 388, 430, 285, 322, 361, 329, 265, 331, 527, 564, 560, 306, 303, 880, 303, 280, 582, 490, 411, 384, 257, 281, 319, 353, 416, 289, 320, 315, 890, 633, 531, 378, 283, 625, 318, 1019, 281, 293, 252, 250, 331, 621, 716, 437, 262, 345, 473, 841, 573, 315, 293, 283, 336, 332, 696, 461, 284, 315, 284, 663, 280, 353, 569, 327, 321, 501, 553, 283, 311, 343, 316, 663, 458, 822, 442, 821, 329, 638, 561, 564, 661, 316, 319, 597, 502, 866, 254, 457, 459, 378, 565, 288, 280, 869, 314, 341, 287, 330, 793, 819, 329, 309, 386, 285, 610, 444, 334, 271, 426, 306, 356, 372, 312, 872, 319, 313, 807, 379, 358, 305, 336, 243, 275, 280, 623, 347, 840, 343, 358, 329, 282, 853, 610, 392, 444, 271, 324, 315, 259, 506, 253, 329, 279, 316, 315, 324, 560, 286, 1264, 431, 281, 375, 478, 322, 320, 936, 1477, 811, 273, 327, 277, 374, 429, 361, 791, 280, 921, 307, 301, 242, 289, 318, 308, 394, 373, 478, 290, 381, 272, 472, 469, 397, 407, 288, 381, 659, 373, 357, 326, 380, 387, 1529, 342, 480, 296, 346, 292, 316, 340, 490, 309, 300, 354, 813, 309, 469, 409, 371, 392, 652, 328, 320, 266, 261, 301, 303, 283, 290, 282, 339, 505, 656, 327, 330, 930, 411, 481, 350, 414, 1005, 342, 463, 306, 374, 279, 827, 282, 409, 569, 519, 525, 277, 517, 300, 335, 284, 281, 293, 286, 252, 1218, 624, 291, 283, 452, 292, 586, 348, 461, 269, 372, 277, 460, 433, 501, 356, 399, 373, 567, 317, 844, 321, 278, 440, 312, 611, 301, 629, 337, 289, 425, 310, 845, 381, 508, 387, 304, 729, 765, 269, 291, 516, 441, 387, 457, 819, 814, 1278, 343, 321, 877, 937, 809, 300, 297, 980, 278, 348, 292, 954, 861, 857, 310, 1057, 415, 269, 339, 796, 608, 577, 343, 322, 324, 449, 797, 413, 362, 351, 832, 835, 858, 308, 451, 424, 357, 809, 811, 253, 259, 279, 391, 809, 446, 1324, 291, 282, 636, 252, 801, 560, 531, 423, 433, 250, 359, 1083, 480, 447, 316, 319, 362, 722, 731, 722, 347, 828, 391, 778, 1036, 846, 597, 631, 280, 1350, 338, 271, 287, 841, 560, 600, 275, 317, 283, 305, 284, 315, 428, 819, 836, 314, 751, 324, 339, 942, 816, 1036, 252, 304, 308, 308, 819, 866, 810, 370, 1293, 250, 247, 297, 393, 805, 820, 802, 330, 445, 317, 535, 670, 671, 655, 314, 281, 563, 787, 826, 566, 470, 820, 318, 519, 385, 283, 315, 822, 562, 323, 277, 342, 345, 847, 609, 278, 816, 315, 296, 389, 362, 305, 287, 284, 748, 572, 586, 407, 281, 296, 812, 815, 842, 276, 823, 439, 608, 727, 332, 333, 330, 814, 248, 322, 798, 567, 527, 311, 293, 505, 380, 574, 465, 790, 449, 406, 357, 467, 278, 278, 824, 824, 351, 312, 310, 284, 362, 395, 859, 826], "forwarding_mean": 472.06999999999999, "forwarding": [957, 344, 273, 249, 352, 245, 366, 306, 274, 884, 262, 299, 372, 564, 323, 485, 318, 296, 622, 811, 288, 459, 401, 291, 367, 274, 330, 253, 376, 347, 279, 305, 313, 794, 786, 590, 258, 350, 440, 338, 1020, 284, 284, 252, 379, 295, 552, 542, 381, 345, 283, 467, 839, 547, 373, 252, 297, 285, 312, 686, 347, 283, 301, 351, 337, 279, 395, 435, 284, 253, 579, 561, 375, 280, 277, 288, 566, 405, 1223, 340, 824, 373, 641, 569, 521, 312, 323, 285, 510, 432, 454, 287, 393, 275, 369, 539, 251, 260, 640, 318, 323, 315, 273, 794, 788, 347, 270, 311, 1225, 604, 428, 276, 268, 324, 274, 283, 552, 367, 507, 328, 304, 915, 413, 507, 285, 513, 269, 372, 292, 627, 312, 836, 337, 353, 298, 251, 660, 549, 378, 458, 272, 306, 291, 235, 691, 832, 447, 257, 358, 269, 302, 534, 320, 595, 349, 327, 340, 859, 250, 277, 1227, 549, 804, 265, 322, 251, 390, 304, 502, 505, 279, 771, 318, 395, 276, 294, 280, 346, 333, 385, 677, 415, 387, 322, 530, 446, 401, 527, 272, 327, 458, 363, 437, 327, 610, 550, 890, 249, 381, 381, 282, 251, 328, 295, 475, 281, 277, 279, 1135, 267, 373, 363, 397, 438, 428, 286, 344, 296, 271, 278, 302, 449, 301, 286, 292, 478, 471, 473, 321, 959, 569, 302, 320, 877, 790, 425, 378, 325, 402, 308, 763, 350, 505, 811, 500, 653, 353, 439, 317, 329, 322, 273, 273, 298, 899, 797, 445, 420, 254, 243, 247, 477, 320, 311, 379, 423, 266, 574, 483, 680, 489, 360, 311, 554, 331, 447, 278, 454, 279, 283, 749, 279, 426, 330, 303, 355, 410, 782, 310, 425, 315, 279, 763, 712, 849, 286, 385, 282, 334, 584, 796, 1195, 775, 329, 423, 909, 799, 796, 513, 269, 1152, 368, 330, 339, 929, 501, 798, 245, 833, 282, 350, 311, 990, 604, 599, 446, 320, 270, 382, 534, 234, 331, 332, 856, 786, 563, 443, 320, 382, 355, 805, 793, 292, 360, 374, 309, 819, 573, 809, 287, 280, 425, 273, 816, 482, 631, 509, 405, 293, 350, 802, 561, 331, 265, 287, 289, 742, 764, 794, 507, 772, 324, 946, 883, 785, 571, 630, 293, 1161, 317, 559, 321, 806, 553, 712, 290, 253, 279, 271, 280, 542, 476, 839, 785, 343, 440, 331, 390, 966, 798, 1195, 299, 321, 323, 279, 820, 815, 797, 295, 800, 319, 310, 278, 340, 781, 784, 737, 513, 275, 309, 466, 647, 696, 543, 350, 378, 505, 988, 988, 561, 656, 1282, 322, 365, 358, 354, 294, 789, 554, 283, 284, 360, 303, 705, 590, 326, 975, 411, 350, 319, 355, 314, 298, 286, 690, 606, 537, 302, 352, 280, 1278, 794, 962, 330, 782, 442, 333, 467, 491, 286, 333, 1417, 426, 316, 1223, 555, 591, 375, 352, 545, 363, 569, 508, 1064, 492, 357, 358, 465, 279, 344, 1063, 1175, 279, 334, 325, 524, 303, 345, 833, 799], "decoding_mean": 474.74000000000001, "coding_sd": 341.15785451312712}, "last_switch_enqt": 48945731, "B": {"coding_mean": 629.44200000000001, "decoding_sd": 274.20038858469911,