{"A": {"coding_mean": 596.00400000000002, "decoding_sd": 212.17803596036987, "forwarding_sd": 210.01312362802472, "coding": [387, 390, 400, 342, 775, 550, 564, 417, 387, 418, 1152, 1170, 561, 396, 861, 584, 1119, 1166, 1057, 406, 393, 1766, 396, 1210, 1444, 1178, 324, 357, 370, 1072, 1069, 1178, 384, 546, 402, 1133, 1228, 1098, 467, 362, 448, 470, 1084, 417, 506, 770, 1159, 486, 395, 342, 402, 342, 1080, 1144, 1165, 536, 457, 464, 389, 394, 357, 373, 362, 315, 326, 1135, 1064, 1326, 1063, 401, 390, 373, 375, 1204, 383, 357, 396, 392, 588, 361, 1017, 1068, 501, 391, 1109, 354, 426, 375, 331, 1048, 1360, 1330, 564, 342, 444, 476, 622, 406, 376, 435, 405, 414, 368, 320, 360, 687, 1168, 723, 648, 396, 431, 364, 441, 461, 1185, 1159, 361, 529, 411, 324, 604, 407, 385, 324, 377, 330, 502, 902, 413, 431, 373, 432, 472, 514, 830, 516, 606, 348, 576, 574, 545, 508, 1135, 1203, 551, 461, 710, 390, 358, 373, 473, 741, 493, 529, 362, 879, 378, 353, 403, 361, 475, 429, 432, 416, 440, 417, 376, 418, 592, 538, 526, 383, 516, 421, 590, 562, 376, 1754, 578, 443, 592, 333, 405, 328, 1059, 384, 1047, 843, 358, 1155, 357, 376, 572, 378, 1057, 373, 526, 1281, 391, 932, 624, 731, 346, 354, 1069, 362, 400, 749, 359, 553, 972, 344, 364, 391, 444, 1382, 359, 433, 400, 371, 422, 1095, 423, 598, 470, 605, 363, 358, 1065, 568, 573, 574, 1035, 851, 325, 391, 538, 722, 326, 1216, 404, 1737, 649, 353, 562, 561, 1493, 332, 438, 778, 1081, 506, 635, 509, 374, 1799, 450, 478, 585, 365, 363, 619, 335, 416, 337, 354, 534, 341, 533, 548, 361, 368, 432, 431, 362, 384, 393, 931, 1457, 509, 360, 343, 358, 1324, 413, 456, 1228, 464, 457, 625, 387, 503, 516, 380, 556, 456, 313, 477, 1303, 330, 1670, 408, 1949, 378, 371, 598, 380, 348, 392, 361, 440, 738, 576, 429, 413, 531, 387, 1136, 575, 515, 535, 1053, 460, 373, 374, 326, 324, 1924, 510, 568, 1203, 1070, 449, 357, 331, 770, 412, 332, 417, 368, 368, 560, 1048, 1505, 566, 390, 645, 564, 398, 757, 494, 1039, 499, 702, 1037, 429, 376, 402, 404, 416, 1288, 520, 388, 519, 621, 753, 876, 364, 374, 331, 361, 364, 324, 1056, 482, 405, 333, 385, 430, 529, 773, 479, 412, 1200, 392, 437, 381, 490, 565, 441, 437, 664, 354, 313, 588, 317, 778, 739, 549, 434, 809, 511, 618, 726, 831, 375, 398, 462, 1187, 400, 356, 715, 296, 1147, 413, 436, 344, 1097, 1073, 682, 609, 351, 836, 368, 329, 354, 379, 361, 454, 550, 589, 523, 390, 836, 452, 751, 867, 611, 528, 324, 354, 514, 464, 369, 346, 788, 1184, 559, 361, 1783, 677, 398, 955, 328, 1066, 431, 482, 554, 411, 1764, 361, 509, 368, 318, 384, 392, 1118, 380, 920, 335, 387, 437, 428, 356, 1109, 542, 395, 1055, 369, 602, 485, 398, 406, 357, 559, 356, 719, 527, 675, 557, 413, 493, 528, 358, 362, 415, 371, 431, 666, 1217], "decoding": [290, 280, 306, 364, 580, 461, 463, 335, 257, 334, 965, 892, 408, 425, 857, 333, 758, 771, 719, 257, 279, 750, 264, 1069, 737, 750, 342, 284, 249, 721, 834, 1188, 296, 322, 274, 226, 781, 760, 331, 475, 475, 246, 751, 401, 293, 744, 308, 382, 404, 285, 262, 248, 773, 1147, 765, 405, 378, 423, 386, 255, 268, 261, 297, 271, 274, 839, 749, 749, 449, 716, 338, 258, 284, 924, 297, 228, 360, 259, 555, 264, 710, 426, 357, 283, 1105, 285, 264, 277, 300, 750, 747, 729, 324, 263, 321, 304, 517, 293, 242, 326, 269, 261, 272, 274, 309, 368, 765, 572, 345, 421, 296, 258, 408, 359, 542, 313, 289, 747, 252, 411, 266, 275, 330, 259, 238, 261, 271, 455, 260, 267, 233, 259, 292, 414, 441, 407, 250, 385, 321, 399, 379, 333, 828, 887, 384, 524, 572, 329, 256, 259, 271, 407, 773, 363, 259, 921, 283, 277, 249, 229, 779, 399, 263, 259, 332, 370, 382, 391, 330, 368, 786, 443, 240, 357, 421, 406, 234, 1178, 605, 407, 548, 264, 262, 233, 790, 326, 395, 324, 282, 1167, 274, 237, 1179, 481, 311, 310, 380, 846, 258, 627, 457, 636, 299, 297, 363, 274, 289, 723, 308, 437, 752, 250, 298, 270, 354, 775, 329, 324, 264, 232, 399, 709, 228, 438, 288, 290, 393, 397, 753, 541, 472, 399, 331, 755, 326, 493, 379, 477, 368, 873, 339, 975, 285, 255, 708, 301, 750, 266, 305, 393, 789, 282, 283, 297, 257, 745, 525, 318, 363, 303, 322, 311, 252, 298, 280, 247, 269, 307, 394, 1128, 245, 248, 311, 272, 282, 260, 298, 387, 747, 521, 361, 243, 262, 1111, 305, 334, 756, 462, 296, 437, 292, 516, 751, 257, 280, 764, 310, 297, 413, 250, 868, 302, 329, 232, 299, 945, 267, 296, 904, 295, 274, 442, 516, 237, 282, 738, 300, 651, 455, 313, 293, 518, 299, 266, 230, 517, 272, 758, 331, 336, 749, 294, 271, 382, 296, 529, 491, 283, 265, 355, 276, 404, 544, 698, 522, 389, 1062, 517, 257, 745, 283, 301, 359, 557, 455, 306, 282, 466, 294, 357, 290, 337, 304, 446, 1143, 511, 460, 436, 278, 309, 386, 258, 598, 794, 338, 275, 275, 277, 259, 373, 496, 553, 300, 727, 187, 488, 226, 788, 228, 261, 413, 467, 368, 266, 452, 280, 520, 754, 278, 284, 920, 329, 284, 282, 757, 254, 297, 471, 758, 255, 269, 461, 260, 750, 292, 297, 259, 754, 764, 595, 436, 260, 448, 263, 248, 373, 283, 381, 404, 571, 585, 275, 257, 716, 367, 518, 785, 395, 289, 331, 284, 471, 528, 285, 691, 749, 754, 459, 267, 774, 514, 356, 843, 274, 290, 318, 524, 311, 260, 272, 351, 281, 236, 547, 324, 610, 749, 320, 674, 356, 280, 317, 387, 380, 259, 234, 265, 479, 310, 546, 349, 294, 294, 345, 331, 261, 766, 424, 590, 400, 348, 281, 317, 381, 263, 685, 256, 257, 344, 886], "forwarding_mean": 425.64800000000002, "forwarding": [481, 252, 288, 314, 578, 379, 397, 221, 281, 282, 757, 706, 421, 227, 816, 357, 706, 747, 765, 252, 327, 866, 314, 723, 721, 776, 275, 245, 256, 1039, 707, 926, 294, 390, 397, 710, 1127, 970, 460, 255, 299, 359, 1393, 261, 270, 708, 364, 515, 279, 230, 231, 223, 1130, 677, 686, 446, 298, 352, 271, 402, 352, 228, 227, 234, 277, 712, 761, 725, 697, 352, 474, 280, 279, 753, 283, 276, 266, 262, 584, 290, 716, 761, 373, 320, 726, 230, 299, 313, 336, 716, 715, 705, 235, 230, 270, 223, 413, 267, 261, 267, 292, 228, 305, 231, 233, 305, 911, 774, 298, 398, 337, 255, 358, 316, 558, 290, 218, 697, 222, 227, 265, 261, 394, 244, 281, 262, 308, 391, 356, 377, 240, 258, 490, 392, 395, 394, 260, 218, 356, 399, 386, 400, 724, 698, 365, 372, 540, 455, 285, 284, 363, 569, 395, 412, 333, 695, 227, 226, 247, 275, 457, 492, 308, 308, 314, 318, 283, 316, 352, 424, 422, 310, 245, 247, 414, 229, 242, 768, 404, 314, 530, 256, 378, 356, 890, 281, 796, 381, 256, 1140, 278, 256, 601, 340, 997, 282, 320, 861, 316, 648, 449, 449, 254, 268, 932, 241, 233, 473, 245, 402, 730, 277, 266, 308, 334, 1071, 266, 301, 311, 260, 382, 722, 290, 442, 283, 312, 278, 253, 721, 458, 466, 400, 790, 735, 291, 316, 423, 449, 287, 737, 373, 706, 323, 265, 683, 255, 729, 592, 269, 353, 495, 282, 284, 277, 237, 908, 472, 297, 419, 257, 230, 325, 256, 257, 251, 280, 216, 242, 355, 509, 290, 363, 257, 288, 270, 256, 264, 526, 840, 412, 282, 253, 321, 882, 233, 337, 742, 343, 505, 328, 284, 586, 479, 226, 234, 602, 307, 317, 757, 255, 746, 324, 282, 279, 276, 771, 276, 1199, 305, 248, 222, 399, 730, 289, 350, 487, 328, 746, 497, 836, 256, 339, 289, 318, 287, 302, 258, 718, 327, 379, 721, 1026, 343, 280, 394, 502, 274, 276, 317, 364, 315, 625, 801, 699, 498, 230, 550, 400, 301, 870, 233, 746, 277, 412, 446, 421, 239, 296, 276, 373, 793, 298, 343, 406, 759, 515, 381, 359, 367, 217, 259, 251, 309, 721, 483, 441, 264, 234, 290, 345, 599, 462, 246, 710, 397, 261, 232, 697, 246, 264, 411, 503, 366, 424, 300, 255, 714, 721, 317, 312, 742, 367, 509, 298, 883, 250, 251, 454, 711, 255, 237, 531, 246, 1086, 285, 281, 273, 724, 711, 402, 469, 335, 414, 320, 339, 273, 338, 263, 338, 454, 463, 373, 358, 1023, 305, 514, 516, 399, 386, 273, 225, 442, 391, 255, 338, 846, 735, 521, 292, 799, 527, 263, 763, 407, 846, 338, 326, 339, 299, 240, 216, 660, 322, 287, 275, 353, 719, 330, 605, 255, 279, 260, 234, 228, 757, 422, 289, 789, 664, 414, 281, 285, 262, 226, 379, 263, 508, 403, 510, 469, 306, 335, 350, 277, 292, 483, 261, 353, 388, 751], "decoding_mean": 432.416, "coding_sd": 321.34792979572779}, "last_switch_enqt": 47431042, "B": {"coding_mean": 553.26800000000003, "decoding_sd": 243.73013249083502, "forwarding_sd": 192.40391497056396,