{"A": {"coding_mean": 649.63199999999995, "decoding_sd": 245.5601097491203, "forwarding_sd": 227.75211502859861, "coding": [1236, 1114, 1083, 1457, 649, 419, 534, 1212, 1207, 1900, 1055, 419, 571, 1269, 1274, 833, 429, 428, 441, 1177, 446, 1398, 1280, 441, 640, 478, 504, 1026, 1155, 1098, 376, 427, 429, 1181, 504, 1212, 1192, 1948, 413, 383, 445, 709, 760, 723, 407, 475, 403, 1160, 947, 1123, 453, 386, 406, 415, 1245, 1118, 606, 684, 366, 507, 510, 481, 498, 448, 853, 436, 571, 409, 463, 600, 527, 756, 446, 404, 366, 1384, 836, 536, 409, 425, 396, 617, 532, 449, 343, 1340, 406, 1223, 656, 414, 412, 377, 508, 359, 401, 1552, 1388, 654, 951, 420, 469, 514, 1304, 611, 682, 423, 484, 381, 1251, 490, 1225, 427, 393, 1625, 487, 783, 443, 479, 659, 900, 808, 399, 1025, 594, 717, 391, 421, 391, 405, 1230, 1242, 417, 506, 866, 449, 483, 845, 413, 2110, 584, 588, 1420, 785, 416, 787, 469, 786, 405, 393, 396, 422, 1194, 1150, 1398, 636, 1169, 429, 489, 458, 403, 566, 408, 397, 395, 385, 907, 561, 862, 546, 602, 539, 439, 449, 557, 470, 1654, 1241, 808, 402, 512, 395, 439, 1902, 608, 477, 653, 370, 302, 418, 592, 379, 387, 748, 1736, 423, 403, 440, 423, 959, 493, 1184, 423, 425, 817, 400, 371, 1172, 376, 423, 405, 460, 1261, 474, 544, 453, 414, 568, 450, 468, 394, 568, 845, 540, 450, 404, 1164, 656, 841, 731, 540, 1965, 384, 589, 633, 416, 613, 386, 546, 427, 389, 544, 556, 1414, 421, 444, 370, 461, 875, 859, 511, 405, 392, 395, 380, 548, 459, 1021, 760, 834, 704, 618, 717, 506, 388, 903, 954, 834, 751, 1138, 467, 514, 460, 381, 689, 1164, 1179, 471, 351, 469, 401, 909, 583, 546, 678, 449, 1182, 488, 1191, 401, 419, 423, 481, 689, 1183, 695, 1444, 432, 449, 399, 493, 386, 504, 399, 415, 423, 497, 526, 625, 451, 369, 443, 529, 357, 368, 444, 1216, 418, 1937, 487, 396, 544, 373, 412, 399, 1470, 392, 417, 1654, 1035, 1147, 1351, 393, 386, 1175, 401, 1368, 653, 593, 391, 394, 532, 626, 463, 391, 658, 406, 446, 526, 768, 601, 606, 388, 529, 403, 397, 571, 420, 1519, 480, 595, 609, 589, 405, 364, 486, 592, 1200, 383, 399, 384, 397, 674, 409, 390, 361, 567, 765, 468, 646, 570, 684, 446, 406, 386, 382, 488, 640, 430, 1179, 423, 544, 389, 391, 440, 1157, 369, 749, 1415, 735, 468, 415, 352, 1858, 373, 891, 476, 430, 832, 397, 400, 497, 608, 391, 672, 392, 471, 812, 389, 563, 508, 358, 469, 368, 502, 617, 352, 710, 418, 392, 389, 598, 424, 389, 476, 424, 411, 413, 590, 697, 654, 690, 371, 1173, 378, 523, 517, 968, 372, 549, 437, 413, 391, 1264, 471, 475, 382, 401, 734, 1144, 790, 476, 434, 418, 525, 419, 385, 506, 969, 397, 433, 623, 392, 848, 362, 1127, 572, 701, 413, 391, 781, 435, 2209, 521, 447, 391, 442, 371, 1028, 483, 820, 395, 399, 1870, 514, 420, 1476, 598, 430, 390, 1033], "decoding": [455, 926, 731, 735, 489, 301, 464, 417, 804, 917, 1816, 866, 281, 1068, 832, 578, 442, 322, 281, 1282, 322, 826, 835, 419, 358, 302, 362, 603, 743, 749, 274, 572, 259, 833, 409, 836, 993, 831, 252, 278, 283, 430, 524, 569, 377, 302, 394, 964, 495, 518, 421, 413, 369, 314, 496, 481, 470, 1353, 380, 1061, 427, 318, 360, 319, 824, 344, 313, 291, 351, 602, 391, 333, 324, 339, 344, 602, 610, 953, 469, 312, 291, 300, 528, 814, 382, 255, 380, 820, 493, 575, 470, 322, 340, 264, 316, 672, 1070, 437, 678, 359, 302, 293, 1284, 453, 627, 789, 272, 423, 966, 401, 623, 407, 348, 1073, 449, 469, 317, 316, 302, 280, 1287, 251, 586, 280, 435, 260, 285, 309, 391, 292, 362, 282, 350, 610, 411, 318, 322, 339, 287, 314, 965, 900, 950, 344, 573, 323, 347, 256, 314, 295, 261, 845, 758, 964, 298, 485, 286, 287, 313, 267, 342, 399, 339, 258, 287, 1000, 399, 471, 465, 324, 344, 325, 263, 295, 291, 742, 825, 924, 341, 1251, 285, 317, 314, 375, 324, 925, 322, 286, 392, 288, 287, 340, 820, 289, 833, 354, 370, 295, 303, 303, 535, 326, 335, 549, 263, 275, 297, 336, 275, 285, 329, 814, 311, 450, 259, 424, 282, 257, 256, 288, 368, 568, 381, 308, 281, 307, 467, 589, 628, 320, 307, 347, 409, 479, 421, 280, 317, 287, 295, 285, 270, 1391, 1041, 271, 347, 369, 318, 824, 562, 566, 310, 343, 317, 252, 345, 360, 571, 326, 961, 436, 465, 468, 473, 309, 444, 298, 433, 458, 601, 322, 627, 389, 287, 462, 1013, 382, 294, 305, 285, 291, 569, 372, 364, 339, 282, 891, 480, 620, 326, 447, 326, 392, 393, 629, 570, 344, 426, 286, 294, 346, 292, 286, 434, 256, 341, 368, 359, 475, 288, 303, 397, 342, 302, 284, 302, 1251, 329, 831, 276, 333, 322, 292, 349, 339, 835, 307, 309, 820, 639, 859, 332, 268, 299, 887, 285, 823, 403, 350, 378, 267, 388, 370, 399, 348, 311, 382, 333, 390, 960, 845, 430, 427, 547, 368, 389, 293, 259, 797, 362, 385, 343, 590, 292, 365, 292, 409, 1302, 285, 259, 438, 445, 433, 248, 290, 284, 382, 532, 361, 292, 324, 482, 322, 375, 324, 295, 337, 291, 476, 938, 301, 831, 362, 321, 295, 829, 279, 292, 306, 285, 283, 285, 391, 412, 272, 1296, 484, 319, 884, 427, 300, 351, 1579, 292, 321, 376, 328, 585, 285, 486, 391, 298, 260, 313, 413, 395, 273, 285, 283, 342, 520, 319, 508, 429, 260, 288, 297, 330, 421, 464, 514, 326, 329, 303, 282, 354, 451, 403, 310, 307, 310, 300, 293, 827, 310, 284, 459, 425, 442, 365, 604, 294, 426, 384, 428, 259, 289, 351, 1650, 325, 289, 1312, 294, 418, 257, 283, 443, 523, 347, 482, 880, 253, 844, 361, 280, 277, 286, 404, 574, 410, 418, 394, 287, 296, 521, 326, 313, 322, 476, 282, 378], "forwarding_mean": 452.81, "forwarding": [482, 733, 888, 796, 638, 356, 312, 592, 832, 991, 992, 564, 306, 1306, 828, 654, 550, 283, 291, 565, 381, 1105, 950, 613, 281, 287, 364, 708, 711, 711, 263, 317, 264, 506, 347, 909, 825, 1197, 242, 308, 271, 514, 613, 753, 430, 280, 314, 914, 526, 858, 374, 306, 291, 592, 305, 872, 481, 500, 378, 511, 474, 323, 355, 454, 1257, 297, 304, 278, 379, 380, 435, 383, 328, 284, 274, 663, 594, 490, 670, 283, 292, 301, 297, 464, 667, 332, 307, 791, 455, 331, 306, 293, 395, 283, 315, 444, 603, 438, 691, 297, 378, 373, 1245, 430, 521, 371, 280, 302, 811, 352, 702, 403, 326, 812, 331, 332, 308, 422, 277, 297, 1419, 299, 636, 277, 444, 287, 286, 298, 297, 352, 361, 289, 436, 691, 362, 310, 315, 317, 322, 330, 550, 781, 1147, 239, 554, 413, 419, 309, 334, 298, 288, 842, 812, 1012, 474, 289, 284, 254, 381, 280, 305, 344, 379, 383, 280, 1246, 427, 495, 327, 325, 313, 287, 256, 360, 283, 804, 866, 663, 337, 456, 529, 353, 262, 435, 327, 490, 309, 497, 279, 364, 279, 265, 841, 282, 550, 268, 294, 294, 249, 283, 827, 349, 390, 391, 261, 357, 1256, 301, 357, 375, 299, 857, 353, 412, 311, 301, 288, 291, 435, 589, 573, 739, 313, 314, 316, 878, 411, 704, 446, 298, 1563, 321, 443, 544, 460, 274, 342, 294, 376, 389, 361, 601, 822, 283, 391, 312, 267, 1043, 542, 679, 443, 372, 285, 310, 362, 354, 548, 250, 830, 525, 509, 455, 476, 282, 485, 281, 469, 387, 545, 249, 706, 308, 300, 510, 820, 1076, 285, 280, 316, 334, 594, 475, 376, 371, 312, 822, 426, 675, 279, 308, 322, 368, 435, 502, 550, 391, 426, 281, 315, 266, 289, 323, 299, 305, 291, 331, 386, 434, 326, 278, 289, 287, 263, 255, 358, 809, 259, 1183, 301, 336, 289, 316, 458, 293, 796, 288, 279, 1166, 1153, 803, 507, 306, 295, 932, 265, 796, 359, 857, 270, 319, 335, 455, 534, 395, 323, 281, 328, 350, 684, 547, 341, 364, 382, 283, 282, 323, 268, 862, 443, 388, 313, 515, 331, 318, 290, 422, 1038, 340, 307, 290, 327, 468, 314, 392, 329, 598, 520, 380, 330, 324, 268, 290, 303, 402, 327, 311, 289, 319, 1121, 301, 699, 340, 289, 425, 938, 273, 251, 398, 442, 364, 358, 369, 306, 303, 951, 410, 372, 620, 412, 290, 290, 671, 263, 244, 374, 309, 703, 350, 383, 372, 318, 426, 404, 360, 417, 276, 283, 385, 378, 294, 438, 357, 291, 390, 331, 404, 249, 412, 488, 491, 354, 284, 310, 300, 361, 502, 455, 337, 329, 284, 307, 312, 998, 402, 272, 299, 287, 468, 899, 551, 317, 307, 354, 439, 439, 298, 255, 675, 288, 321, 610, 299, 296, 323, 824, 345, 443, 256, 415, 792, 299, 934, 347, 333, 302, 298, 393, 607, 403, 470, 297, 305, 868, 526, 435, 1066, 273, 321, 291, 445], "decoding_mean": 456.44999999999999, "coding_sd": 350.3026927901069}, "last_switch_enqt": 48474342, "B": {"coding_mean": 565.61599999999999, "decoding_sd": 230.69592020666511,