{"A": {"coding_mean": 655.13400000000001, "decoding_sd": 218.7027596990948, "forwarding_sd": 248.34821508519042, "coding": [502, 1110, 416, 416, 545, 695, 1288, 1425, 1753, 458, 784, 569, 742, 422, 338, 392, 630, 411, 440, 430, 1127, 1283, 517, 486, 1149, 1063, 349, 623, 542, 479, 380, 438, 434, 1229, 448, 708, 622, 779, 1136, 768, 373, 472, 386, 377, 369, 356, 338, 347, 375, 791, 397, 396, 428, 583, 1088, 1177, 372, 386, 498, 384, 376, 384, 703, 502, 511, 388, 372, 372, 730, 711, 1117, 418, 374, 361, 373, 582, 1141, 458, 378, 420, 482, 392, 1339, 429, 1249, 400, 1074, 1116, 1123, 1351, 730, 1411, 1770, 584, 475, 400, 383, 777, 1184, 1248, 340, 378, 381, 378, 524, 1747, 580, 1111, 1374, 382, 552, 379, 372, 630, 811, 607, 1125, 602, 1302, 312, 378, 373, 1914, 1131, 1176, 1091, 371, 568, 577, 681, 1140, 1154, 751, 1059, 522, 491, 1125, 1145, 342, 1467, 1863, 381, 387, 565, 1202, 931, 367, 374, 377, 623, 668, 545, 1237, 372, 724, 471, 502, 678, 685, 354, 971, 1163, 532, 479, 410, 806, 737, 571, 769, 1697, 740, 544, 1986, 728, 436, 413, 541, 706, 599, 1285, 797, 385, 352, 404, 425, 1674, 406, 534, 374, 385, 391, 926, 417, 620, 484, 412, 1183, 634, 450, 380, 372, 350, 370, 791, 796, 1122, 557, 416, 621, 445, 805, 1823, 740, 511, 524, 547, 483, 388, 384, 405, 679, 566, 1140, 440, 538, 380, 1163, 712, 490, 546, 544, 620, 451, 371, 460, 373, 529, 511, 533, 401, 367, 520, 419, 459, 844, 1142, 538, 638, 370, 435, 602, 1640, 1102, 381, 419, 1170, 574, 835, 1114, 393, 421, 461, 467, 525, 398, 408, 482, 413, 1846, 373, 1139, 438, 674, 652, 660, 379, 393, 453, 821, 456, 539, 471, 474, 406, 584, 479, 1948, 575, 590, 449, 540, 460, 423, 379, 643, 989, 410, 2135, 485, 444, 1105, 364, 327, 1185, 408, 615, 627, 410, 453, 1522, 1134, 359, 400, 349, 1249, 1233, 449, 715, 371, 388, 425, 401, 429, 678, 373, 365, 339, 374, 437, 512, 534, 383, 488, 457, 1121, 530, 1841, 381, 408, 636, 410, 482, 783, 786, 537, 395, 1092, 1283, 455, 368, 1267, 356, 387, 990, 407, 617, 380, 383, 383, 370, 584, 1836, 371, 346, 392, 369, 1110, 1174, 380, 1182, 1109, 1124, 363, 398, 524, 471, 1602, 509, 628, 700, 430, 407, 805, 398, 947, 597, 364, 447, 390, 350, 381, 483, 504, 1320, 390, 347, 410, 365, 373, 910, 1113, 907, 1163, 425, 1838, 406, 538, 1821, 600, 455, 1249, 385, 1272, 552, 471, 377, 372, 355, 617, 373, 624, 577, 377, 881, 407, 433, 1104, 446, 634, 423, 399, 431, 1192, 669, 691, 466, 380, 397, 709, 1472, 471, 461, 372, 372, 378, 452, 420, 474, 343, 509, 528, 549, 1206, 375, 367, 1376, 523, 704, 1128, 406, 342, 565, 490, 558, 1100, 451, 618, 719, 622, 433, 369, 428, 431, 522, 474, 408, 482, 391, 1239, 372, 397, 393, 413, 400, 458, 638, 614, 402, 349, 954, 1128, 378, 381, 1204, 678, 1008, 432, 368, 387, 1117], "decoding": [473, 398, 305, 403, 388, 699, 346, 869, 339, 320, 411, 443, 267, 290, 310, 535, 373, 365, 448, 471, 820, 841, 433, 299, 818, 283, 259, 656, 424, 825, 285, 284, 277, 825, 285, 593, 357, 564, 273, 593, 279, 361, 527, 284, 298, 281, 289, 279, 383, 295, 373, 326, 307, 390, 437, 792, 467, 294, 251, 279, 297, 350, 391, 426, 477, 285, 278, 293, 494, 842, 357, 252, 390, 294, 286, 668, 854, 340, 323, 552, 314, 322, 963, 310, 281, 411, 334, 366, 788, 780, 795, 790, 301, 827, 661, 288, 274, 380, 750, 820, 534, 330, 258, 288, 328, 982, 518, 675, 835, 363, 285, 406, 290, 426, 467, 484, 364, 306, 814, 285, 291, 275, 822, 778, 826, 905, 255, 291, 287, 827, 940, 899, 602, 562, 372, 403, 294, 812, 321, 825, 831, 297, 259, 294, 825, 777, 263, 281, 280, 693, 439, 290, 319, 397, 529, 356, 358, 446, 359, 363, 861, 783, 431, 339, 305, 800, 499, 359, 877, 311, 299, 428, 329, 321, 308, 339, 325, 596, 423, 816, 569, 336, 323, 307, 340, 813, 305, 343, 296, 300, 309, 898, 301, 481, 499, 328, 335, 506, 432, 417, 301, 296, 246, 436, 564, 858, 372, 555, 331, 326, 670, 369, 566, 334, 320, 368, 261, 278, 267, 719, 586, 297, 808, 377, 310, 294, 331, 979, 408, 373, 458, 463, 400, 365, 294, 287, 475, 428, 600, 308, 420, 360, 308, 300, 325, 830, 404, 438, 255, 253, 297, 851, 813, 435, 278, 811, 480, 865, 815, 320, 307, 367, 560, 837, 288, 891, 818, 322, 287, 520, 326, 277, 463, 327, 318, 311, 364, 281, 828, 345, 287, 260, 317, 546, 753, 304, 824, 340, 1507, 277, 281, 351, 287, 260, 393, 709, 267, 320, 310, 248, 780, 261, 316, 825, 347, 328, 289, 305, 310, 359, 965, 263, 271, 349, 816, 310, 551, 436, 285, 346, 532, 436, 279, 448, 409, 320, 479, 287, 526, 341, 389, 289, 280, 800, 1237, 351, 281, 270, 308, 285, 306, 431, 426, 463, 307, 371, 842, 603, 325, 289, 276, 293, 281, 341, 241, 730, 284, 315, 436, 253, 317, 798, 281, 276, 339, 332, 918, 815, 333, 826, 536, 407, 256, 465, 358, 368, 796, 362, 391, 578, 389, 716, 311, 277, 833, 289, 280, 269, 302, 262, 354, 256, 386, 727, 402, 310, 288, 350, 289, 578, 356, 569, 282, 315, 816, 285, 683, 821, 450, 365, 542, 282, 1282, 402, 362, 319, 303, 383, 1309, 582, 328, 431, 469, 902, 280, 281, 393, 307, 626, 410, 414, 271, 1583, 652, 436, 282, 481, 352, 351, 322, 339, 357, 451, 317, 298, 314, 259, 285, 535, 407, 425, 447, 277, 707, 310, 555, 534, 317, 879, 499, 288, 529, 535, 413, 823, 360, 532, 834, 581, 364, 316, 306, 274, 376, 220, 593, 336, 315, 311, 285, 440, 275, 312, 250, 376, 443, 450, 653, 405, 1370, 828, 485, 300, 284, 493, 846, 253, 256, 305, 312], "forwarding_mean": 469.99200000000002, "forwarding": [399, 1194, 287, 312, 365, 548, 413, 1433, 852, 349, 349, 338, 383, 305, 337, 369, 282, 353, 327, 349, 799, 801, 351, 297, 815, 980, 283, 557, 414, 425, 283, 298, 285, 1195, 273, 338, 311, 441, 296, 609, 307, 318, 354, 279, 269, 285, 259, 391, 322, 278, 313, 295, 338, 383, 401, 850, 251, 345, 261, 348, 289, 248, 322, 374, 384, 317, 396, 281, 615, 816, 256, 333, 292, 285, 299, 345, 768, 368, 325, 418, 436, 337, 812, 320, 292, 297, 997, 395, 1379, 830, 628, 976, 812, 595, 374, 276, 280, 477, 725, 699, 284, 254, 338, 279, 332, 844, 441, 831, 943, 300, 307, 395, 314, 701, 728, 594, 302, 285, 777, 384, 255, 296, 1023, 806, 798, 1296, 296, 272, 373, 853, 865, 878, 564, 543, 553, 365, 838, 814, 295, 809, 1073, 281, 322, 348, 782, 754, 352, 330, 286, 437, 443, 321, 339, 255, 341, 361, 379, 392, 389, 312, 830, 840, 317, 392, 271, 654, 415, 391, 1004, 867, 328, 385, 905, 346, 308, 385, 381, 435, 429, 1371, 752, 303, 252, 254, 322, 799, 313, 377, 395, 295, 398, 850, 365, 511, 337, 588, 865, 489, 369, 284, 353, 301, 338, 604, 531, 805, 530, 315, 333, 325, 338, 310, 560, 318, 355, 469, 306, 280, 276, 414, 577, 352, 869, 539, 356, 259, 257, 716, 720, 400, 352, 711, 323, 342, 281, 308, 458, 412, 406, 275, 510, 385, 344, 298, 322, 809, 339, 696, 335, 327, 434, 966, 1118, 369, 284, 1147, 449, 530, 816, 406, 318, 360, 393, 426, 398, 421, 444, 328, 930, 266, 876, 263, 466, 446, 306, 380, 294, 284, 1242, 287, 282, 244, 263, 291, 492, 349, 829, 379, 549, 278, 250, 252, 393, 363, 440, 693, 486, 878, 486, 264, 800, 230, 258, 803, 280, 289, 279, 285, 269, 311, 822, 279, 281, 281, 806, 1049, 449, 614, 305, 284, 325, 310, 321, 330, 268, 474, 277, 296, 353, 326, 504, 286, 333, 663, 825, 385, 1046, 416, 337, 335, 356, 382, 517, 493, 360, 278, 1232, 550, 292, 255, 866, 299, 287, 400, 307, 441, 257, 267, 274, 403, 337, 1544, 311, 378, 287, 280, 830, 806, 337, 940, 873, 283, 297, 293, 307, 307, 884, 498, 360, 532, 348, 360, 283, 480, 504, 244, 385, 291, 387, 483, 282, 294, 430, 917, 411, 389, 305, 294, 298, 599, 1144, 629, 1274, 292, 1100, 322, 393, 870, 601, 322, 286, 429, 899, 375, 381, 338, 305, 321, 556, 321, 293, 416, 337, 820, 393, 265, 1069, 332, 418, 303, 420, 300, 920, 438, 500, 323, 282, 453, 324, 895, 322, 332, 360, 278, 311, 287, 495, 290, 445, 382, 387, 445, 312, 317, 316, 574, 375, 764, 1335, 340, 329, 352, 380, 540, 1266, 519, 507, 836, 628, 361, 240, 341, 369, 390, 282, 282, 322, 328, 289, 276, 309, 288, 304, 303, 362, 439, 440, 329, 275, 870, 979, 279, 370, 800, 475, 785, 422, 259, 250, 876], "decoding_mean": 453.87, "coding_sd": 365.29307691769907}, "last_switch_enqt": 47486711, "B": {"coding_mean": 560.77800000000002, "decoding_sd": 725.95567259716347,