{"A": {"coding_mean": 661.40200000000004, "decoding_sd": 257.25567418426363, "forwarding_sd": 243.77830866588602, "coding": [650, 538, 421, 837, 698, 626, 713, 525, 514, 447, 380, 409, 423, 862, 575, 1363, 454, 490, 480, 862, 573, 1217, 526, 444, 591, 530, 402, 403, 411, 454, 499, 912, 636, 1330, 643, 479, 668, 443, 450, 412, 403, 522, 387, 1432, 457, 490, 376, 1462, 471, 438, 1414, 509, 469, 482, 452, 410, 490, 1218, 580, 525, 545, 1302, 447, 454, 426, 523, 562, 649, 666, 602, 652, 442, 499, 577, 387, 803, 450, 406, 374, 614, 402, 1240, 793, 457, 697, 455, 404, 850, 626, 799, 766, 463, 853, 411, 417, 466, 457, 516, 607, 564, 1273, 415, 411, 426, 403, 399, 517, 489, 465, 407, 890, 1119, 603, 512, 537, 532, 1283, 622, 400, 598, 447, 594, 505, 426, 1485, 1282, 935, 718, 593, 417, 585, 504, 461, 713, 555, 449, 849, 773, 463, 407, 376, 1404, 488, 1580, 506, 606, 405, 465, 1434, 1462, 925, 449, 530, 405, 658, 761, 431, 552, 499, 641, 379, 720, 478, 435, 549, 396, 461, 570, 446, 411, 451, 625, 414, 516, 470, 966, 511, 481, 356, 652, 437, 461, 479, 954, 471, 407, 2008, 689, 611, 522, 469, 622, 745, 541, 428, 390, 1009, 560, 498, 479, 670, 1979, 405, 731, 422, 529, 413, 401, 883, 767, 640, 451, 532, 427, 555, 452, 427, 562, 564, 1349, 474, 649, 437, 435, 403, 402, 494, 421, 809, 383, 370, 1264, 360, 599, 403, 429, 456, 441, 403, 427, 406, 542, 668, 734, 1236, 670, 799, 404, 446, 399, 399, 461, 402, 418, 519, 754, 420, 406, 611, 1253, 513, 1020, 554, 430, 405, 803, 557, 586, 1420, 527, 680, 1098, 387, 1114, 697, 400, 518, 428, 789, 408, 2226, 378, 410, 432, 463, 676, 649, 423, 439, 446, 434, 524, 1261, 1636, 1241, 1366, 649, 622, 461, 373, 2264, 622, 732, 417, 380, 401, 677, 1960, 1208, 410, 415, 710, 764, 453, 565, 528, 579, 1287, 1269, 528, 586, 395, 401, 1555, 1229, 1254, 650, 421, 765, 385, 989, 647, 1306, 449, 524, 448, 433, 1302, 570, 1218, 644, 1250, 406, 703, 1240, 613, 510, 666, 418, 425, 502, 1499, 459, 827, 455, 448, 1133, 492, 1231, 493, 2408, 494, 431, 797, 524, 1515, 512, 526, 470, 416, 387, 1575, 412, 413, 717, 516, 436, 366, 442, 1268, 403, 492, 469, 533, 417, 496, 1803, 905, 1484, 734, 794, 493, 594, 381, 505, 667, 845, 1732, 597, 383, 397, 1488, 1029, 887, 570, 511, 483, 514, 693, 625, 721, 1199, 544, 489, 569, 940, 451, 424, 413, 473, 2051, 509, 1278, 803, 711, 510, 613, 467, 448, 1319, 594, 812, 558, 438, 412, 400, 388, 411, 620, 736, 1210, 465, 420, 410, 624, 1441, 532, 484, 431, 727, 398, 585, 487, 407, 1071, 769, 1400, 390, 390, 419, 513, 653, 414, 1197, 1009, 457, 480, 416, 510, 1435, 1239, 805, 410, 1408, 443, 422, 543, 454, 598, 1446, 411, 585, 366, 463, 447, 821, 401, 690, 401, 407, 414, 412, 412, 1219, 822, 1141, 1562, 412, 379, 450], "decoding": [679, 307, 388, 690, 518, 543, 354, 510, 519, 331, 461, 348, 343, 652, 439, 535, 389, 325, 494, 942, 395, 942, 483, 356, 475, 665, 520, 538, 518, 433, 393, 769, 505, 429, 334, 322, 1423, 774, 338, 342, 320, 331, 438, 943, 381, 579, 348, 983, 320, 331, 971, 337, 328, 396, 1037, 483, 514, 957, 707, 319, 363, 321, 304, 319, 370, 488, 331, 354, 974, 501, 484, 349, 375, 415, 333, 539, 407, 360, 328, 371, 336, 967, 627, 332, 323, 322, 381, 482, 530, 919, 608, 590, 1089, 337, 332, 429, 494, 612, 673, 551, 374, 309, 340, 323, 326, 393, 593, 353, 329, 306, 768, 1050, 460, 397, 404, 395, 1083, 952, 353, 442, 425, 471, 333, 377, 1006, 948, 658, 648, 775, 377, 356, 330, 267, 1087, 445, 352, 392, 708, 640, 337, 286, 960, 406, 855, 497, 417, 539, 319, 1513, 1726, 653, 445, 334, 358, 589, 843, 341, 395, 504, 328, 320, 380, 605, 436, 338, 386, 348, 331, 464, 363, 363, 325, 373, 320, 761, 538, 1010, 319, 323, 383, 325, 374, 311, 456, 332, 476, 905, 475, 502, 360, 380, 552, 610, 313, 316, 319, 327, 605, 316, 333, 502, 391, 403, 454, 342, 614, 514, 379, 651, 1041, 902, 450, 479, 424, 482, 331, 361, 488, 410, 932, 294, 338, 330, 372, 636, 387, 676, 445, 600, 505, 338, 945, 350, 520, 491, 326, 411, 326, 297, 350, 377, 417, 331, 368, 1012, 498, 914, 515, 321, 360, 458, 345, 322, 322, 1396, 377, 354, 285, 350, 905, 462, 292, 313, 319, 354, 977, 501, 325, 390, 409, 370, 616, 317, 1148, 291, 363, 352, 354, 318, 336, 331, 559, 533, 340, 517, 535, 510, 448, 316, 312, 397, 350, 350, 961, 945, 961, 983, 407, 457, 304, 903, 481, 678, 321, 341, 307, 501, 1561, 1115, 492, 332, 322, 702, 323, 616, 444, 652, 495, 1123, 714, 918, 370, 363, 927, 411, 1149, 387, 319, 330, 323, 484, 954, 448, 516, 289, 317, 354, 959, 443, 518, 961, 439, 290, 417, 527, 548, 415, 359, 338, 339, 476, 961, 336, 620, 356, 439, 377, 363, 951, 511, 947, 329, 435, 1101, 454, 1202, 459, 557, 465, 384, 497, 987, 503, 525, 688, 365, 358, 322, 290, 420, 378, 326, 611, 357, 576, 370, 306, 396, 1545, 502, 948, 612, 576, 426, 292, 1791, 708, 393, 321, 648, 290, 950, 664, 781, 401, 464, 356, 342, 469, 333, 435, 1094, 646, 758, 661, 1347, 310, 323, 435, 349, 1080, 322, 1485, 971, 541, 319, 331, 790, 395, 744, 678, 550, 455, 293, 324, 328, 327, 451, 464, 596, 527, 365, 324, 302, 296, 405, 392, 302, 322, 1096, 295, 457, 383, 390, 737, 603, 951, 335, 351, 306, 319, 535, 326, 343, 329, 357, 361, 336, 402, 968, 970, 426, 329, 989, 328, 386, 408, 325, 319, 958, 342, 401, 338, 898, 574, 457, 548, 322, 292, 333, 326, 477, 324, 386, 1007, 513, 412, 329, 349, 703], "forwarding_mean": 492.83199999999999, "forwarding": [359, 323, 347, 966, 560, 512, 433, 583, 357, 354, 307, 312, 315, 660, 419, 1130, 415, 371, 361, 903, 430, 887, 385, 324, 332, 642, 489, 284, 437, 420, 418, 628, 509, 310, 328, 352, 777, 376, 286, 282, 314, 336, 306, 861, 344, 333, 426, 1361, 451, 336, 1071, 351, 352, 636, 489, 352, 546, 1537, 590, 333, 382, 370, 553, 366, 302, 378, 343, 267, 680, 442, 600, 314, 376, 411, 344, 530, 323, 285, 334, 308, 440, 613, 639, 388, 350, 295, 312, 619, 636, 604, 626, 337, 1365, 353, 313, 362, 332, 324, 429, 776, 346, 317, 439, 283, 315, 321, 467, 394, 394, 319, 811, 790, 483, 551, 420, 359, 1104, 615, 317, 364, 319, 340, 390, 368, 919, 891, 708, 544, 360, 282, 286, 280, 349, 509, 405, 350, 630, 638, 452, 311, 365, 890, 353, 801, 390, 857, 426, 295, 900, 897, 625, 339, 352, 406, 671, 616, 334, 380, 537, 309, 331, 354, 447, 313, 320, 355, 393, 325, 314, 316, 329, 305, 421, 347, 393, 580, 586, 354, 386, 450, 317, 394, 488, 408, 454, 366, 912, 609, 761, 312, 305, 445, 648, 381, 332, 325, 297, 629, 334, 331, 692, 420, 357, 373, 354, 681, 310, 343, 743, 653, 523, 359, 396, 314, 357, 387, 307, 417, 414, 1166, 344, 325, 371, 279, 365, 344, 418, 309, 615, 339, 324, 856, 439, 745, 355, 285, 303, 329, 373, 327, 426, 467, 506, 343, 902, 513, 597, 363, 315, 323, 354, 278, 312, 406, 538, 589, 378, 363, 310, 896, 380, 316, 312, 317, 373, 879, 343, 301, 312, 486, 354, 709, 327, 805, 309, 425, 320, 416, 326, 314, 976, 322, 389, 298, 340, 500, 541, 514, 591, 291, 418, 309, 1146, 1033, 891, 914, 736, 611, 366, 353, 885, 372, 631, 382, 337, 358, 456, 1408, 914, 523, 312, 279, 529, 497, 397, 577, 394, 1077, 923, 484, 631, 417, 308, 1116, 1118, 929, 309, 385, 682, 345, 752, 632, 530, 407, 389, 379, 309, 860, 362, 287, 665, 972, 370, 417, 1165, 549, 409, 327, 324, 313, 304, 894, 309, 615, 361, 341, 343, 417, 1225, 459, 881, 335, 306, 971, 343, 760, 602, 461, 317, 315, 366, 888, 368, 628, 465, 303, 307, 281, 344, 932, 308, 321, 609, 315, 320, 339, 1480, 400, 936, 509, 1416, 419, 403, 285, 309, 342, 328, 949, 318, 314, 293, 1409, 818, 626, 350, 317, 324, 371, 418, 355, 536, 1414, 412, 424, 700, 1436, 310, 452, 348, 314, 976, 289, 920, 612, 599, 328, 355, 483, 334, 645, 579, 908, 438, 305, 338, 337, 351, 409, 463, 562, 594, 316, 319, 320, 312, 1294, 307, 308, 337, 818, 429, 461, 592, 351, 791, 584, 824, 372, 321, 307, 371, 546, 353, 285, 489, 503, 331, 329, 350, 886, 977, 427, 394, 977, 352, 430, 374, 326, 327, 910, 443, 384, 266, 456, 343, 399, 302, 393, 331, 341, 349, 800, 394, 974, 609, 505, 895, 336, 314, 344], "decoding_mean": 516.19000000000005, "coding_sd": 352.74202527626335}, "last_switch_enqt": 48205981, "B": {"coding_mean": 613.29399999999998, "decoding_sd": 283.75014820084232,