{"A": {"coding_mean": 656.86400000000003, "decoding_sd": 235.32332807437515, "forwarding_sd": 223.55730429578898, "coding": [1025, 404, 947, 981, 547, 460, 474, 393, 1047, 996, 1546, 430, 390, 962, 415, 363, 757, 333, 1192, 965, 1017, 464, 334, 387, 1077, 1133, 1170, 853, 665, 423, 337, 964, 753, 370, 331, 380, 719, 355, 423, 405, 341, 471, 716, 740, 538, 365, 1041, 414, 819, 1296, 359, 572, 723, 467, 361, 386, 416, 1012, 299, 533, 363, 344, 901, 381, 383, 366, 743, 592, 633, 390, 377, 386, 1156, 634, 724, 372, 507, 460, 386, 359, 504, 345, 363, 410, 1411, 404, 888, 455, 345, 376, 472, 1134, 1093, 482, 365, 373, 421, 672, 372, 768, 604, 507, 416, 463, 733, 1195, 361, 365, 485, 605, 503, 402, 1130, 1099, 565, 465, 362, 406, 510, 379, 556, 564, 724, 1129, 415, 380, 1029, 336, 370, 448, 555, 363, 526, 396, 1172, 468, 548, 384, 372, 385, 1103, 452, 365, 397, 541, 738, 460, 539, 431, 642, 1142, 419, 1085, 377, 335, 441, 369, 656, 635, 529, 1222, 672, 1130, 462, 410, 408, 674, 388, 405, 359, 466, 855, 748, 349, 745, 452, 547, 422, 402, 618, 947, 842, 348, 504, 388, 398, 367, 434, 407, 380, 392, 362, 768, 612, 441, 401, 398, 480, 547, 635, 406, 443, 1202, 391, 746, 385, 618, 540, 366, 399, 335, 499, 1048, 660, 335, 372, 412, 402, 410, 335, 730, 486, 812, 381, 385, 402, 543, 326, 1129, 591, 1071, 372, 421, 870, 557, 377, 1103, 540, 1301, 1144, 345, 504, 598, 1069, 1340, 1766, 731, 395, 341, 831, 442, 1203, 781, 422, 338, 583, 400, 805, 388, 381, 375, 1233, 1141, 747, 1048, 532, 418, 1083, 1119, 743, 567, 793, 462, 1096, 509, 547, 550, 480, 792, 360, 1244, 882, 758, 743, 750, 404, 375, 1365, 1847, 1355, 454, 801, 370, 1113, 1254, 1171, 679, 362, 368, 1135, 1132, 1232, 472, 672, 619, 426, 1207, 1074, 1610, 394, 366, 405, 495, 1262, 791, 739, 613, 485, 474, 1130, 717, 483, 1097, 727, 575, 442, 398, 363, 490, 1765, 539, 507, 951, 405, 445, 1093, 1617, 1577, 372, 372, 1747, 393, 760, 477, 389, 714, 383, 1108, 1107, 1114, 342, 361, 614, 384, 358, 1299, 1004, 303, 948, 509, 377, 334, 1051, 367, 365, 530, 376, 412, 1176, 1098, 1272, 403, 404, 396, 427, 577, 420, 416, 338, 364, 1290, 1104, 1226, 628, 696, 370, 395, 344, 438, 1231, 1469, 1276, 1066, 570, 583, 372, 489, 376, 669, 387, 519, 785, 421, 330, 433, 364, 350, 865, 1112, 364, 361, 1101, 1157, 1113, 415, 684, 394, 611, 395, 591, 783, 1051, 1067, 352, 383, 366, 539, 738, 1115, 432, 486, 344, 1188, 1301, 1475, 421, 1349, 421, 415, 1801, 698, 748, 745, 581, 365, 1060, 996, 1036, 1664, 441, 576, 349, 1397, 1108, 375, 412, 1113, 388, 347, 448, 609, 1070, 579, 736, 575, 335, 508, 583, 1145, 411, 363, 569, 348, 1177, 1399, 331, 379, 344, 600, 482, 990, 552, 1504, 631, 410, 358, 617, 787, 1248, 555, 384, 387, 916, 1263, 1802, 594, 550, 389, 451, 518], "decoding": [369, 268, 864, 626, 675, 244, 249, 437, 738, 688, 829, 285, 311, 724, 331, 664, 298, 264, 856, 680, 688, 246, 260, 308, 414, 798, 754, 1203, 465, 309, 251, 382, 523, 237, 261, 291, 620, 259, 285, 299, 273, 389, 428, 524, 309, 296, 1121, 366, 268, 744, 235, 381, 367, 554, 237, 286, 307, 778, 337, 239, 269, 264, 748, 323, 260, 255, 478, 611, 404, 337, 282, 272, 754, 408, 401, 341, 399, 266, 275, 268, 263, 232, 291, 264, 275, 443, 909, 409, 284, 263, 287, 1181, 900, 520, 408, 265, 393, 273, 263, 890, 313, 382, 371, 306, 532, 798, 279, 265, 409, 1396, 507, 292, 828, 279, 446, 465, 375, 375, 259, 371, 260, 254, 598, 744, 277, 261, 762, 354, 355, 414, 346, 280, 265, 350, 762, 394, 343, 344, 241, 268, 387, 287, 265, 250, 739, 269, 382, 268, 307, 434, 847, 259, 267, 504, 269, 277, 373, 1178, 233, 316, 271, 404, 1116, 286, 381, 273, 758, 276, 333, 294, 306, 590, 572, 294, 593, 265, 573, 307, 293, 1201, 797, 801, 252, 521, 290, 809, 315, 262, 270, 268, 234, 289, 749, 402, 248, 259, 266, 704, 262, 361, 262, 261, 769, 374, 754, 398, 370, 548, 268, 288, 359, 425, 584, 493, 280, 236, 408, 270, 350, 237, 529, 315, 370, 390, 340, 291, 334, 235, 290, 1110, 1104, 537, 281, 750, 758, 233, 302, 270, 710, 716, 363, 239, 1228, 272, 310, 755, 544, 263, 260, 759, 301, 764, 527, 289, 251, 784, 267, 758, 362, 308, 510, 798, 714, 526, 730, 235, 342, 443, 811, 523, 315, 443, 307, 791, 372, 458, 342, 260, 267, 282, 754, 747, 803, 783, 376, 305, 264, 753, 797, 558, 667, 791, 342, 354, 768, 646, 429, 342, 274, 890, 1004, 929, 272, 327, 278, 269, 536, 307, 784, 293, 263, 273, 282, 756, 1170, 548, 381, 488, 320, 903, 532, 339, 807, 636, 407, 407, 521, 436, 322, 762, 532, 241, 912, 329, 263, 687, 916, 684, 314, 284, 966, 262, 763, 266, 338, 407, 389, 852, 803, 813, 250, 232, 618, 233, 282, 766, 765, 248, 568, 347, 275, 300, 280, 291, 274, 475, 267, 273, 392, 761, 823, 287, 400, 296, 419, 824, 305, 276, 304, 299, 618, 766, 765, 304, 335, 267, 259, 242, 371, 774, 763, 773, 768, 306, 268, 276, 803, 447, 299, 285, 518, 346, 289, 275, 539, 247, 243, 538, 278, 242, 241, 583, 748, 800, 260, 293, 248, 1085, 268, 530, 521, 717, 712, 307, 273, 491, 286, 569, 681, 381, 269, 255, 758, 796, 1050, 735, 299, 449, 283, 409, 534, 578, 862, 346, 299, 675, 648, 713, 820, 282, 262, 235, 811, 795, 270, 297, 771, 287, 263, 269, 415, 805, 441, 754, 657, 328, 295, 329, 883, 338, 262, 269, 291, 720, 792, 316, 277, 287, 413, 319, 433, 389, 492, 671, 266, 316, 681, 454, 1079, 793, 265, 304, 938, 718, 434, 876, 377, 302, 330, 263], "forwarding_mean": 446.76400000000001, "forwarding": [263, 265, 705, 856, 636, 255, 257, 309, 719, 667, 669, 277, 288, 1022, 253, 271, 347, 283, 908, 812, 643, 301, 279, 229, 772, 714, 794, 695, 387, 291, 267, 716, 520, 239, 229, 269, 634, 263, 315, 409, 255, 294, 531, 506, 242, 374, 1143, 338, 268, 708, 245, 361, 422, 624, 285, 255, 301, 663, 258, 264, 253, 247, 739, 278, 226, 216, 535, 428, 408, 326, 250, 248, 686, 380, 392, 345, 221, 273, 360, 213, 260, 236, 378, 279, 367, 301, 520, 321, 289, 267, 281, 911, 731, 312, 293, 273, 336, 240, 306, 392, 241, 284, 281, 321, 581, 1153, 389, 272, 240, 580, 570, 372, 715, 717, 406, 400, 367, 252, 487, 246, 302, 321, 508, 708, 258, 314, 721, 314, 258, 591, 372, 364, 311, 439, 762, 366, 479, 285, 348, 285, 259, 286, 512, 534, 400, 239, 265, 394, 279, 608, 738, 261, 859, 262, 294, 369, 274, 478, 301, 243, 238, 466, 612, 314, 359, 266, 404, 266, 286, 277, 377, 512, 772, 359, 348, 226, 374, 225, 233, 753, 725, 733, 243, 331, 788, 376, 292, 585, 280, 266, 257, 242, 493, 414, 218, 258, 421, 366, 270, 300, 328, 286, 1008, 256, 808, 246, 328, 378, 270, 230, 263, 396, 779, 426, 238, 319, 477, 508, 278, 297, 753, 300, 375, 322, 276, 281, 379, 229, 280, 707, 700, 304, 316, 634, 688, 262, 356, 297, 722, 707, 230, 352, 908, 276, 303, 796, 529, 252, 227, 1229, 263, 906, 500, 280, 238, 512, 364, 703, 259, 284, 222, 673, 671, 492, 698, 226, 254, 670, 704, 512, 310, 312, 324, 721, 319, 702, 341, 235, 264, 256, 724, 870, 475, 710, 370, 358, 272, 1129, 726, 609, 398, 741, 433, 412, 729, 470, 467, 264, 244, 693, 757, 705, 247, 393, 246, 258, 733, 819, 753, 340, 235, 262, 251, 862, 712, 610, 530, 323, 294, 723, 367, 313, 914, 515, 456, 401, 437, 300, 301, 748, 542, 262, 515, 290, 303, 646, 711, 975, 267, 253, 743, 363, 1230, 215, 302, 405, 236, 1156, 716, 741, 255, 284, 408, 311, 256, 1003, 741, 302, 531, 314, 255, 253, 256, 219, 275, 341, 256, 244, 900, 809, 701, 293, 319, 319, 282, 709, 299, 224, 267, 344, 857, 717, 732, 324, 378, 353, 247, 398, 283, 713, 682, 812, 725, 254, 226, 258, 422, 253, 226, 251, 483, 338, 358, 331, 350, 310, 346, 520, 258, 331, 311, 985, 709, 719, 254, 242, 271, 508, 285, 255, 533, 668, 830, 270, 255, 267, 323, 560, 634, 352, 273, 308, 1051, 708, 805, 279, 1039, 328, 289, 589, 620, 533, 933, 295, 289, 945, 698, 710, 669, 261, 273, 273, 729, 722, 444, 261, 884, 250, 386, 259, 429, 737, 618, 789, 418, 244, 256, 356, 929, 313, 278, 287, 264, 812, 1285, 244, 475, 309, 298, 287, 448, 543, 408, 663, 384, 273, 392, 719, 709, 533, 271, 309, 776, 735, 517, 516, 321, 264, 299, 298], "decoding_mean": 465.20800000000003, "coding_sd": 339.58341759279119}, "last_switch_enqt": 49255264, "B": {"coding_mean": 597.23599999999999,