{"A": {"coding_mean": 761.54600000000005, "decoding_sd": 283.63595977238145, "forwarding_sd": 283.5768454299469, "coding": [571, 632, 869, 904, 428, 795, 498, 352, 1990, 645, 1443, 1348, 1435, 507, 617, 393, 1327, 1261, 1292, 1526, 1334, 1704, 1120, 1451, 1269, 1494, 542, 477, 489, 448, 1325, 1327, 1281, 562, 1885, 422, 570, 739, 1218, 670, 533, 409, 616, 561, 1167, 1268, 1459, 412, 1087, 430, 415, 441, 442, 1247, 384, 452, 1553, 1352, 1191, 635, 421, 399, 398, 1217, 1189, 413, 682, 502, 947, 1260, 822, 550, 666, 1217, 1266, 1594, 1230, 589, 537, 663, 1271, 673, 1029, 1260, 512, 1303, 399, 1299, 545, 1230, 1340, 910, 455, 418, 401, 842, 738, 1262, 2006, 580, 581, 500, 848, 1463, 1339, 506, 917, 448, 1068, 448, 463, 790, 560, 1242, 1269, 1578, 571, 567, 2084, 542, 610, 809, 746, 433, 593, 461, 685, 1225, 1020, 480, 1458, 491, 500, 491, 484, 416, 1313, 904, 1795, 737, 556, 931, 410, 449, 765, 1227, 535, 942, 1369, 456, 442, 1236, 425, 1323, 895, 884, 417, 405, 1370, 928, 539, 1496, 472, 666, 1032, 681, 651, 693, 1267, 1345, 515, 432, 509, 384, 1336, 1239, 841, 1375, 405, 442, 421, 592, 527, 1269, 1010, 414, 409, 1242, 494, 812, 542, 510, 1590, 1817, 1191, 483, 1090, 1034, 408, 451, 567, 395, 1051, 558, 391, 429, 419, 1282, 792, 482, 383, 603, 393, 436, 461, 671, 412, 422, 408, 438, 431, 1085, 1330, 564, 579, 714, 385, 615, 451, 575, 495, 887, 1294, 636, 750, 543, 524, 1483, 443, 415, 410, 421, 1009, 437, 799, 438, 854, 456, 469, 669, 2152, 429, 453, 1238, 463, 1248, 832, 1145, 442, 426, 1115, 612, 641, 649, 517, 616, 419, 1244, 581, 494, 446, 861, 964, 658, 1261, 480, 1827, 647, 573, 977, 571, 779, 637, 499, 454, 433, 445, 385, 427, 629, 614, 662, 1025, 567, 723, 536, 476, 397, 606, 722, 663, 854, 430, 450, 420, 1586, 555, 736, 698, 503, 1282, 570, 1208, 772, 603, 889, 844, 835, 1429, 516, 2366, 496, 681, 532, 1298, 543, 962, 398, 541, 466, 1641, 1387, 706, 400, 656, 583, 441, 606, 413, 1325, 396, 386, 617, 576, 505, 439, 425, 842, 1056, 1298, 463, 427, 485, 408, 517, 1164, 381, 473, 414, 1365, 837, 605, 695, 560, 649, 712, 766, 529, 1310, 417, 468, 727, 675, 805, 621, 444, 665, 929, 1203, 423, 1513, 441, 773, 454, 461, 440, 444, 2012, 798, 785, 793, 599, 415, 508, 427, 802, 603, 800, 428, 436, 514, 416, 454, 1377, 489, 445, 901, 432, 494, 544, 604, 610, 1425, 1588, 408, 544, 528, 423, 704, 654, 805, 456, 456, 496, 1296, 1255, 448, 596, 418, 638, 522, 620, 551, 492, 701, 564, 660, 1233, 1072, 461, 416, 1366, 550, 617, 1458, 521, 651, 1391, 467, 585, 414, 458, 1660, 1781, 1029, 445, 416, 461, 867, 941, 544, 583, 472, 772, 432, 698, 1311, 417, 491, 744, 751, 414, 406, 1239, 432, 492, 500, 430, 439, 562, 981, 580, 629, 467, 504, 436, 411, 514, 477, 726, 438, 453, 914, 1050, 1261, 482, 439, 800, 607, 368], "decoding": [1397, 614, 567, 530, 296, 474, 721, 388, 942, 324, 1072, 937, 987, 339, 930, 462, 355, 942, 925, 932, 291, 988, 1008, 345, 1102, 1108, 412, 369, 363, 316, 937, 939, 1114, 943, 940, 288, 357, 636, 947, 529, 317, 351, 393, 367, 627, 961, 1106, 420, 923, 420, 313, 398, 420, 335, 328, 409, 939, 933, 1315, 440, 369, 315, 295, 450, 467, 347, 333, 745, 958, 946, 638, 443, 370, 1018, 949, 925, 313, 554, 484, 443, 955, 723, 943, 497, 507, 1403, 320, 1208, 510, 326, 980, 827, 511, 311, 325, 974, 418, 993, 994, 324, 315, 386, 443, 1022, 927, 650, 1796, 420, 1035, 334, 311, 810, 399, 1243, 1100, 924, 411, 423, 395, 370, 376, 596, 791, 319, 956, 350, 455, 935, 957, 323, 1168, 424, 404, 552, 458, 349, 1040, 636, 852, 446, 931, 742, 285, 480, 982, 928, 524, 719, 935, 486, 327, 935, 323, 929, 641, 638, 427, 331, 313, 288, 831, 411, 417, 653, 607, 498, 492, 862, 721, 665, 774, 334, 356, 330, 977, 326, 685, 641, 313, 456, 353, 429, 377, 438, 1448, 469, 287, 1389, 384, 648, 408, 411, 1109, 1080, 354, 501, 543, 524, 314, 701, 410, 320, 1301, 1150, 322, 332, 590, 393, 1047, 462, 321, 316, 351, 382, 346, 1033, 290, 537, 423, 312, 314, 945, 1013, 450, 562, 401, 635, 656, 348, 386, 345, 744, 1471, 915, 327, 479, 394, 938, 475, 298, 384, 317, 1283, 332, 434, 387, 944, 346, 347, 386, 319, 283, 353, 347, 432, 551, 432, 937, 357, 355, 932, 749, 542, 622, 425, 364, 336, 408, 330, 310, 316, 942, 642, 522, 894, 358, 929, 950, 815, 406, 518, 606, 464, 525, 314, 347, 479, 321, 311, 478, 466, 430, 839, 491, 606, 409, 415, 315, 449, 646, 493, 494, 809, 342, 386, 935, 334, 528, 753, 538, 901, 364, 313, 401, 431, 961, 719, 671, 923, 319, 962, 405, 441, 642, 927, 325, 1047, 617, 313, 442, 307, 675, 593, 327, 625, 301, 315, 448, 352, 946, 282, 387, 411, 308, 353, 327, 328, 748, 932, 926, 391, 440, 411, 450, 327, 661, 286, 360, 423, 332, 613, 503, 742, 370, 422, 329, 334, 376, 931, 289, 350, 550, 560, 804, 355, 512, 464, 1857, 404, 290, 666, 310, 595, 392, 350, 521, 460, 370, 681, 602, 723, 442, 345, 380, 377, 646, 745, 409, 313, 317, 319, 328, 482, 1072, 308, 290, 1069, 317, 387, 518, 443, 496, 306, 906, 344, 443, 444, 346, 383, 728, 1204, 372, 372, 381, 348, 449, 382, 553, 309, 628, 564, 571, 416, 350, 926, 381, 644, 951, 979, 443, 322, 923, 389, 506, 930, 335, 347, 933, 379, 1191, 318, 315, 940, 337, 638, 326, 296, 331, 635, 642, 422, 349, 384, 406, 351, 569, 947, 311, 451, 1343, 574, 347, 301, 986, 519, 283, 302, 346, 331, 489, 503, 420, 327, 517, 334, 316, 315, 378, 352, 1433, 311, 657, 970, 641, 1050, 410, 584, 372, 441, 353], "forwarding_mean": 566.14400000000001, "forwarding": [522, 410, 656, 596, 318, 337, 554, 476, 931, 318, 952, 918, 1227, 443, 1446, 375, 273, 897, 896, 987, 942, 927, 917, 1175, 927, 915, 437, 347, 266, 270, 969, 954, 940, 454, 981, 366, 524, 590, 902, 509, 349, 319, 339, 322, 734, 906, 1142, 314, 1413, 360, 317, 291, 332, 933, 309, 373, 909, 876, 1069, 306, 291, 370, 313, 330, 421, 299, 263, 276, 727, 894, 1042, 610, 414, 1096, 1152, 920, 974, 464, 403, 483, 1086, 530, 867, 1123, 469, 1435, 294, 1100, 403, 932, 907, 665, 338, 286, 358, 928, 497, 975, 1443, 249, 464, 387, 554, 907, 1081, 620, 660, 396, 1034, 321, 436, 625, 456, 953, 1015, 887, 443, 366, 1129, 438, 405, 782, 578, 295, 550, 411, 520, 898, 895, 571, 709, 629, 366, 651, 420, 315, 977, 679, 908, 534, 995, 641, 366, 290, 553, 1048, 442, 751, 875, 311, 362, 1509, 366, 859, 572, 625, 340, 306, 300, 1413, 682, 372, 315, 762, 481, 498, 512, 484, 632, 621, 440, 343, 375, 312, 923, 983, 635, 662, 313, 448, 349, 323, 371, 1050, 877, 293, 385, 1334, 309, 612, 498, 447, 907, 1338, 1009, 349, 491, 521, 301, 436, 302, 313, 974, 867, 603, 286, 319, 323, 686, 395, 318, 392, 449, 328, 396, 772, 289, 310, 536, 305, 326, 901, 1416, 454, 416, 516, 440, 503, 318, 343, 342, 683, 913, 478, 282, 394, 581, 923, 471, 344, 296, 346, 904, 359, 977, 359, 719, 348, 410, 386, 381, 369, 348, 388, 329, 1155, 398, 1340, 332, 378, 608, 491, 748, 643, 358, 315, 288, 310, 323, 322, 303, 1033, 612, 550, 933, 326, 1241, 1148, 456, 442, 391, 670, 428, 327, 284, 384, 463, 315, 313, 406, 415, 576, 438, 426, 419, 401, 310, 330, 420, 615, 492, 765, 415, 386, 431, 914, 398, 621, 1047, 521, 922, 324, 288, 375, 420, 612, 671, 621, 1190, 319, 933, 689, 476, 472, 907, 477, 1049, 361, 307, 287, 985, 959, 761, 413, 372, 353, 314, 334, 318, 903, 397, 498, 519, 331, 302, 401, 321, 785, 458, 943, 367, 286, 543, 317, 312, 631, 339, 286, 336, 966, 623, 462, 536, 443, 377, 397, 279, 331, 904, 312, 301, 590, 506, 549, 655, 316, 348, 919, 298, 328, 684, 301, 707, 347, 367, 322, 320, 980, 591, 493, 509, 312, 446, 348, 381, 952, 732, 362, 351, 313, 282, 447, 380, 1001, 310, 531, 1038, 306, 369, 367, 428, 743, 962, 946, 360, 428, 401, 349, 296, 535, 760, 419, 385, 328, 1094, 650, 593, 385, 284, 736, 598, 412, 491, 631, 789, 408, 625, 1515, 662, 425, 310, 944, 395, 458, 898, 376, 313, 946, 424, 466, 291, 315, 1138, 362, 676, 345, 285, 346, 683, 777, 435, 350, 348, 309, 372, 676, 927, 326, 311, 1279, 397, 344, 302, 1117, 489, 318, 309, 365, 339, 412, 528, 457, 379, 411, 359, 334, 335, 453, 297, 1090, 382, 415, 1000, 584, 1006, 394, 434, 296, 329, 339], "decoding_mean": 571.48199999999997, "coding_sd": 385.89223351085991},