{"A": {"coding_mean": 561.82000000000005, "decoding_sd": 203.0058592651946, "forwarding_sd": 195.2924338933795, "coding": [623, 412, 648, 530, 343, 372, 486, 344, 1166, 625, 469, 374, 312, 479, 1200, 499, 693, 508, 542, 348, 957, 475, 706, 1017, 342, 1537, 434, 498, 573, 487, 998, 341, 345, 1036, 429, 347, 1197, 442, 608, 1086, 589, 378, 343, 368, 700, 340, 530, 398, 350, 379, 424, 433, 1038, 649, 408, 453, 470, 453, 619, 584, 472, 349, 507, 1118, 519, 312, 1047, 424, 646, 1024, 551, 342, 749, 391, 745, 628, 1268, 351, 1106, 370, 368, 484, 525, 476, 490, 545, 634, 356, 525, 445, 1031, 383, 539, 313, 958, 1110, 401, 465, 435, 318, 357, 534, 360, 359, 382, 346, 903, 992, 1253, 330, 706, 418, 476, 405, 551, 345, 703, 365, 340, 430, 601, 348, 530, 337, 375, 1057, 461, 1199, 515, 362, 378, 1281, 365, 535, 1160, 400, 399, 343, 331, 404, 352, 350, 570, 1811, 680, 621, 354, 873, 393, 347, 360, 418, 357, 353, 383, 385, 1169, 404, 1159, 381, 399, 387, 332, 1603, 331, 1003, 368, 344, 372, 522, 1035, 343, 570, 581, 535, 382, 479, 1045, 420, 662, 465, 446, 511, 467, 577, 449, 563, 576, 820, 471, 390, 367, 1341, 644, 361, 335, 337, 363, 416, 341, 459, 479, 487, 630, 336, 410, 307, 313, 540, 354, 1135, 1047, 391, 382, 383, 344, 646, 1430, 413, 497, 348, 1099, 550, 390, 567, 344, 320, 519, 366, 1045, 720, 444, 380, 1071, 514, 1034, 400, 741, 304, 381, 352, 374, 350, 1353, 536, 538, 438, 422, 451, 400, 579, 420, 1043, 433, 377, 514, 382, 370, 1037, 379, 517, 446, 430, 514, 349, 323, 346, 541, 361, 296, 481, 768, 649, 349, 488, 352, 1121, 452, 341, 548, 382, 1216, 479, 815, 540, 453, 462, 344, 344, 413, 567, 1146, 1103, 498, 391, 462, 340, 1262, 495, 960, 611, 356, 738, 579, 385, 1677, 326, 352, 419, 419, 950, 317, 328, 523, 581, 440, 423, 385, 367, 606, 364, 413, 392, 460, 571, 528, 502, 340, 1794, 328, 418, 585, 369, 417, 418, 1009, 355, 1000, 387, 394, 333, 546, 1088, 489, 495, 793, 436, 321, 379, 323, 322, 449, 783, 532, 348, 368, 1011, 579, 1079, 458, 1231, 739, 1890, 650, 646, 526, 507, 385, 394, 416, 382, 339, 336, 1112, 1025, 357, 390, 693, 345, 412, 503, 344, 539, 808, 284, 521, 839, 422, 1465, 862, 691, 396, 1082, 396, 360, 351, 352, 318, 604, 383, 632, 580, 361, 379, 1027, 343, 685, 668, 528, 426, 396, 556, 864, 429, 1054, 587, 661, 448, 379, 355, 468, 562, 1024, 497, 333, 386, 800, 455, 344, 341, 364, 385, 632, 382, 387, 383, 1115, 1027, 588, 868, 317, 379, 348, 414, 492, 343, 851, 656, 763, 390, 324, 1733, 340, 370, 1138, 692, 711, 562, 554, 374, 409, 404, 491, 521, 1029, 432, 1030, 390, 381, 385, 365, 1103, 619, 460, 471, 329, 385, 383, 328, 348, 324, 433, 378, 320, 544, 526, 705, 593, 357, 464, 424, 308, 296, 311, 370, 495, 371, 1066, 591, 393], "decoding": [394, 308, 347, 650, 299, 241, 291, 300, 765, 729, 215, 364, 240, 298, 736, 342, 468, 386, 460, 604, 843, 382, 640, 381, 227, 1321, 395, 270, 300, 402, 734, 453, 272, 432, 318, 253, 290, 376, 329, 722, 373, 251, 271, 281, 725, 219, 407, 295, 278, 353, 291, 823, 1169, 475, 278, 250, 282, 334, 421, 426, 308, 275, 259, 462, 387, 316, 782, 269, 345, 745, 397, 407, 1247, 322, 404, 727, 255, 241, 875, 253, 272, 302, 360, 300, 308, 714, 389, 253, 515, 248, 900, 349, 390, 238, 722, 735, 222, 309, 276, 465, 228, 228, 290, 330, 349, 239, 626, 758, 735, 240, 298, 389, 285, 305, 515, 342, 496, 416, 257, 248, 399, 463, 339, 298, 274, 888, 501, 349, 500, 237, 280, 813, 315, 305, 499, 328, 264, 269, 284, 286, 253, 264, 230, 730, 648, 475, 272, 917, 398, 254, 270, 262, 262, 364, 250, 262, 879, 472, 284, 277, 262, 223, 374, 725, 242, 693, 329, 337, 400, 267, 799, 282, 382, 736, 740, 238, 352, 791, 877, 310, 309, 351, 416, 760, 773, 352, 480, 272, 394, 393, 262, 354, 718, 771, 266, 348, 251, 347, 337, 258, 546, 384, 375, 349, 267, 263, 218, 288, 618, 252, 881, 736, 305, 248, 251, 256, 340, 739, 272, 350, 238, 732, 277, 227, 973, 277, 255, 270, 286, 266, 377, 324, 245, 311, 224, 383, 237, 459, 258, 280, 304, 303, 230, 724, 389, 730, 469, 386, 253, 253, 977, 287, 736, 239, 401, 377, 276, 284, 844, 275, 478, 359, 433, 955, 250, 256, 326, 254, 253, 285, 500, 497, 868, 255, 294, 251, 417, 338, 330, 577, 258, 1144, 450, 677, 497, 354, 389, 379, 611, 393, 392, 418, 944, 308, 268, 244, 282, 719, 464, 402, 498, 224, 392, 475, 288, 364, 253, 277, 224, 258, 726, 251, 301, 405, 812, 382, 309, 256, 321, 275, 409, 286, 313, 418, 350, 333, 354, 399, 812, 221, 246, 325, 370, 279, 379, 712, 261, 248, 313, 319, 302, 251, 725, 322, 370, 547, 253, 252, 433, 333, 271, 248, 727, 262, 268, 257, 336, 1054, 1144, 350, 536, 561, 739, 582, 489, 467, 245, 308, 668, 222, 224, 264, 229, 742, 378, 259, 257, 565, 245, 319, 246, 285, 348, 479, 239, 360, 601, 253, 298, 427, 535, 390, 739, 289, 259, 308, 288, 240, 338, 309, 578, 547, 252, 277, 873, 294, 831, 740, 391, 436, 282, 253, 562, 273, 737, 322, 447, 722, 227, 258, 264, 357, 726, 538, 254, 230, 860, 236, 243, 253, 314, 222, 395, 268, 251, 252, 253, 277, 396, 392, 243, 253, 332, 386, 225, 265, 453, 364, 632, 224, 234, 727, 264, 339, 1061, 706, 676, 470, 222, 306, 340, 230, 252, 251, 306, 707, 728, 263, 239, 336, 249, 727, 312, 725, 311, 408, 258, 499, 275, 330, 249, 273, 248, 308, 328, 365, 387, 365, 286, 403, 342, 246, 288, 252, 273, 309, 384, 965, 319, 328], "forwarding_mean": 396.70800000000003, "forwarding": [300, 301, 302, 410, 245, 272, 261, 239, 703, 436, 301, 259, 202, 347, 665, 372, 464, 424, 298, 317, 711, 336, 559, 739, 246, 723, 286, 278, 340, 377, 695, 494, 219, 263, 475, 248, 310, 371, 349, 758, 358, 279, 340, 246, 516, 289, 425, 292, 356, 345, 273, 412, 702, 561, 273, 269, 295, 337, 404, 420, 367, 239, 283, 740, 363, 309, 1063, 268, 408, 750, 337, 272, 737, 267, 541, 676, 246, 268, 1385, 242, 250, 358, 299, 344, 285, 444, 345, 217, 254, 265, 798, 247, 359, 337, 1177, 778, 241, 341, 372, 279, 276, 268, 225, 299, 510, 285, 535, 648, 645, 219, 196, 525, 384, 245, 526, 244, 524, 277, 217, 336, 444, 272, 254, 229, 239, 714, 359, 400, 363, 261, 307, 700, 269, 339, 605, 471, 289, 286, 295, 265, 363, 281, 261, 721, 723, 683, 270, 806, 282, 369, 236, 510, 298, 233, 259, 235, 835, 334, 300, 300, 219, 267, 259, 754, 282, 692, 352, 246, 408, 282, 707, 271, 411, 417, 466, 319, 364, 698, 403, 298, 375, 250, 253, 515, 684, 298, 324, 341, 402, 263, 284, 288, 698, 469, 260, 286, 326, 262, 246, 255, 331, 352, 354, 383, 241, 288, 259, 253, 450, 239, 945, 689, 256, 253, 291, 301, 376, 685, 319, 583, 354, 1114, 500, 271, 807, 247, 721, 218, 269, 295, 281, 295, 290, 744, 332, 243, 248, 446, 261, 261, 328, 296, 215, 684, 365, 471, 453, 274, 448, 219, 764, 259, 722, 256, 290, 259, 316, 395, 1088, 404, 362, 342, 260, 500, 247, 405, 291, 335, 280, 242, 351, 435, 447, 313, 233, 385, 741, 299, 273, 387, 314, 718, 373, 681, 415, 337, 497, 256, 244, 262, 358, 470, 922, 301, 213, 337, 239, 685, 442, 418, 363, 258, 349, 381, 318, 773, 236, 309, 286, 298, 730, 279, 279, 383, 560, 328, 316, 277, 269, 298, 288, 243, 479, 354, 406, 422, 358, 287, 721, 267, 309, 382, 320, 272, 283, 1242, 257, 696, 271, 261, 256, 366, 742, 302, 352, 653, 243, 263, 251, 270, 252, 298, 553, 280, 219, 213, 1215, 424, 1107, 303, 359, 529, 697, 431, 453, 422, 246, 245, 427, 359, 292, 281, 222, 687, 319, 214, 730, 382, 329, 287, 254, 271, 309, 475, 285, 318, 540, 294, 767, 458, 491, 338, 709, 252, 248, 453, 255, 245, 304, 259, 419, 591, 246, 262, 765, 268, 695, 435, 264, 395, 968, 251, 688, 332, 827, 273, 392, 397, 261, 256, 256, 323, 608, 362, 349, 428, 708, 314, 234, 263, 250, 271, 813, 327, 302, 314, 707, 349, 379, 448, 255, 298, 240, 219, 240, 265, 413, 426, 523, 235, 317, 1063, 267, 323, 682, 699, 603, 361, 516, 380, 245, 220, 250, 335, 301, 382, 694, 222, 239, 217, 283, 1268, 335, 600, 299, 314, 280, 273, 257, 243, 666, 307, 267, 302, 309, 363, 365, 393, 289, 299, 315, 240, 234, 253, 387, 265, 293, 738, 327, 327], "decoding_mean": 408.65199999999999, "coding_sd": 286.34641188602308}, "last_switch_enqt": 47498225, "B": {"coding_mean": 500.334, "decoding_sd": 221.15437702202505, "forwarding_sd": 187.46498343957467,