{"A": {"coding_mean": 2227.6199999999999, "decoding_sd": 103.94137001213713, "forwarding_sd": 86.79190893165098, "coding": [2368, 2211, 2277, 2283, 2253, 2202, 2257, 2249, 2243, 2237, 2261, 2245, 2243, 2263, 2254, 2247, 2297, 2245, 2244, 2257, 2272, 2233, 2239, 2254, 2247, 2225, 2295, 2270, 2266, 2249, 2280, 2248, 2244, 2238, 2253, 2248, 2242, 2254, 2242, 2056, 2258, 2288, 2054, 2246, 2248, 2162, 1966, 2269, 2242, 2532, 2244, 2270, 2251, 2285, 2279, 2369, 2265, 2198, 2240, 2293, 2283, 2255, 2279, 2184, 2061, 2190, 2074, 2226, 2274, 2258, 2251, 2257, 2270, 2255, 2251, 2294, 2243, 2284, 2266, 2253, 2247, 2238, 2267, 2266, 2202, 2270, 2239, 2270, 2209, 2246, 1999, 2194, 2278, 2264, 2258, 2253, 2225, 2279, 2269, 2037, 2154, 2257, 1973, 2259, 2214, 2147, 2266, 2262, 2325, 2342, 2153, 2067, 2256, 2278, 2384, 2084, 2107, 2054, 2255, 2154, 2333, 2274, 2087, 2261, 2150, 2243, 2355, 2211, 2269, 2213, 2065, 2282, 2085, 2086, 2345, 2087, 2329, 2262, 2202, 2187, 2081, 2159, 2292, 2110, 2311, 2197, 2173, 2271, 2079, 2259, 2082, 2264, 2258, 2183, 2250, 2114, 2260, 2116, 2126, 2332, 2107, 2266, 2121, 2281, 2096, 2286, 2076, 2086, 2386, 2043, 1897, 2251, 2107, 2097, 2106, 1876, 2085, 2266, 2098, 2104, 2291, 2293, 2151, 2036, 2096, 2027, 2273, 2107, 2262, 2451, 2112, 2751, 2181, 2195, 2203, 1024, 968, 2274, 2259, 2241, 2276, 2277, 2318, 2279, 2248, 1902, 2258, 2229, 2285, 2265, 2240, 2218, 2250, 2249, 1999, 2250, 2285, 2023, 2051, 2262, 2267, 2265, 2269, 2261, 2274, 2168, 2217, 2181, 2196, 2281, 2275, 2045, 2219, 2263, 2112, 2151, 2277, 2261, 2236, 2280, 2277, 2253, 2249, 2275, 2271, 2272, 2263, 2266, 2257, 2237, 2272, 2271, 2249, 2268, 2282, 2269, 2264, 2251, 2015, 2289, 2201, 2171, 2188, 2252, 2284, 2260, 2286, 2248, 2281, 2244, 2255, 2260, 2245, 2269, 2258, 2188, 2279, 2244, 2305, 2293, 2303, 2291, 2263, 2276, 2250, 2257, 2074, 2270, 2274, 2289, 2304, 2246, 2263, 2272, 2262, 2259, 2354, 2293, 2251, 2275, 2239, 2267, 2269, 2247, 2247, 2126, 2271, 2293, 2286, 2287, 2110, 2271, 2252, 2264, 2271, 2259, 2248, 2251, 2250, 2275, 2219, 2253, 2294, 2270, 2250, 2242, 2244, 2243, 2283, 2273, 2284, 2266, 2258, 2284, 2260, 2219, 2097, 2076, 2219, 2216, 2230, 2177, 2229, 2413, 2152, 2274, 2238, 2324, 2190, 2191, 2189, 2207, 2206, 2258, 2302, 2265, 2257, 2275, 2298, 2273, 2276, 2258, 2260, 2274, 2260, 2259, 2289, 2279, 2248, 2283, 2266, 2276, 2298, 2233, 2250, 2268, 2271, 2298, 2238, 2306, 2267, 2301, 2262, 2308, 2268, 2238, 2272, 2251, 2099, 2257, 2403, 2269, 2299, 2238, 2279, 2247, 2282, 2259, 2267, 2277, 2266, 2100, 2112, 2265, 2201, 2262, 2286, 2265, 2254, 2230, 2282, 2141, 2426, 2237, 2259, 2284, 2255, 2366, 2182, 2210, 2253, 2255, 2191, 2248, 2299, 2297, 2280, 2261, 2241, 2289, 2263, 2246, 2063, 2273, 2264, 2250, 2261, 2281, 2167, 2267, 2238, 2240, 2296, 2258, 2228, 2244, 2212, 2263, 2251, 2102, 2250, 2236, 2087, 2253, 2272, 2271, 2261, 2264, 2231, 2250, 2198, 2251, 2239, 2239, 2255, 2237, 2250, 2255, 2267, 2264, 2247, 2102, 2251, 2253, 2265, 2268, 2235, 2237, 775, 2278, 2258, 2062, 2314, 2216, 2245, 2286, 2279, 2282, 2255, 2241, 2236, 2279, 2254, 2129, 2254, 2307, 2400, 2284, 2349, 2280], "decoding": [1708, 1349, 1362, 1417, 1506, 1421, 1415, 1503, 1499, 1444, 1354, 1530, 1521, 1452, 1357, 1396, 1471, 1495, 1558, 1492, 1550, 1460, 1368, 1460, 1507, 1469, 1863, 1509, 1471, 1369, 1525, 1353, 1463, 1486, 1412, 1399, 1460, 1422, 1473, 1453, 1408, 1418, 1468, 1372, 1372, 1517, 1409, 1621, 1451, 1491, 1463, 1543, 1374, 1526, 1421, 1491, 1460, 1417, 1417, 1492, 1457, 1583, 1460, 1419, 1415, 1455, 1478, 1614, 1510, 1506, 1507, 1594, 1614, 1506, 1544, 1446, 1480, 1514, 1449, 1499, 1518, 1501, 1518, 1554, 1411, 1514, 1387, 1499, 1377, 1467, 1413, 1441, 1498, 1527, 1497, 1525, 1401, 1577, 1513, 1424, 1396, 1523, 1374, 1511, 1426, 1396, 1499, 1469, 1496, 1459, 1416, 1436, 1385, 1434, 1387, 1382, 1316, 1274, 1257, 1385, 1510, 1441, 1381, 1471, 1413, 1392, 1467, 1433, 1462, 1427, 1421, 1510, 1408, 1434, 1515, 1420, 1556, 1523, 1426, 1401, 1420, 1535, 1510, 1470, 1406, 1474, 1434, 1620, 1423, 1558, 1436, 1507, 1420, 1416, 1504, 1374, 1583, 1408, 1418, 1521, 1416, 1503, 1428, 1492, 1452, 1485, 1401, 1444, 1512, 1417, 1204, 1473, 1373, 1430, 1429, 1416, 1368, 1497, 1414, 1542, 1409, 1378, 1532, 1575, 1415, 1413, 1484, 1411, 1506, 1420, 1371, 1424, 1364, 1419, 1534, 373, 510, 1504, 1364, 1366, 1498, 1514, 1506, 1507, 1500, 1410, 1651, 1465, 1463, 1645, 1639, 1429, 1468, 1475, 1380, 1605, 1489, 1438, 1415, 1429, 1410, 1411, 1413, 1541, 1484, 1411, 1481, 1485, 1360, 1446, 1498, 1406, 1488, 1458, 1443, 1407, 1439, 1456, 1411, 1453, 1531, 1420, 1459, 1448, 1447, 1450, 1416, 1353, 1474, 1405, 1471, 1439, 1514, 1533, 1490, 1517, 1435, 1474, 1424, 1270, 1504, 1495, 1461, 1492, 1469, 1456, 1468, 1452, 1478, 1515, 1503, 1507, 1491, 1503, 1471, 1548, 1508, 1496, 1473, 1453, 1491, 1528, 1509, 1504, 1413, 1337, 1423, 1505, 1507, 1457, 1459, 1504, 1383, 1491, 1507, 1448, 1508, 1501, 1551, 1466, 1348, 1476, 1521, 1474, 1419, 1412, 1458, 1449, 1357, 1430, 1416, 1414, 1397, 1448, 1513, 1385, 1462, 1412, 1480, 1510, 1467, 1431, 1512, 1486, 1503, 1495, 1489, 1511, 1415, 1535, 1493, 1419, 1515, 1493, 1490, 1515, 1415, 1426, 1500, 1455, 1439, 1454, 1403, 1497, 1393, 1415, 1404, 1520, 1382, 1470, 1518, 1471, 1525, 1500, 1379, 1609, 1377, 1605, 1453, 1513, 1468, 1417, 1531, 1418, 1514, 1464, 1423, 1380, 1451, 1512, 1503, 1391, 1507, 1510, 1426, 1522, 1426, 1498, 1520, 1490, 1506, 1484, 1508, 1667, 1604, 1666, 1502, 1415, 1395, 1421, 1423, 1488, 1473, 1502, 1501, 1425, 1414, 1489, 1450, 1483, 1394, 1356, 1369, 1362, 1376, 1407, 1448, 1342, 1509, 1513, 1429, 1424, 1481, 1518, 1412, 1506, 1497, 1523, 1349, 1456, 1513, 1500, 1344, 1660, 1346, 1366, 1506, 1497, 1403, 1472, 1518, 1501, 1406, 1518, 1408, 1468, 1486, 1454, 1428, 1494, 1496, 1419, 1413, 1513, 1511, 1417, 1478, 1457, 1455, 1346, 1458, 1428, 1415, 1526, 1360, 1503, 1342, 1457, 1414, 1424, 1390, 1469, 1485, 1499, 1452, 1470, 1479, 1501, 1460, 1451, 1515, 1328, 1459, 1422, 1443, 1378, 1405, 1402, 524, 912, 1421, 1406, 1519, 1386, 1489, 1519, 1461, 1434, 1528, 1498, 1466, 1454, 1356, 1418, 1414, 1504, 1445, 1510, 1350, 1363], "forwarding_mean": 1403.8879999999999,