{"A": {"coding_mean": 2064.9659999999999, "decoding_sd": 126.66388366065523, "forwarding_sd": 76.089191742323038, "coding": [2223, 2088, 2068, 2114, 2109, 2085, 2142, 2224, 1834, 2141, 1981, 2071, 2075, 1982, 2094, 1976, 1740, 2044, 2136, 1950, 2092, 2262, 2147, 2007, 2293, 2061, 2084, 2092, 1930, 2074, 1975, 2075, 2194, 2158, 2090, 2078, 2047, 2125, 2091, 2086, 1927, 1816, 1728, 2073, 1935, 1739, 1717, 2087, 2063, 2075, 1919, 2046, 1945, 2146, 1932, 2137, 1955, 2088, 1930, 2088, 1928, 2091, 1929, 2078, 2074, 2024, 2058, 2051, 2034, 2035, 2125, 2114, 2100, 2028, 2047, 2039, 2095, 2089, 2180, 1930, 2081, 1934, 2069, 2108, 2074, 2109, 2210, 2072, 2265, 2076, 2055, 2088, 2074, 2074, 2097, 2109, 2069, 2111, 2114, 2080, 2077, 2168, 2075, 2064, 2104, 2085, 2095, 2084, 2077, 2089, 2062, 2081, 2090, 2077, 2001, 2098, 2094, 2087, 2153, 2222, 2075, 2132, 2102, 2044, 1939, 2038, 2069, 2065, 2031, 1971, 2040, 1956, 2125, 1983, 2025, 1953, 2041, 2118, 2016, 2032, 2109, 2038, 2044, 1964, 2022, 2031, 1941, 1963, 2074, 2008, 2032, 2093, 2083, 1997, 2088, 2085, 1957, 2031, 2069, 2078, 2019, 2070, 2033, 2069, 2075, 1917, 2061, 2095, 2098, 2109, 2084, 1923, 2096, 2088, 2064, 2073, 2071, 2102, 2129, 2083, 2103, 2093, 2068, 2091, 2100, 2086, 2084, 2035, 2066, 2094, 2086, 2073, 2103, 2080, 2081, 2064, 2117, 2094, 2078, 2026, 2153, 2057, 2077, 2071, 2095, 2084, 2092, 2091, 2108, 2065, 2081, 2077, 2080, 2076, 2091, 2089, 2080, 2086, 2090, 2067, 2036, 2118, 2080, 2066, 2087, 2058, 2066, 2084, 2068, 1948, 2084, 2110, 2072, 2100, 2082, 2110, 2096, 2109, 2064, 2098, 2071, 2045, 2089, 2078, 2064, 2107, 2094, 2092, 2104, 2066, 2092, 2078, 2107, 2089, 2108, 2092, 2071, 2038, 2074, 2085, 2102, 2068, 2095, 2077, 2070, 2089, 2096, 2222, 2072, 2112, 2070, 2081, 2046, 2053, 2067, 1995, 2066, 2089, 2080, 2116, 2089, 2092, 2087, 2052, 2101, 2099, 2116, 2112, 2098, 2064, 2081, 2107, 2028, 1960, 2078, 2199, 2077, 2084, 2010, 2109, 2058, 2070, 2066, 2076, 2074, 1955, 2069, 2069, 2101, 2068, 2081, 2080, 2071, 2101, 2106, 2102, 2086, 2075, 2086, 2152, 2071, 2140, 2120, 2087, 2063, 2093, 2098, 2133, 2114, 2090, 2116, 2087, 2084, 2075, 2080, 2099, 2098, 2074, 2062, 2131, 2071, 2087, 2096, 2093, 2105, 2084, 2092, 2100, 2073, 2064, 2074, 2103, 2079, 2068, 2082, 2086, 2087, 2069, 2080, 2076, 2055, 2072, 2076, 2086, 2119, 2083, 2081, 2090, 2143, 2106, 2074, 2074, 2106, 2071, 2086, 2075, 2131, 2072, 2092, 2148, 2062, 2100, 2088, 2060, 2081, 1924, 2091, 2083, 2021, 2119, 2015, 2007, 2081, 2074, 2020, 2074, 2098, 2079, 2080, 2076, 2069, 2082, 2090, 2070, 2101, 2073, 2103, 2073, 2091, 2081, 2070, 2111, 2081, 2118, 2085, 2075, 2097, 2103, 2096, 2118, 2081, 2092, 2080, 2090, 2079, 2091, 2089, 2085, 2084, 2090, 2109, 2090, 2084, 2098, 2063, 2102, 2088, 2092, 2120, 2069, 2090, 2091, 2072, 2072, 2077, 2072, 535, 1023, 2083, 2087, 2102, 2098, 2104, 2079, 2082, 2087, 1973, 2081, 2095, 2028, 2085, 2114, 2040, 2100, 2142, 2114, 2037, 2063, 2055, 2110, 2090, 2116, 2080, 1964, 1996, 2080, 2149, 2084, 734, 1986, 2100, 2074, 2093, 2067, 2104, 2087, 2080, 2120, 2099, 2072, 2121, 2086, 2111, 2101, 2096, 2095, 2109, 2110, 2114, 2081], "decoding": [1304, 1254, 1270, 1208, 1168, 1205, 1209, 1214, 1053, 1179, 1143, 1182, 1172, 1134, 1186, 1188, 1011, 1223, 1203, 1149, 1224, 1293, 1210, 1180, 1229, 1237, 1223, 1202, 1176, 1183, 1185, 1209, 1146, 1204, 1200, 1235, 1125, 1236, 1199, 1219, 1178, 1040, 1038, 1219, 1181, 1040, 1062, 1255, 1208, 1210, 1132, 1214, 1135, 1235, 1184, 1182, 1121, 1221, 1196, 1206, 1117, 1226, 1196, 1210, 1143, 1166, 1183, 1219, 1214, 1208, 1281, 1225, 1208, 1238, 1214, 1122, 1267, 1235, 1233, 1127, 1209, 1121, 1220, 1244, 1132, 1229, 1230, 1209, 1196, 1218, 1204, 1180, 1217, 1183, 1223, 1208, 1237, 1261, 1209, 1221, 1211, 1203, 1200, 1174, 1214, 1214, 1200, 1222, 1195, 1199, 1178, 1145, 1310, 1207, 1248, 1042, 1164, 1228, 1129, 1221, 1253, 1226, 1224, 1217, 1118, 1206, 1208, 1225, 1210, 1179, 1241, 1207, 1283, 1138, 1217, 1131, 1208, 1200, 1148, 1193, 1195, 1211, 1212, 1189, 1214, 1197, 1119, 1174, 1232, 1194, 1155, 1203, 1203, 1135, 1140, 1211, 1139, 1183, 1215, 1224, 1197, 3238, 1484, 1128, 1229, 1182, 1222, 1233, 1217, 1351, 1140, 1204, 1205, 1227, 1185, 1207, 1220, 1222, 1220, 1219, 1212, 1201, 1211, 1237, 1125, 1214, 1205, 1230, 1202, 1201, 1239, 1215, 1203, 1225, 1237, 1394, 1200, 1207, 1210, 1178, 1207, 1209, 1269, 1205, 1218, 1215, 1240, 1226, 1184, 1212, 1224, 1238, 1243, 1128, 1219, 1192, 1252, 1215, 1181, 1115, 1608, 1206, 1181, 1195, 1212, 1223, 1181, 1250, 1248, 1182, 1252, 1215, 1225, 1186, 1126, 1105, 1219, 1263, 1206, 1207, 1203, 1510, 1222, 1197, 1218, 1113, 1220, 1209, 1226, 1229, 1198, 1229, 1215, 1238, 1216, 1220, 1222, 1181, 1211, 1245, 1208, 1177, 1198, 1220, 1193, 1216, 1246, 1115, 1215, 1222, 1216, 1211, 1263, 1197, 1199, 1177, 1184, 1206, 1170, 1215, 1231, 1191, 1216, 1201, 1211, 1167, 1209, 1110, 1209, 1122, 1213, 1205, 1182, 1189, 1332, 1179, 1192, 1172, 1180, 1189, 1225, 1223, 1204, 1150, 1211, 1195, 1148, 1246, 1220, 1126, 1218, 1208, 1214, 1166, 1207, 1221, 1208, 1208, 1206, 1250, 1228, 1182, 1106, 1127, 1208, 1217, 1217, 1151, 1223, 1208, 1224, 1214, 1202, 1209, 1185, 1180, 1241, 1212, 1211, 1207, 1226, 1336, 1251, 1186, 1218, 1175, 1256, 1131, 1175, 1222, 1184, 1233, 1237, 1253, 1197, 1233, 1275, 1239, 1209, 1223, 1341, 1212, 1171, 1160, 1184, 1225, 1326, 1926, 1222, 1233, 1225, 1202, 1181, 1220, 1228, 1245, 1226, 1297, 1268, 1204, 1366, 1229, 1218, 1208, 1180, 1156, 1170, 1315, 1190, 1214, 1133, 1161, 1184, 1256, 1189, 1287, 1380, 1245, 1218, 1198, 1218, 1201, 1231, 1284, 1202, 1216, 1225, 1180, 1174, 1174, 1217, 1206, 1243, 1189, 1268, 1239, 1247, 1276, 1214, 1215, 1215, 1212, 1661, 1236, 1214, 1231, 1235, 1234, 1225, 1325, 1371, 1227, 1195, 1233, 1147, 1235, 1214, 1220, 1107, 1210, 1213, 1238, 1215, 1217, 1235, 1215, 410, 435, 1201, 1217, 1198, 1169, 1209, 1234, 1267, 1213, 1183, 1221, 1171, 1142, 1234, 1241, 1125, 1225, 1185, 1231, 1193, 1221, 1138, 1206, 1228, 1209, 1224, 1173, 1192, 1218, 1162, 1134, 449, 1194, 1215, 1207, 1247, 1210, 1420, 1238, 1232, 1225, 1208, 1217, 1218, 1202, 1235, 1238, 1239, 1250, 1217, 1203, 1243, 1220], "forwarding_mean": 1161.0699999999999,