{"A": {"coding_mean": 1855.8219999999999, "decoding_sd": 108.59591614789204, "forwarding_sd": 93.318556589780158, "coding": [2064, 1833, 1648, 1615, 1775, 1986, 1873, 1879, 1904, 1955, 1947, 1947, 1940, 1938, 1939, 1997, 1973, 1946, 2061, 1985, 2043, 1978, 1998, 1939, 2028, 1921, 1891, 1907, 1830, 1892, 1976, 2007, 2106, 1936, 1975, 1979, 1992, 1939, 1950, 1940, 1947, 1891, 1889, 1936, 1949, 1933, 2015, 2010, 997, 1998, 1850, 1987, 1995, 1850, 2009, 1983, 1929, 1979, 1867, 1970, 1981, 1949, 1927, 1774, 2045, 2005, 1979, 1994, 1983, 1979, 1840, 2000, 1989, 1947, 2001, 1980, 1828, 1977, 1993, 1827, 1999, 2000, 1977, 1962, 1996, 1994, 1992, 1999, 2004, 2018, 1987, 1985, 1984, 1981, 1926, 1992, 2010, 1995, 1992, 1961, 2039, 2046, 2248, 1947, 2066, 2084, 1867, 2027, 1942, 1977, 1937, 2009, 1990, 1999, 1950, 1871, 1873, 1818, 1860, 1860, 1994, 1897, 1910, 2082, 1857, 1891, 1850, 543, 2004, 1900, 1948, 2024, 1928, 1869, 1931, 1877, 1875, 1905, 1937, 1826, 1869, 1889, 1869, 1855, 1856, 1791, 1859, 1875, 1859, 2097, 1842, 1863, 2210, 2038, 1978, 1813, 1654, 1812, 1665, 1775, 1709, 1628, 1636, 1656, 1769, 1686, 1710, 1615, 1619, 1593, 1863, 1906, 1702, 1725, 1620, 1703, 1663, 1754, 1935, 1836, 1892, 1859, 1844, 2092, 1932, 1859, 1850, 1727, 1647, 1716, 1849, 1841, 1858, 1789, 2022, 1995, 1962, 2008, 2050, 1985, 1982, 1990, 2008, 2014, 1830, 1991, 2037, 1951, 2025, 1976, 1994, 2014, 2004, 1938, 1975, 1937, 1875, 1999, 2005, 1897, 2015, 2013, 1928, 2003, 1995, 1999, 1949, 2000, 1974, 1915, 1950, 2043, 1931, 1854, 1950, 1904, 1617, 1655, 1945, 1833, 1705, 1994, 1892, 1825, 1701, 1941, 1661, 1676, 1657, 1679, 1841, 1679, 1775, 1795, 1925, 1687, 1689, 1697, 1916, 1888, 1793, 1746, 1625, 1688, 1651, 1698, 1649, 1843, 1889, 1733, 1755, 1759, 1694, 1735, 1815, 1802, 1630, 1635, 1631, 1813, 1705, 1680, 1708, 1675, 1680, 1717, 1768, 1717, 1738, 1669, 1764, 1743, 1894, 1764, 1794, 1634, 1650, 1658, 1678, 1716, 1796, 1705, 1693, 1748, 1696, 1799, 1999, 1879, 1829, 1770, 1679, 1831, 1767, 1699, 1860, 1759, 1893, 2093, 1884, 1880, 1718, 1668, 1871, 1742, 1702, 1719, 1699, 1650, 1703, 1636, 1795, 1685, 1686, 1697, 1666, 2019, 1956, 1894, 1913, 1903, 1691, 1643, 1680, 1741, 1648, 1654, 1664, 1663, 1698, 2001, 1811, 1709, 1897, 1650, 1618, 1671, 1731, 1669, 1635, 1757, 1732, 1651, 1834, 2239, 1697, 1676, 1797, 1741, 1705, 1901, 1706, 1679, 1719, 1741, 1761, 1695, 1964, 1821, 1754, 1696, 1706, 1890, 1688, 1722, 1746, 1735, 1700, 1785, 1978, 1881, 1765, 1700, 1733, 1700, 1670, 1685, 1679, 1685, 1906, 1676, 1684, 2022, 1873, 1855, 1691, 1824, 1841, 1738, 1763, 1831, 1726, 1731, 1775, 1735, 1655, 1739, 1634, 1618, 1848, 2215, 1616, 1811, 1848, 1973, 1676, 1782, 1924, 1965, 1814, 1826, 1844, 2141, 1704, 1680, 2271, 1795, 1949, 1702, 1699, 1811, 1880, 2012, 2073, 1857, 1917, 2043, 1893, 2000, 2000, 1150, 1796, 2018, 1810, 1784, 1978, 1952, 1912, 1976, 2029, 1908, 1997, 1939, 1964, 1954, 2004, 1903, 2003, 1962, 1860, 1888, 2003, 2005, 2032, 2005, 1996, 2028, 2003, 1980, 732, 2020, 1960, 1958, 2022, 1933, 1968, 2116, 2009, 1985, 2001, 1992, 2017, 1987, 2012, 2016, 1980, 2021, 2008, 2097, 2066, 1843], "decoding": [1298, 361, 1018, 1012, 1030, 1183, 1164, 1163, 1157, 1193, 1198, 1184, 1201, 1199, 1193, 1113, 1172, 1162, 1208, 1166, 1148, 1104, 1101, 1122, 1154, 1167, 1197, 1178, 1090, 1163, 1217, 1186, 1194, 1094, 1189, 1133, 1196, 1175, 1166, 1211, 1165, 1102, 1156, 1159, 1199, 1248, 1162, 1090, 1172, 1159, 1158, 1108, 1172, 1160, 1159, 1207, 1153, 1215, 1174, 1223, 1204, 1176, 1153, 1107, 978, 1114, 1190, 1155, 1164, 1206, 1168, 1166, 1163, 1160, 1118, 1154, 1159, 1227, 1162, 1167, 1166, 1284, 1186, 1115, 1283, 1209, 1195, 1099, 1198, 1160, 1095, 1200, 1238, 1153, 1164, 1204, 1096, 1251, 1175, 1182, 1225, 1194, 1159, 1178, 1188, 1215, 1176, 1120, 1184, 1213, 1121, 1169, 1204, 1304, 1127, 1104, 1203, 1093, 1121, 1104, 1213, 1024, 1091, 1222, 1129, 1116, 1109, 1223, 1101, 1101, 1116, 1209, 1118, 1116, 1116, 1105, 1118, 1127, 1113, 1098, 1117, 1136, 1102, 1102, 1111, 1112, 1109, 1194, 1119, 1157, 1097, 1114, 1119, 1225, 1127, 1030, 936, 1038, 941, 1109, 1050, 1035, 1035, 1041, 962, 951, 1063, 1031, 1031, 1035, 1076, 1170, 1031, 1037, 1040, 1028, 1038, 1053, 1044, 1173, 1171, 1192, 1189, 1113, 1158, 1161, 1165, 1035, 1687, 1047, 1129, 1167, 1040, 1027, 962, 1195, 1206, 1106, 1111, 1209, 1209, 1227, 1261, 1214, 1190, 1199, 1227, 1165, 1278, 1127, 1169, 1171, 1220, 1106, 1243, 1162, 1234, 1208, 1185, 1124, 1121, 1222, 1092, 1099, 1105, 1175, 1089, 1164, 1207, 1170, 1171, 1107, 1125, 1107, 1146, 1122, 979, 977, 1143, 1038, 971, 1199, 1179, 1169, 1024, 1022, 1037, 978, 945, 969, 1006, 974, 1042, 990, 1130, 1023, 1014, 1037, 1162, 1142, 1048, 1038, 998, 986, 947, 954, 961, 1039, 1079, 1042, 967, 1034, 1034, 1050, 1165, 1043, 1032, 1031, 1025, 1039, 1023, 1032, 953, 964, 968, 957, 1049, 968, 1020, 1026, 1128, 963, 994, 1032, 976, 1025, 979, 968, 967, 968, 1026, 1029, 1022, 1030, 1024, 1023, 1206, 1177, 1042, 1024, 973, 1054, 965, 980, 1123, 1026, 1169, 1024, 1186, 1206, 972, 963, 1160, 1035, 1039, 1021, 1023, 1026, 1025, 963, 1035, 1029, 1032, 1025, 988, 1199, 1116, 1046, 1122, 1029, 1038, 969, 1021, 1048, 1027, 1017, 1023, 985, 955, 947, 1116, 1027, 1190, 980, 985, 1029, 1023, 959, 1022, 1042, 1019, 1017, 1014, 954, 956, 985, 977, 1025, 1028, 1000, 1055, 1014, 1028, 1026, 1051, 1036, 1166, 1169, 1035, 1046, 1028, 1039, 1030, 1012, 1019, 1025, 1028, 1032, 352, 1182, 1046, 1082, 1033, 1037, 1043, 985, 986, 1045, 1173, 1029, 1034, 1211, 1196, 1122, 1034, 1030, 1039, 1033, 1032, 1034, 1034, 1035, 1082, 1023, 1031, 1033, 1045, 1043, 1244, 1036, 980, 1119, 1173, 1187, 1033, 983, 1126, 1211, 1179, 1097, 1167, 996, 1066, 1035, 998, 1120, 1042, 1061, 1029, 1044, 1188, 1158, 1128, 1165, 1303, 1185, 1173, 1253, 1207, 1207, 1190, 1216, 1178, 1178, 1048, 1176, 1183, 1183, 1180, 1180, 1199, 1162, 1120, 1123, 1120, 1116, 1141, 1120, 1163, 1247, 1208, 1320, 1315, 1195, 1231, 1208, 1200, 1207, 398, 1183, 1173, 1167, 1197, 1183, 1176, 1184, 1196, 1106, 1174, 1156, 1697, 1276, 1184, 1176, 1251, 1181, 1271, 1180, 1175, 1187], "forwarding_mean": 1094.614,