{"A": {"coding_mean": 2034.8979999999999, "decoding_sd": 63.504510831908632, "forwarding_sd": 99.621594667019849, "coding": [2275, 1914, 2028, 2011, 2016, 2030, 2000, 2041, 2008, 2013, 2015, 2012, 2034, 2015, 2034, 2052, 2025, 2037, 2063, 2058, 2057, 2027, 2051, 2036, 2031, 1989, 2034, 2007, 2020, 2036, 2015, 2004, 2051, 2032, 2082, 2002, 2030, 2011, 2064, 2009, 2042, 2029, 2010, 2004, 2029, 2042, 1340, 2044, 2033, 2034, 2047, 2053, 2003, 2013, 1981, 2015, 2026, 2002, 1976, 2011, 2044, 2065, 2077, 2083, 2052, 2045, 2017, 2007, 2035, 2035, 2027, 2033, 2018, 2020, 2008, 2050, 2007, 2015, 2036, 2041, 2028, 2018, 2019, 2039, 2019, 2045, 2015, 2035, 2020, 2047, 2033, 2047, 2018, 2024, 2052, 2035, 2040, 2017, 2039, 2041, 2043, 2020, 2025, 2014, 2018, 2039, 2085, 1970, 2021, 2221, 2038, 2016, 2006, 2027, 1991, 2026, 2039, 2028, 2042, 2036, 2041, 2098, 2056, 2058, 1960, 2033, 2073, 2052, 2034, 2007, 2005, 2010, 2018, 2032, 2034, 2021, 2017, 2008, 2031, 2030, 2011, 2001, 2115, 2012, 2026, 2038, 2016, 2027, 2084, 2018, 2087, 2100, 2025, 2080, 2098, 2079, 2109, 2082, 2064, 2072, 2017, 2048, 2030, 2032, 2116, 2015, 2037, 2106, 2094, 2100, 2105, 2019, 2024, 2087, 1998, 2034, 2054, 2101, 2030, 2022, 2030, 2036, 2034, 2071, 2128, 2070, 2024, 2092, 2132, 2098, 2013, 2107, 2044, 2031, 2027, 2118, 2030, 2129, 2037, 2040, 2135, 1992, 2165, 2045, 2038, 2022, 2061, 2000, 2029, 2064, 2014, 2035, 2037, 2032, 2037, 2046, 2057, 2039, 2024, 2024, 2043, 2025, 2034, 2054, 2021, 2050, 2063, 2047, 2011, 2050, 2023, 2056, 2040, 2051, 2024, 2020, 2010, 2034, 1826, 2015, 2020, 2013, 2012, 2052, 2013, 2070, 2052, 1863, 2037, 2038, 2015, 2027, 2127, 2028, 2094, 2023, 2046, 2038, 2031, 2050, 2033, 2025, 2020, 2077, 2025, 2589, 2073, 2061, 2050, 2036, 2165, 2022, 2027, 2019, 2076, 2131, 2083, 2028, 2040, 2086, 2025, 2014, 2029, 2090, 2077, 2043, 2015, 2094, 2032, 2067, 2023, 2030, 2047, 2163, 2019, 2065, 1990, 2021, 2042, 2104, 2082, 2032, 2077, 2021, 2079, 2101, 1986, 1815, 2006, 2050, 2049, 2084, 2046, 2028, 2044, 2018, 2065, 2027, 2034, 2012, 1978, 2040, 2209, 2021, 2015, 2043, 2029, 2038, 1959, 1971, 2026, 2026, 2019, 2010, 2017, 2018, 2024, 2040, 2086, 2109, 2040, 2052, 2029, 2028, 2030, 2076, 2113, 2076, 2022, 2094, 2016, 2054, 1995, 2046, 2000, 2035, 2045, 2036, 2020, 2063, 2052, 2032, 2032, 2017, 2029, 2172, 2030, 2022, 2056, 2027, 2028, 2036, 2023, 2043, 2033, 2016, 2048, 2043, 2043, 2080, 2020, 2021, 2005, 2041, 2018, 2030, 2014, 2029, 2021, 2029, 1967, 2022, 2011, 2030, 2043, 2057, 2035, 2046, 2042, 2070, 2030, 2057, 2016, 2024, 2058, 2038, 2038, 2042, 2030, 2014, 2033, 2038, 1987, 2053, 2026, 2026, 2049, 2023, 2021, 2047, 2049, 2009, 2030, 2018, 2039, 2025, 2038, 2011, 2026, 2138, 2032, 2045, 1866, 2025, 2006, 2029, 2037, 2023, 2021, 2023, 2051, 2024, 2029, 2018, 2029, 2054, 2012, 2029, 2091, 2041, 2001, 2063, 2032, 2036, 2040, 2048, 2039, 2035, 2039, 2069, 2038, 2048, 2021, 2006, 2023, 2016, 2043, 2073, 2022, 2041, 2022, 2011, 2025, 2013, 2077, 2048, 2046, 2032, 718, 2013, 2025, 2073, 2013, 2034, 2049, 1994, 2023, 2064, 2037, 2042, 2034, 2046, 2049, 2013, 2026, 2051, 2048, 2023, 2022, 2036], "decoding": [1289, 1172, 1209, 1184, 1315, 1217, 1210, 1213, 1224, 1207, 1230, 1230, 1259, 1192, 1755, 1265, 1164, 1220, 1201, 1235, 1176, 1173, 1133, 1222, 1210, 1211, 1274, 1225, 1263, 1251, 1223, 1261, 1217, 1214, 1228, 1220, 1227, 1236, 1292, 1206, 1213, 1219, 1208, 1169, 1179, 1265, 797, 1212, 1223, 1129, 1143, 1217, 1210, 1201, 1222, 1227, 1216, 1216, 1222, 1210, 1204, 1214, 1212, 1194, 1232, 1212, 1217, 1208, 1221, 1222, 1220, 1239, 1233, 1232, 1226, 1236, 1215, 1219, 1237, 1225, 1231, 1227, 1282, 1230, 1224, 1238, 1212, 1212, 1220, 1241, 1225, 1206, 1217, 1411, 1214, 1212, 1239, 1256, 1205, 1217, 1200, 1214, 1220, 1219, 1245, 1211, 1217, 1206, 1229, 1221, 1230, 1186, 1220, 1204, 1217, 1411, 1212, 1208, 1339, 1218, 1230, 1226, 1202, 1208, 1237, 1176, 1218, 1210, 1237, 1222, 1209, 1231, 1252, 1228, 1243, 1209, 1208, 1204, 1225, 1236, 1216, 1223, 1219, 1214, 1222, 1230, 1236, 1223, 1240, 1224, 1235, 1225, 1227, 1218, 1227, 1229, 1213, 1218, 1206, 1230, 1232, 1232, 1215, 1174, 1211, 1210, 1206, 1232, 1208, 1229, 1213, 1263, 1226, 1211, 1216, 1224, 1228, 1232, 1212, 1209, 1210, 1202, 1214, 1275, 1222, 1245, 1223, 1216, 1213, 1229, 1268, 1249, 1218, 1234, 1227, 1233, 1231, 1222, 1230, 1242, 1224, 1222, 1836, 1236, 1240, 1210, 1255, 1233, 1225, 1240, 1219, 1292, 1224, 1213, 1220, 1291, 1226, 1241, 1238, 1238, 1225, 1241, 1222, 1219, 1220, 1254, 1252, 1225, 1237, 1218, 1241, 1249, 1233, 1219, 1244, 1210, 1213, 1262, 1237, 1218, 1221, 1226, 1243, 1214, 1222, 1224, 1245, 1191, 1235, 1201, 1259, 1230, 1223, 1238, 1239, 1219, 1212, 1220, 1232, 1223, 1212, 1236, 1211, 1221, 1210, 1205, 1242, 1264, 1218, 1214, 1223, 1217, 1269, 1210, 1233, 1224, 1208, 1262, 1212, 1212, 1173, 1217, 1257, 1245, 1330, 1232, 1223, 1234, 1284, 1220, 1228, 1230, 1349, 1233, 1231, 1232, 1241, 1226, 1287, 1218, 1225, 1232, 1224, 1263, 1219, 1228, 1289, 1176, 1279, 1206, 1196, 1216, 1217, 1252, 1213, 1213, 1218, 1211, 1212, 1190, 1187, 1217, 1211, 1239, 1223, 1218, 1210, 1283, 1233, 1220, 1313, 1221, 1208, 1212, 1224, 1220, 1221, 1218, 1218, 1302, 1287, 1337, 1274, 1220, 1224, 1267, 1211, 1358, 1208, 1219, 1365, 1209, 1237, 1264, 1178, 1161, 1217, 1216, 1214, 1219, 1224, 1244, 1217, 1233, 1214, 1231, 1383, 1224, 1224, 1234, 1225, 1223, 1235, 1237, 1231, 1250, 1297, 1277, 1268, 1223, 1247, 1233, 1231, 1231, 1218, 1219, 1204, 1226, 1216, 1222, 1254, 1224, 1248, 1212, 1226, 1245, 1226, 1218, 1220, 1242, 1240, 1223, 1208, 1226, 1216, 1235, 1221, 1209, 1215, 1221, 1213, 1229, 1248, 1227, 1219, 1248, 1216, 1369, 1217, 1228, 1252, 1262, 1229, 1234, 1242, 1220, 1223, 1245, 1235, 1222, 1244, 1247, 950, 1235, 1221, 1245, 1246, 1237, 1219, 1224, 1244, 1244, 1229, 1221, 1222, 1214, 1213, 1260, 1229, 1226, 1268, 1222, 1243, 1256, 1214, 1209, 1219, 1225, 1233, 1222, 1220, 1217, 1187, 1240, 1232, 1251, 1271, 1241, 1216, 1219, 1223, 1237, 1247, 1220, 1217, 1229, 1215, 1231, 412, 1231, 1237, 1237, 1257, 1222, 1274, 1223, 1238, 1243, 1220, 1227, 1218, 1227, 1223, 1231, 1227, 1267, 1232, 1213, 1225, 1227], "forwarding_mean": 1201.626,