{"A": {"coding_mean": 1952.3599999999999, "decoding_sd": 113.58460337563362, "forwarding_sd": 127.67686186619719, "coding": [2056, 1739, 1705, 2010, 2000, 1775, 2009, 2002, 2018, 2028, 2001, 2005, 2105, 2012, 2004, 1999, 1989, 2007, 1993, 1936, 2083, 1959, 1925, 2001, 1860, 1954, 1978, 2029, 1950, 1963, 1978, 2043, 1958, 1973, 1950, 1957, 1961, 1960, 1961, 1978, 1999, 2004, 2008, 2002, 2099, 2050, 2011, 1990, 2008, 2003, 2019, 2001, 2013, 2011, 1995, 1999, 2020, 2027, 2036, 1801, 1962, 1934, 1976, 1962, 1949, 1881, 1951, 1957, 1968, 1951, 1954, 1962, 1957, 1971, 1957, 1973, 1960, 2002, 1932, 1975, 1991, 1998, 2022, 2002, 1967, 2005, 2011, 1945, 1806, 2057, 1930, 1981, 1990, 2017, 1988, 1982, 1989, 2005, 2013, 1995, 1933, 2012, 2065, 2027, 2025, 1962, 1971, 1951, 2010, 2022, 2031, 2007, 2068, 1989, 2026, 1968, 2005, 2096, 1936, 1945, 1959, 2013, 2255, 1716, 1885, 1651, 1993, 2044, 1816, 1996, 1973, 1697, 2026, 1851, 2025, 2011, 2012, 1842, 2036, 2013, 1997, 1865, 1999, 1985, 1969, 2005, 2017, 1935, 2028, 1990, 2015, 638, 2012, 2017, 1961, 2016, 2006, 2024, 1983, 2021, 2022, 2000, 1944, 2002, 2014, 2021, 2038, 2013, 2079, 1984, 1945, 2003, 1940, 2000, 1955, 1994, 1991, 1988, 1996, 1997, 1842, 2014, 1797, 1769, 1780, 1797, 1793, 1980, 2003, 1990, 1999, 2001, 2000, 1946, 1990, 1999, 1811, 1812, 2003, 1999, 1995, 2009, 2011, 2003, 2056, 2097, 2002, 1951, 2044, 1997, 1984, 2001, 1822, 2024, 2008, 2021, 1840, 2004, 2033, 2001, 1832, 1832, 1850, 2049, 2047, 1997, 2032, 1996, 2018, 1997, 2020, 2020, 1981, 2011, 2051, 1997, 1994, 2037, 1992, 1997, 2054, 2010, 2030, 2051, 1969, 2049, 1997, 1990, 2023, 1945, 1943, 2043, 2036, 1983, 2024, 1856, 1642, 2067, 1865, 1638, 2052, 1850, 1810, 1708, 1862, 1647, 1766, 1808, 1788, 2094, 1846, 1839, 1701, 1881, 1725, 1879, 2355, 2004, 1878, 2074, 1858, 1844, 2040, 1943, 1874, 1909, 1909, 2024, 2001, 1927, 1932, 1848, 2045, 1922, 1943, 1809, 1802, 1987, 1864, 1851, 2112, 1862, 1906, 1897, 1857, 1854, 1889, 1965, 1923, 1850, 2017, 2013, 2032, 2102, 1938, 1925, 1997, 1854, 2056, 2016, 1839, 2020, 2039, 1998, 2024, 1989, 1999, 2012, 2020, 1800, 1985, 2011, 1973, 1998, 1992, 2005, 1794, 2009, 2019, 1782, 2051, 1991, 2038, 2065, 1985, 1570, 2003, 1938, 1976, 2194, 2011, 2018, 2036, 2002, 2019, 2014, 1954, 2051, 2017, 2074, 2078, 1986, 1997, 1884, 2004, 1947, 1930, 3357, 537, 883, 1999, 2016, 1986, 1980, 1966, 1996, 1995, 2003, 1954, 1794, 1947, 1959, 1985, 1957, 1791, 1989, 2020, 1990, 1981, 1947, 2007, 1963, 2131, 2117, 2032, 1969, 2006, 2000, 2044, 2007, 1978, 1965, 1929, 1714, 1812, 1681, 1753, 1799, 1740, 1801, 1814, 2000, 1984, 1853, 712, 611, 1973, 1832, 1809, 2017, 2008, 2003, 2156, 2809, 1973, 2064, 1885, 2166, 2024, 2030, 2038, 2018, 1973, 2018, 1994, 1980, 1927, 2012, 2049, 2017, 2011, 2010, 1982, 2009, 2034, 2704, 1983, 1353, 2013, 1093, 2019, 2066, 2176, 2014, 2057, 2069, 2016, 2270, 1930, 1930, 1917, 2111, 1803, 1333, 2059, 2077, 2130, 1967, 1699, 1951, 1936, 1911, 1913, 1932, 1358, 2935, 2047, 2052, 740, 2173, 2032, 1961, 542, 1305, 1961, 1898, 2051, 1992, 1976, 2049, 2060, 2103, 2030, 1985, 1952, 2000, 2020, 2026, 1970, 1947], "decoding": [978, 1030, 1091, 1109, 1202, 1182, 1163, 1128, 1158, 1175, 1226, 1230, 1178, 1202, 1171, 1176, 1163, 1254, 1182, 1163, 1128, 1233, 1170, 1123, 1102, 1127, 1125, 1174, 1139, 1123, 1121, 1326, 1169, 1189, 1179, 1171, 1282, 1275, 1218, 1225, 1190, 1165, 1337, 1166, 1204, 852, 1084, 1152, 1208, 1104, 1218, 1195, 1211, 1194, 1305, 1269, 1103, 1101, 1104, 1206, 1105, 1201, 1182, 1197, 1214, 1179, 1165, 1168, 1172, 1169, 1213, 1237, 1158, 1099, 1201, 1103, 1212, 1191, 1177, 1097, 1158, 1200, 1161, 1230, 1168, 1263, 1170, 1169, 1172, 1177, 1178, 1222, 1214, 1208, 1186, 1212, 1202, 1107, 1118, 1200, 1242, 1201, 1236, 1244, 1203, 1205, 1184, 1194, 1236, 1195, 1104, 1104, 1260, 1208, 1118, 1120, 1142, 1103, 1129, 1119, 1159, 1121, 1112, 992, 1317, 1056, 1213, 1176, 1129, 1229, 1165, 1037, 1273, 1122, 1211, 1221, 1209, 1171, 1209, 1189, 1183, 1223, 1253, 1128, 1237, 1271, 1160, 1182, 1222, 1170, 1152, 380, 1203, 1192, 1195, 1161, 1209, 1198, 1302, 1162, 1217, 1168, 1257, 1217, 1192, 1158, 1228, 1195, 1194, 1198, 1178, 1163, 1244, 1207, 1234, 1257, 1209, 1162, 1196, 1201, 1174, 1158, 1175, 1182, 1233, 1172, 1122, 1128, 1200, 1178, 1202, 1241, 1199, 1182, 1261, 1215, 1142, 1246, 1224, 1204, 1191, 1207, 1237, 1215, 1139, 1178, 1273, 1179, 1206, 1262, 1235, 1204, 1178, 1184, 1208, 1304, 1126, 1217, 1172, 1180, 1188, 1177, 1160, 1227, 1098, 1269, 1204, 1228, 1173, 1192, 1157, 1192, 1200, 1131, 1185, 1194, 1192, 1257, 1290, 1235, 1160, 1163, 1192, 1221, 1196, 1132, 1164, 1186, 1190, 1097, 1100, 1096, 1132, 1203, 1195, 1161, 1030, 1202, 1145, 1040, 1032, 1174, 972, 948, 1182, 1025, 1047, 1119, 1081, 1054, 1107, 947, 950, 1206, 961, 1101, 1111, 1184, 1119, 1126, 1108, 1110, 1193, 1182, 1124, 1185, 1167, 1172, 1180, 1170, 1167, 1168, 1173, 1146, 1164, 1142, 1160, 1186, 1180, 1167, 1165, 1184, 1171, 1171, 1173, 1113, 1114, 1120, 1095, 1211, 1184, 1186, 1189, 1172, 1115, 1175, 1180, 1179, 1176, 1194, 1184, 1205, 1190, 1174, 1426, 1203, 1194, 1136, 1210, 1181, 1140, 1181, 1169, 1105, 1257, 1207, 1193, 1209, 1207, 1168, 1174, 1106, 1159, 1161, 1351, 841, 1142, 1137, 1214, 1350, 1259, 1224, 1171, 1216, 1164, 1154, 1210, 1166, 1183, 1147, 1043, 1229, 1228, 1206, 1204, 1204, 1166, 1227, 441, 426, 1203, 1202, 1181, 1210, 1213, 1275, 1235, 1202, 1145, 1051, 1340, 1190, 1205, 1175, 1034, 1200, 1252, 1372, 1198, 1192, 1301, 1195, 1330, 1204, 1220, 1266, 1164, 1182, 1367, 1195, 1176, 1187, 1141, 1061, 1002, 962, 1098, 1037, 1039, 1057, 1049, 1183, 1197, 1137, 630, 472, 1168, 1064, 1064, 1225, 1231, 1204, 1128, 1205, 1166, 1195, 1187, 1172, 1209, 1222, 1147, 1129, 1194, 1212, 1200, 1215, 1232, 1254, 1200, 1197, 1218, 1205, 1165, 1208, 1174, 1198, 1211, 1198, 1143, 715, 1229, 1180, 1250, 1199, 1278, 1214, 1202, 1200, 1196, 1189, 1193, 1039, 1037, 1051, 1100, 1209, 1204, 1192, 988, 1196, 1153, 1123, 1181, 1146, 1213, 1235, 1223, 1208, 454, 1196, 1190, 1212, 351, 536, 1182, 1176, 1136, 1210, 1114, 1186, 1125, 1184, 1309, 1177, 1125, 1119, 1175, 1192, 1190, 1203], "forwarding_mean": 1157.288,