{"A": {"coding_mean": 2075.4000000000001, "decoding_sd": 83.068506089853329, "forwarding_sd": 81.303145793997416, "coding": [2079, 2078, 2012, 2023, 2038, 2009, 2026, 2178, 2053, 2096, 2017, 2040, 1952, 2022, 2024, 2036, 2057, 2010, 1974, 2026, 2022, 2020, 2013, 2214, 2048, 1920, 2006, 2017, 2008, 2001, 2035, 1973, 2004, 2054, 2022, 2016, 2012, 2033, 2044, 2038, 2024, 1944, 2013, 2035, 1867, 2027, 2140, 2020, 2026, 2040, 1871, 2046, 2048, 2040, 2021, 2024, 2019, 2023, 1986, 1866, 2020, 2033, 2070, 2022, 2033, 2030, 2025, 2026, 2018, 2028, 2044, 2021, 2024, 2105, 1855, 2038, 2015, 2460, 2022, 2023, 2036, 2039, 2040, 2015, 2051, 2018, 2012, 2125, 2045, 2011, 2014, 2089, 2052, 2033, 2022, 2044, 2037, 2053, 2047, 2025, 2104, 2026, 2013, 2050, 2040, 2023, 2061, 1966, 2027, 2016, 2026, 2025, 2129, 2095, 2022, 2052, 2025, 2027, 2002, 2055, 2025, 2009, 2009, 2026, 2025, 2041, 2033, 2030, 2028, 2372, 2042, 2001, 2035, 2013, 1985, 1979, 2029, 2182, 2030, 2053, 2173, 2041, 2061, 2089, 1916, 2209, 545, 1955, 2042, 2039, 2043, 1992, 2038, 1937, 1920, 1985, 1987, 1995, 2126, 1973, 1998, 1969, 1965, 2011, 2076, 2022, 2025, 2042, 2029, 2020, 2019, 2091, 2009, 2105, 2014, 2012, 2289, 2066, 2011, 2016, 2017, 2043, 2011, 2018, 2081, 2013, 2059, 2012, 1963, 2014, 2021, 1838, 1980, 1967, 1971, 1957, 1960, 1968, 1986, 1958, 1956, 1983, 1963, 1982, 1975, 479, 1947, 1938, 1986, 1970, 1986, 1958, 1961, 1967, 1965, 1936, 1984, 1986, 1961, 1961, 1952, 1972, 2209, 1954, 1964, 1954, 1976, 1975, 1973, 1982, 1969, 1956, 1979, 1849, 1957, 2023, 2039, 2048, 2032, 2008, 2009, 2159, 2003, 2013, 2025, 1999, 2017, 2022, 2018, 2079, 2017, 2068, 2024, 2017, 1999, 2000, 1985, 2017, 1868, 2018, 2015, 2039, 1870, 2036, 2007, 2014, 2076, 2036, 2021, 2012, 2012, 2022, 2017, 2005, 2113, 2041, 2023, 2022, 2019, 2009, 2043, 2022, 2007, 2005, 2009, 2047, 2014, 2136, 2008, 2025, 2040, 2021, 1872, 2022, 2034, 2024, 1988, 2024, 2032, 2011, 2010, 1998, 2011, 2034, 2007, 2020, 2167, 2032, 2007, 2021, 2023, 1996, 2016, 1892, 2041, 2144, 2085, 1975, 2062, 2024, 2013, 1963, 2013, 2007, 2054, 1902, 1877, 2039, 2031, 1877, 2014, 2040, 2037, 1804, 2027, 1976, 2021, 1836, 2019, 1970, 1891, 2106, 2044, 2075, 2023, 2024, 2016, 2020, 1844, 1909, 1985, 2030, 2032, 1971, 2029, 2013, 2087, 2014, 2029, 2011, 1924, 1896, 2027, 2036, 2004, 2146, 2182, 2030, 2025, 2086, 1893, 2027, 1949, 2027, 2051, 2016, 1889, 1889, 2028, 2023, 1838, 2006, 2023, 2058, 2017, 2052, 1940, 2021, 1893, 2079, 2165, 2133, 2040, 2007, 1859, 2033, 1856, 2028, 1850, 2070, 2028, 2031, 2046, 2042, 2139, 2029, 2038, 2053, 1943, 2046, 2073, 2015, 2082, 2033, 1873, 2040, 2023, 2022, 2045, 2045, 2031, 1854, 2020, 2063, 2029, 2029, 2029, 2042, 2023, 2128, 2025, 2041, 1914, 2034, 1885, 2029, 1892, 2020, 2057, 2284, 1955, 2037, 2040, 1851, 35711, 1946, 2010, 2053, 2020, 2025, 2041, 1882, 1967, 1971, 1893, 2027, 2022, 2018, 2034, 2055, 1891, 2029, 2029, 2017, 2037, 2025, 1882, 2025, 2034, 2014, 2074, 1883, 2024, 2032, 1838, 2024, 2016, 2029, 620, 2038, 2081, 2023, 2025, 2033, 2135, 2014, 2030, 2136, 2034, 2018, 2041, 2035, 2021, 2084, 2023, 2104, 2031, 1881, 2149, 2016], "decoding": [1322, 1164, 1248, 1168, 1400, 1220, 1213, 1216, 1188, 1218, 1222, 1259, 1371, 1210, 1226, 1199, 1208, 1205, 1203, 1108, 1237, 1196, 1219, 1214, 1211, 1117, 1206, 1205, 1184, 1202, 1179, 1176, 1214, 1110, 1114, 1210, 1216, 1228, 1181, 1211, 1239, 1171, 1208, 1164, 1120, 1171, 1214, 1416, 839, 1162, 1165, 1230, 1236, 1236, 1227, 1175, 1162, 1174, 1133, 1142, 1201, 1146, 1222, 1217, 1244, 1219, 1198, 1202, 1200, 1202, 1241, 1213, 1188, 1125, 1182, 1218, 1253, 1174, 1126, 1231, 1231, 1221, 1235, 1236, 1218, 1260, 1223, 1211, 1184, 1119, 1205, 1209, 1116, 1247, 1166, 1206, 1219, 1238, 1212, 1215, 1225, 1206, 1226, 1133, 1212, 1246, 1214, 1110, 1210, 1206, 1214, 1222, 1227, 1232, 1244, 1224, 1216, 1226, 1148, 1349, 1220, 1185, 1293, 1224, 1172, 1215, 1237, 1211, 1218, 1213, 1229, 1210, 1261, 1197, 1205, 1173, 1226, 1119, 1222, 1282, 1237, 1233, 1206, 1216, 1187, 1227, 406, 1187, 1218, 1241, 1105, 1220, 1227, 1235, 1183, 1236, 1212, 1229, 1214, 1227, 1234, 1250, 1211, 1235, 1116, 1221, 1261, 1274, 1202, 1230, 1319, 1203, 1222, 1198, 1214, 1255, 1211, 1209, 1274, 1188, 1180, 1208, 1209, 1166, 1208, 1117, 1242, 1212, 1225, 1196, 1304, 1170, 1219, 1200, 1219, 1194, 1207, 1204, 1216, 1199, 1214, 1235, 1286, 1194, 1260, 349, 1208, 1262, 1225, 1233, 1231, 1228, 1206, 1211, 1129, 1219, 1206, 1219, 1253, 1219, 1175, 1366, 1170, 1215, 1100, 1225, 1202, 1218, 1222, 1233, 1235, 1198, 1207, 1897, 1232, 1100, 1189, 1121, 1171, 1197, 1231, 1221, 1255, 1335, 1216, 1221, 1223, 1237, 1198, 1198, 1213, 1259, 1209, 1224, 1213, 1233, 1216, 1252, 1240, 1225, 1223, 1234, 1185, 1223, 1270, 1213, 1239, 1214, 1224, 1115, 1167, 1203, 1271, 1209, 1321, 1139, 1274, 1235, 1227, 1168, 1179, 1243, 1220, 1270, 1210, 1218, 1209, 1118, 1198, 1205, 1208, 1254, 1106, 1216, 1214, 1217, 1237, 1216, 1272, 1207, 1170, 1128, 1228, 1218, 1173, 1212, 1204, 1255, 1223, 1248, 1263, 1219, 1225, 1139, 1249, 1233, 1223, 1185, 1182, 1197, 1286, 1209, 1218, 1208, 1219, 1175, 1178, 1196, 1208, 1118, 1318, 1177, 1209, 1164, 1200, 1116, 1197, 1110, 1213, 1227, 1189, 1207, 1268, 1239, 1219, 1225, 1218, 1227, 1226, 1120, 1178, 1170, 1224, 1192, 1228, 1224, 1220, 1360, 1199, 1208, 1185, 1247, 1220, 1173, 1218, 1182, 1269, 1266, 1299, 1177, 1180, 1220, 1184, 1237, 1186, 1267, 1127, 1070, 1212, 1168, 1118, 1224, 1232, 1230, 1236, 1130, 1194, 1225, 1186, 1232, 1214, 1208, 1217, 1199, 1116, 1243, 1111, 1208, 1184, 1232, 1207, 1209, 1211, 1211, 1235, 1184, 1261, 1280, 1170, 1297, 1211, 1218, 1188, 1222, 1126, 1221, 1205, 1226, 1235, 1246, 1219, 1197, 1205, 1238, 1208, 1260, 1216, 1218, 1229, 1232, 1211, 1222, 1124, 1308, 1125, 1222, 1316, 1204, 1224, 1221, 1188, 1214, 1216, 1185, 1206, 1120, 1042, 1291, 1217, 1207, 1208, 1118, 1260, 1181, 1178, 1229, 1197, 1199, 1214, 1222, 1206, 1241, 1228, 1260, 1238, 1212, 1197, 1202, 1203, 1122, 1199, 1176, 1219, 1231, 1188, 1219, 1241, 1149, 514, 1232, 1227, 1214, 1287, 1216, 1225, 1212, 1192, 1217, 1213, 1221, 1211, 1263, 1249, 1226, 1212, 1218, 1202, 1125, 1222, 1223], "forwarding_mean": 1192.9780000000001,