{"A": {"coding_mean": 2105.0279999999998, "decoding_sd": 108.26070600176224, "forwarding_sd": 105.4102650788812, "coding": [2323, 2177, 2230, 2211, 2257, 2231, 2221, 2257, 2239, 2243, 2268, 2216, 2283, 2226, 2281, 2073, 1874, 2432, 2158, 1894, 2044, 2112, 1860, 1882, 2244, 2213, 2193, 2195, 2120, 2200, 2153, 2164, 2225, 2248, 2170, 1991, 1834, 2135, 2177, 2259, 2256, 2136, 2094, 1858, 1861, 2227, 2102, 1855, 1561, 2306, 2224, 2101, 2103, 1835, 1874, 1882, 2073, 2223, 2098, 1922, 1850, 2006, 2191, 1936, 1918, 2223, 2093, 1956, 2312, 2089, 2066, 2320, 2315, 2239, 2077, 2302, 2066, 2237, 2087, 1869, 1855, 2251, 2059, 2240, 2189, 2224, 2245, 2099, 2113, 1866, 1873, 1948, 1867, 1950, 1966, 2072, 1869, 1854, 2182, 2194, 2190, 2200, 2207, 2188, 2143, 2244, 2314, 2075, 2232, 2092, 2054, 2240, 2258, 2157, 2259, 2390, 2163, 2288, 2181, 2191, 2247, 2235, 2225, 2231, 2391, 2184, 2214, 2202, 2105, 2104, 2095, 2244, 2093, 2238, 2066, 2081, 2232, 2096, 2075, 2072, 2080, 2235, 2152, 2243, 2085, 2168, 2380, 2115, 2092, 2233, 2092, 2224, 2055, 2063, 2131, 2081, 2102, 1935, 2085, 2085, 2065, 2080, 2234, 2076, 2223, 2076, 2185, 2089, 2089, 2068, 2092, 2124, 1918, 2096, 2103, 2094, 2072, 2156, 2132, 2095, 2233, 2066, 2076, 2086, 2230, 2103, 2223, 2130, 2093, 2129, 2095, 2099, 2107, 2084, 2074, 2089, 2807, 2083, 2085, 2105, 2229, 2391, 2106, 2225, 2123, 2243, 2097, 2461, 2176, 2248, 2093, 2285, 2098, 2081, 2234, 2077, 2073, 2226, 2124, 2090, 2086, 1239, 2110, 2089, 2250, 2089, 2095, 2107, 2085, 1713, 2080, 2133, 2101, 2103, 2071, 2136, 2086, 2245, 2101, 2104, 2102, 2244, 2237, 2089, 2089, 2083, 2132, 2103, 2093, 2135, 2084, 2132, 2236, 2205, 2089, 2099, 2064, 2083, 2084, 1972, 2085, 1986, 2080, 2087, 2089, 2065, 2076, 2292, 2062, 2111, 2112, 2127, 2084, 2101, 2094, 2580, 2100, 2097, 2105, 2103, 2095, 2060, 2093, 2069, 2072, 2119, 2078, 2088, 2116, 2111, 2074, 2062, 2095, 2244, 2271, 2116, 2091, 2106, 2387, 2132, 2070, 2103, 2080, 2082, 2095, 2097, 2084, 2086, 2187, 2103, 2102, 2104, 2193, 2070, 2096, 2096, 2101, 2185, 2137, 2102, 2311, 2265, 2151, 2247, 2088, 2074, 2095, 2374, 2098, 2106, 2105, 2088, 2161, 2093, 2080, 2075, 2268, 2105, 2117, 2255, 2094, 2092, 2092, 2108, 2091, 2090, 2194, 2169, 2207, 2228, 2095, 2308, 2322, 2130, 2080, 2234, 2230, 2086, 2087, 2204, 2215, 2232, 2058, 2116, 2052, 2069, 1889, 2308, 2239, 2255, 2054, 1829, 1964, 2287, 2199, 1902, 1827, 1880, 2204, 2252, 2329, 2081, 2224, 2207, 2083, 2458, 2165, 2125, 2081, 2102, 2401, 2073, 2249, 2314, 2084, 2105, 1901, 1840, 553, 2073, 2036, 1851, 1892, 1860, 1903, 1910, 2381, 2072, 1859, 1867, 1885, 2224, 2092, 1870, 1851, 1795, 2111, 1899, 1847, 2148, 2086, 2115, 1977, 1925, 2246, 2261, 2120, 2252, 2064, 1860, 2045, 1870, 2229, 2343, 2163, 1917, 2106, 2063, 1872, 1861, 1807, 1838, 2229, 2243, 2311, 2242, 2142, 1906, 1914, 1868, 1911, 1870, 2044, 1858, 1893, 2237, 2115, 2082, 1868, 1840, 1902, 1864, 2124, 2242, 2117, 2352, 2073, 1866, 2036, 2119, 2092, 1948, 1917, 2080, 2252, 2064, 2400, 559, 2114, 2564, 2141, 2053, 1834, 1941, 2067, 1854, 1832, 1878, 2259, 2256, 2231, 2119, 1889, 2268, 2353, 2265, 2071, 2240, 2134, 2108], "decoding": [1591, 1350, 1400, 2092, 1446, 1401, 1487, 1324, 1350, 1388, 1387, 1468, 1424, 1372, 1404, 1399, 1227, 1416, 1354, 1239, 1336, 1402, 1274, 1225, 1251, 1480, 1392, 1417, 1489, 1402, 1403, 1416, 1411, 1442, 1393, 1219, 1236, 1370, 1330, 1495, 1394, 1409, 1347, 1187, 1311, 1261, 1416, 1350, 1016, 1435, 1443, 1411, 1347, 1240, 1243, 1239, 1241, 1191, 1410, 1236, 1233, 1243, 1396, 1345, 1227, 1479, 1399, 1229, 1509, 1410, 1241, 1396, 1367, 1344, 1533, 1228, 1359, 1422, 1364, 1354, 1243, 1398, 1382, 1449, 1420, 1481, 1424, 1297, 1399, 1166, 1140, 1204, 1219, 1265, 1241, 1373, 1178, 1173, 1476, 1403, 1391, 1410, 1367, 1463, 1400, 1341, 1426, 1344, 1451, 1337, 1281, 1364, 1410, 1379, 1416, 1408, 1410, 1411, 1402, 1379, 1432, 1488, 1362, 1351, 1470, 1365, 1339, 1447, 1359, 1372, 1356, 1533, 1493, 1447, 1338, 1345, 1430, 1352, 1342, 1351, 1403, 1433, 1354, 1476, 1346, 1343, 1572, 1438, 1413, 1399, 1356, 1467, 1346, 1333, 1402, 1353, 1359, 1188, 1401, 1376, 1348, 1314, 1491, 1345, 1405, 1346, 1380, 1397, 1358, 1344, 1362, 1361, 1193, 1367, 1337, 1333, 1361, 1389, 1401, 1354, 1397, 1322, 1333, 1351, 1431, 1337, 1358, 1355, 1439, 1346, 1355, 1350, 1347, 1328, 1322, 1337, 1433, 1428, 1356, 1471, 1443, 1524, 1402, 1354, 1419, 1403, 1360, 1352, 1447, 1483, 1355, 1361, 1350, 1394, 1473, 1342, 1345, 1536, 1346, 1347, 1356, 1355, 1354, 1340, 1427, 1351, 1364, 1369, 1395, 657, 1325, 1344, 1362, 1404, 1340, 1343, 1359, 1475, 1348, 1356, 1347, 1452, 1364, 1356, 1346, 1352, 1350, 1348, 1350, 1353, 1337, 1352, 1512, 1469, 1345, 1328, 1346, 1367, 1356, 1329, 1356, 1359, 1343, 1346, 1355, 1343, 1335, 1487, 1388, 1339, 1335, 1421, 1388, 1357, 1336, 1435, 1357, 1339, 1349, 1348, 1362, 1343, 1413, 1343, 1338, 1354, 1347, 1340, 1367, 1403, 1351, 1342, 1433, 1444, 1472, 1445, 1363, 1336, 1220, 1337, 1337, 1466, 1332, 1354, 1352, 1350, 1352, 1475, 1324, 1352, 1344, 1415, 1332, 1363, 1348, 1348, 1409, 1471, 1344, 1346, 1370, 1522, 1340, 1489, 1398, 1334, 1353, 1353, 1359, 1421, 1351, 1328, 1352, 1374, 1347, 1354, 1487, 1440, 1351, 1634, 1346, 1355, 1497, 1355, 1364, 1354, 1400, 1406, 1421, 1453, 1353, 1488, 1487, 1349, 1326, 1459, 1547, 1357, 1349, 1352, 1353, 1454, 1325, 1283, 1396, 1235, 1249, 1194, 1440, 1470, 1363, 1160, 1257, 1433, 1376, 1257, 1254, 1244, 1502, 1437, 1433, 1410, 1407, 1410, 1405, 1466, 1408, 1404, 1440, 1435, 1461, 1409, 1503, 1445, 1408, 1429, 1243, 1242, 1242, 1353, 1244, 1184, 1262, 1178, 1270, 1373, 1497, 1438, 1240, 1255, 1245, 1479, 1434, 1231, 1241, 1178, 1414, 1243, 1256, 1642, 1411, 1404, 1409, 1180, 1485, 1458, 1405, 1239, 1415, 1205, 1228, 1199, 1439, 1437, 1407, 1232, 1245, 1402, 1198, 1188, 1240, 1237, 1457, 1495, 1513, 1495, 1398, 1363, 1187, 1280, 1233, 1227, 1251, 1195, 1252, 1351, 1351, 1401, 1181, 1166, 1272, 1283, 1419, 1469, 1425, 1440, 1453, 1396, 1237, 1390, 1357, 1173, 1164, 1356, 1433, 1407, 1889, 391, 1410, 1476, 1469, 1259, 1238, 1279, 1360, 1197, 1187, 1167, 1507, 1488, 1415, 1403, 1238, 1412, 1379, 1488, 1400, 1463, 1356, 1418], "forwarding_mean": 1352.0039999999999,