{"A": {"coding_mean": 2020.424, "decoding_sd": 195.86398214066824, "forwarding_sd": 195.32982686727595, "coding": [2251, 2042, 2158, 2136, 2174, 2054, 2149, 2133, 2129, 2181, 2133, 2150, 2137, 2042, 2100, 2075, 2149, 2204, 2142, 2160, 2152, 2140, 2239, 2145, 2152, 2136, 2150, 2138, 2164, 2078, 2138, 2294, 2025, 2119, 2146, 2151, 2172, 2157, 2148, 2130, 2168, 2123, 1984, 1968, 2143, 2136, 2143, 2158, 2126, 2130, 2128, 2146, 2129, 2061, 2170, 2076, 2157, 2062, 2098, 2081, 2005, 2150, 2087, 2013, 2133, 2077, 2168, 2179, 2074, 2119, 2148, 2150, 2141, 2034, 2133, 1952, 2142, 2132, 2112, 2135, 2164, 2140, 2140, 2140, 2140, 2066, 2103, 2181, 2139, 2119, 2165, 2149, 2142, 1949, 2085, 1989, 1940, 1816, 1877, 1797, 1784, 2160, 2024, 1883, 2081, 1942, 1741, 2143, 2185, 1972, 2159, 2148, 2087, 2082, 2142, 1989, 2165, 2106, 2107, 2120, 2032, 2112, 2026, 2093, 2024, 2081, 1992, 2222, 2105, 2089, 2084, 1894, 1847, 1857, 2170, 2163, 2123, 2137, 2138, 2142, 2149, 2181, 2135, 2150, 2124, 2167, 2088, 2059, 2082, 2065, 2118, 2086, 2079, 2080, 2142, 2077, 2144, 2095, 2133, 1947, 2106, 2062, 2093, 2091, 2085, 2079, 2091, 2072, 2051, 2158, 2084, 2075, 1871, 1875, 2124, 2147, 2135, 2082, 1881, 1867, 2113, 2132, 2088, 2086, 2100, 1868, 2127, 2188, 2149, 2184, 2129, 1864, 779, 2309, 2377, 2042, 2092, 2053, 2037, 2232, 640, 667, 554, 874, 768, 543, 543, 2242, 627, 2693, 2166, 1476, 2251, 2173, 1062, 772, 730, 589, 2660, 1122, 2090, 2098, 1339, 2160, 2137, 2213, 3123, 2127, 2131, 658, 642, 2151, 2176, 2194, 2215, 2086, 2204, 2085, 2139, 2182, 1938, 2169, 2188, 2152, 2336, 2106, 2013, 2010, 2264, 2194, 723, 2448, 641, 1050, 2143, 2164, 2144, 2285, 2213, 3101, 594, 1189, 1192, 2085, 2102, 2133, 1917, 2078, 2182, 2157, 2195, 2125, 2089, 2149, 2145, 2084, 2199, 2132, 2133, 2115, 2143, 2092, 2174, 2129, 2029, 2161, 2174, 2130, 2134, 2014, 2005, 2187, 2079, 2095, 2081, 2240, 2076, 2164, 2230, 2146, 2144, 2212, 2204, 2185, 2209, 2147, 2142, 2161, 2163, 1998, 1990, 1975, 1987, 2153, 2150, 2174, 2148, 2212, 2225, 2150, 2220, 2229, 2042, 2170, 2187, 2182, 2220, 2190, 2173, 2020, 1939, 2135, 2157, 2151, 2151, 2114, 627, 2150, 2143, 2162, 1972, 2161, 2180, 2168, 2253, 2126, 1509, 2169, 2159, 2165, 2153, 1983, 2176, 2109, 2070, 1911, 2080, 1921, 1835, 2185, 2021, 2069, 2048, 1979, 2054, 2145, 2046, 2009, 1906, 1982, 2099, 1981, 2029, 2090, 1801, 2015, 2029, 1958, 1980, 1855, 1831, 1984, 1860, 1847, 1942, 1795, 2096, 1790, 1785, 1928, 2040, 1980, 1832, 2139, 2104, 1913, 1851, 2149, 2084, 1784, 1872, 1872, 1983, 2089, 1876, 1878, 2145, 2116, 2128, 2146, 2134, 2132, 2132, 2130, 2152, 2174, 2144, 2128, 2137, 2136, 2148, 2152, 2092, 2114, 884, 2102, 2097, 1897, 1907, 1986, 2168, 1930, 1973, 1917, 1940, 1941, 1984, 1933, 1970, 1992, 1978, 2210, 1991, 1964, 2080, 1986, 2063, 2032, 1972, 2021, 2036, 1926, 1953, 1937, 2009, 1997, 1940, 1792, 2027, 2160, 2143, 1830, 1830, 2085, 1902, 2143, 2113, 2112, 2122, 2232, 1918, 2123, 2134, 2082, 1958, 2001, 2068, 1964, 707, 1947, 2018, 2079, 2084, 2078, 2077, 2080, 2074, 2037, 1811, 2151, 2130, 2081, 2074, 2085, 2093, 1884, 2142, 2084, 2078, 2070], "decoding": [1466, 1288, 1304, 1310, 1284, 1285, 1416, 1246, 1311, 1371, 1292, 1332, 1353, 1267, 1243, 1284, 1328, 1363, 1329, 1294, 1370, 1291, 1250, 1292, 1355, 1217, 1340, 1314, 1310, 1292, 1328, 1284, 1292, 1231, 1235, 1224, 1411, 1339, 1248, 1241, 1334, 1228, 1221, 1232, 1331, 1383, 1334, 1305, 1337, 1318, 1388, 1347, 1326, 1237, 1234, 1693, 1287, 1241, 1293, 1294, 1299, 1338, 1301, 1297, 1298, 1256, 1308, 1246, 1233, 1336, 1319, 1331, 1319, 1220, 1297, 1298, 1321, 1377, 1368, 1316, 1277, 1288, 1317, 1316, 1231, 1224, 1335, 1288, 1375, 1325, 1294, 1325, 1315, 1278, 1242, 1155, 1051, 1082, 1100, 1059, 1144, 1359, 1278, 1137, 1279, 1129, 1135, 1327, 1336, 1243, 1319, 1309, 1307, 1295, 1322, 1244, 1276, 1328, 1176, 1344, 1159, 1289, 1250, 1338, 1245, 1305, 1246, 1252, 1253, 1233, 1290, 1088, 1171, 1149, 1324, 1334, 1319, 1456, 1329, 1330, 1361, 1377, 1323, 1335, 1390, 1328, 1439, 1287, 1290, 1282, 1348, 1306, 1250, 1283, 1340, 1257, 1328, 1236, 1297, 1267, 1322, 1292, 1321, 1322, 1311, 1281, 1304, 1342, 1136, 1399, 1293, 1225, 1081, 1307, 1336, 1329, 1339, 1242, 1075, 1080, 1364, 1316, 1289, 1301, 1285, 1131, 1359, 1329, 1341, 1354, 1518, 1506, 510, 1444, 1312, 1361, 1262, 1257, 1699, 1335, 377, 370, 390, 375, 360, 505, 353, 1327, 430, 1295, 1255, 1070, 1354, 1400, 1557, 549, 464, 376, 1368, 963, 1377, 1301, 1321, 1321, 1476, 1414, 1298, 1321, 412, 578, 432, 1540, 1334, 1332, 1381, 1279, 1242, 1315, 1294, 1297, 1294, 1258, 1296, 1295, 1400, 1324, 1295, 1298, 1347, 1464, 614, 1362, 389, 519, 1332, 1398, 1329, 1302, 1314, 390, 430, 720, 701, 774, 1233, 1271, 1355, 1189, 1299, 1339, 1322, 1283, 1307, 1347, 1281, 1349, 1300, 1287, 1258, 1282, 1342, 1247, 1236, 1234, 1173, 1171, 1357, 1294, 1283, 1279, 1249, 1274, 1322, 1294, 1282, 1322, 1300, 1315, 1390, 1281, 1300, 1301, 1367, 1285, 1385, 1340, 1405, 1264, 1232, 1241, 1226, 1232, 1242, 1233, 1315, 1302, 1345, 1291, 1319, 1280, 1323, 1243, 1290, 1243, 1258, 1352, 1241, 1366, 1323, 1326, 1332, 1310, 1333, 1284, 1382, 1297, 505, 1377, 1338, 1336, 1214, 1322, 1285, 1273, 1288, 1245, 907, 1338, 1407, 1391, 1277, 1260, 1439, 1297, 1352, 1207, 1143, 1101, 1118, 1245, 1291, 1305, 1294, 1268, 1295, 1316, 1297, 1295, 1263, 1323, 1284, 1288, 1286, 1296, 1096, 1136, 1263, 1149, 1167, 1156, 1131, 1144, 1128, 1139, 1140, 1144, 1139, 1148, 1138, 1140, 1148, 1297, 1168, 1300, 1301, 1145, 1187, 1293, 1313, 1109, 1079, 1158, 1309, 1312, 1138, 1076, 1313, 1359, 1354, 1330, 1331, 1341, 1375, 1346, 1322, 1343, 1350, 1313, 1377, 1285, 1353, 1343, 1361, 1339, 1287, 1359, 1282, 1101, 1160, 1150, 1202, 1302, 1309, 1292, 1296, 1255, 1144, 1320, 1300, 1295, 1299, 1387, 1322, 1094, 1288, 1327, 1293, 1261, 1207, 1247, 1291, 1237, 1231, 1294, 1289, 1230, 1191, 1251, 1272, 1337, 1319, 1145, 1180, 1261, 1093, 1241, 1246, 1351, 1300, 1333, 1299, 1255, 1251, 1289, 1146, 1312, 1292, 1255, 476, 1301, 1296, 1308, 1335, 1286, 1301, 1229, 1329, 1308, 1160, 1362, 1400, 1237, 1302, 1294, 1255, 1102, 1314, 1307, 1294, 1235], "forwarding_mean": 1223.356,