{"A": {"coding_mean": 2316.54, "decoding_sd": 231.53263596305382, "forwarding_sd": 223.57937539048632, "coding": [2107, 1766, 2000, 2005, 1999, 2019, 2001, 1983, 2010, 1953, 1971, 1965, 2019, 2032, 1977, 1961, 2084, 1995, 2128, 1999, 2016, 2016, 2025, 2000, 2007, 2007, 1999, 2006, 2014, 2020, 2012, 2015, 2011, 2017, 2004, 1997, 2031, 2002, 1997, 2004, 2016, 2015, 2039, 2011, 2009, 2018, 2029, 2026, 1750, 2009, 2015, 2027, 2016, 2013, 2015, 2122, 2050, 2009, 2094, 2080, 2020, 2090, 2010, 2016, 2018, 2010, 2026, 1963, 1958, 2029, 1961, 1970, 1967, 1981, 1970, 1967, 2040, 1963, 1969, 1969, 1971, 2010, 2093, 2009, 2010, 1970, 2002, 1999, 2074, 2108, 2054, 2040, 2012, 2027, 2007, 2013, 2076, 2008, 2019, 2008, 1979, 1986, 2012, 2005, 1965, 1968, 1976, 1964, 1993, 1988, 1966, 2005, 2027, 2027, 2041, 2027, 2076, 2011, 2017, 1935, 2017, 2010, 2009, 2017, 2024, 2005, 1992, 2021, 2070, 2004, 2100, 2032, 2025, 2019, 1995, 2021, 2062, 2020, 1953, 2033, 2034, 2023, 2010, 2001, 2044, 1988, 2022, 1994, 2003, 2002, 2044, 2011, 2068, 2018, 2073, 2026, 2008, 2028, 2023, 1994, 1964, 2025, 2004, 1984, 1974, 1975, 2007, 2039, 2024, 2000, 1979, 1964, 1992, 1950, 1953, 1994, 2022, 1974, 1985, 2019, 1980, 1956, 1971, 1999, 1961, 1987, 1981, 1961, 1975, 1964, 2085, 2005, 2058, 2020, 2032, 2071, 1991, 2038, 2022, 2068, 2125, 2175, 1998, 2006, 2007, 2018, 2003, 2011, 2004, 1997, 2000, 2012, 2002, 2039, 1990, 1966, 1972, 2001, 1942, 1913, 2018, 2024, 1779, 1961, 2051, 1969, 2002, 1954, 1966, 2037, 2008, 2064, 2028, 2022, 2153, 2008, 2053, 2045, 2209, 2077, 2041, 2073, 2012, 2000, 2003, 2004, 2038, 1982, 1988, 2046, 1971, 2357, 2106, 2011, 2048, 2232, 2072, 2010, 2097, 1977, 2094, 2061, 1996, 1330, 547, 537, 562, 567, 2002, 2006, 1974, 2167, 2185, 2014, 788, 874, 894, 564, 2030, 2023, 2025, 1999, 1949, 2014, 2007, 2001, 966, 731, 2001, 1992, 1984, 2036, 2007, 1992, 3064, 130064, 68059, 9730, 2040, 2008, 2026, 2028, 2050, 2107, 1971, 2013, 2027, 2054, 2027, 2204, 2023, 2334, 1983, 1050, 1288, 1215, 1050, 1054, 2296, 1377, 1718, 1970, 2046, 2010, 2111, 2030, 2021, 1947, 1503, 1014, 569, 571, 849, 2106, 2036, 2018, 2374, 2048, 2001, 1989, 2393, 2018, 2029, 2064, 2200, 2027, 2258, 2056, 2516, 2060, 1957, 1972, 1980, 2024, 2021, 2078, 2027, 2043, 1980, 1988, 1378, 2091, 2008, 2015, 2819, 2242, 2493, 1778, 1793, 2008, 1944, 1998, 2010, 2013, 1999, 2385, 2001, 2482, 1800, 1727, 2240, 1473, 527, 1046, 2458, 1730, 1935, 1406, 711, 2020, 2131, 2024, 2062, 1966, 2050, 2118, 2283, 2333, 1972, 2030, 2186, 2784, 1938, 1941, 2053, 1970, 1972, 2009, 2025, 2527, 2137, 1968, 580, 665, 644, 540, 598, 539, 761, 545, 646, 614, 2007, 1891, 2009, 2000, 741, 747, 656, 2139, 1978, 2053, 2419, 2000, 2027, 2015, 1997, 2005, 2081, 2025, 1775, 2029, 2011, 2039, 2005, 2019, 2011, 2038, 2054, 1994, 2044, 2023, 2012, 2037, 2039, 2005, 2011, 2020, 2020, 2044, 1980, 1985, 2063, 633, 1985, 2004, 1399, 979, 2075, 3040, 2492, 2012, 2218, 2011, 2036, 2042, 2002, 2177, 685, 2285, 1150, 1994, 1985, 2088, 2194, 1986, 2001, 1317, 587, 700, 625, 566, 1987, 2425, 1504, 2301, 837, 2007, 1619, 2065], "decoding": [1346, 1123, 1150, 1212, 1158, 1379, 1187, 1219, 1714, 1204, 1217, 1227, 1275, 1187, 1207, 1204, 1339, 1202, 1173, 1205, 1211, 1194, 1302, 1161, 1217, 1222, 1274, 1199, 1268, 1172, 1240, 1205, 1227, 1225, 1197, 1206, 1206, 1207, 1170, 1201, 1243, 1167, 1181, 1213, 1254, 1244, 1208, 1276, 858, 1255, 1322, 1217, 1207, 1280, 1385, 1164, 1178, 1290, 1201, 1178, 1249, 1203, 1217, 1251, 1416, 1213, 1197, 1206, 1216, 1177, 1220, 1231, 1210, 1264, 1183, 1242, 1216, 1215, 1215, 1210, 1211, 1220, 1216, 1208, 1218, 1208, 1265, 1173, 1178, 1177, 1192, 1212, 1209, 1175, 1252, 1335, 1824, 1248, 1418, 1224, 1181, 1167, 1181, 1194, 1207, 1204, 1304, 1185, 1239, 1211, 1202, 1166, 1197, 1209, 1181, 1169, 1220, 1285, 1230, 1194, 1238, 1219, 1260, 1208, 1235, 1212, 1204, 1234, 1204, 1196, 1211, 1196, 1254, 1209, 1214, 1202, 1223, 1215, 1195, 1203, 1231, 1240, 1208, 1206, 1202, 1212, 1198, 1224, 1216, 1204, 1251, 1224, 1217, 1206, 1211, 1258, 1203, 1201, 1211, 1272, 1200, 1220, 1215, 1191, 1215, 1200, 1239, 1277, 1243, 1211, 1191, 1235, 1202, 1215, 1203, 1224, 1226, 1228, 1209, 1245, 1245, 1256, 1161, 1210, 1220, 1213, 1202, 1276, 1231, 1225, 1135, 1187, 1207, 1197, 1224, 1199, 1206, 1169, 1233, 1194, 1201, 1222, 1326, 1210, 1286, 1319, 1223, 1222, 1163, 1226, 1235, 1192, 1243, 1236, 1228, 1221, 1200, 1221, 1223, 1191, 1250, 1257, 1154, 1225, 1233, 1236, 1242, 1211, 1213, 1285, 1246, 1178, 1198, 1211, 1207, 1207, 1242, 1234, 1220, 1231, 1218, 1229, 1182, 1230, 1220, 1200, 1220, 1219, 1258, 1218, 1305, 1256, 1226, 1176, 1193, 1173, 1237, 1219, 1219, 1229, 1227, 1229, 1215, 344, 524, 373, 347, 342, 1209, 1214, 1227, 1212, 1269, 1234, 555, 441, 520, 354, 1257, 1538, 1201, 1211, 1170, 1188, 1227, 1186, 468, 461, 1195, 1229, 1216, 1176, 1182, 1197, 1204, 1230, 1208, 1216, 1226, 1218, 1198, 1223, 1376, 1195, 1192, 1185, 1226, 1179, 1232, 1205, 1244, 1405, 1166, 660, 632, 634, 662, 667, 1359, 1202, 846, 1199, 1219, 1232, 1201, 1218, 1219, 1399, 1219, 780, 540, 337, 442, 1233, 1279, 1288, 1283, 1170, 1299, 1205, 1220, 1209, 1212, 1211, 1206, 1183, 1206, 1256, 1192, 1191, 1278, 1171, 1168, 1199, 1207, 1221, 1309, 1193, 1404, 1672, 820, 828, 1287, 1188, 1346, 1214, 1232, 1094, 1076, 1191, 1161, 1202, 1218, 1168, 1221, 1200, 1234, 1237, 1055, 1141, 1061, 1282, 431, 1248, 617, 1125, 632, 1210, 852, 1232, 1310, 1231, 1180, 1168, 1173, 1198, 1205, 1199, 1185, 1211, 1188, 1204, 1214, 1256, 1250, 1217, 1211, 1274, 1296, 1203, 1197, 1193, 335, 418, 599, 369, 379, 360, 468, 393, 459, 624, 1086, 1193, 1204, 1201, 349, 321, 389, 1130, 1204, 1213, 1252, 1260, 1208, 1203, 1191, 1204, 1204, 1218, 1099, 1363, 1194, 1211, 1196, 1180, 1335, 1262, 1203, 1210, 1228, 1289, 1198, 1208, 1271, 1212, 1211, 1177, 1166, 1220, 1333, 1199, 1419, 405, 1234, 1530, 861, 725, 1345, 1194, 1265, 1217, 1194, 1193, 1237, 1227, 1295, 1171, 435, 1380, 546, 1175, 1203, 1203, 1401, 1231, 1137, 1891, 417, 415, 632, 302, 1194, 1241, 1782, 1196, 1555, 1295, 1144, 1445], "forwarding_mean": 1131.1300000000001,