{"A": {"coding_mean": 2030.366, "decoding_sd": 144.10474906816916, "forwarding_sd": 96.076725069082158, "coding": [2141, 1777, 2048, 1940, 2104, 2055, 1872, 2064, 2039, 2071, 2057, 2044, 2095, 2063, 2071, 2089, 2079, 2046, 1990, 1983, 2079, 2064, 2048, 1891, 2059, 1899, 1962, 1703, 1869, 1740, 1737, 1914, 2052, 2071, 1912, 1899, 1997, 1956, 1902, 1905, 1935, 1838, 2023, 1986, 1903, 1994, 2126, 2069, 2134, 1914, 1887, 1971, 2046, 2098, 2065, 2053, 2106, 2065, 2074, 2118, 2068, 2056, 2185, 2055, 1915, 1915, 2049, 2068, 1903, 1907, 2060, 1915, 2044, 2060, 2042, 1915, 2070, 2107, 2065, 2049, 2111, 2124, 2061, 2055, 1944, 1912, 2126, 2058, 2073, 1915, 2057, 2061, 2056, 2074, 2069, 2073, 2123, 2047, 2119, 2052, 2036, 2066, 2044, 2068, 2059, 2012, 2035, 2051, 2054, 2047, 2073, 2062, 2069, 2075, 2088, 2064, 2002, 2024, 1949, 2073, 2054, 2048, 2034, 2054, 2056, 2050, 2057, 2041, 2058, 2078, 1887, 2055, 2043, 2033, 2064, 2057, 1994, 2065, 2089, 1898, 2054, 2072, 2078, 2072, 2068, 2455, 2060, 2067, 1899, 2061, 2045, 1987, 2068, 2056, 1913, 2083, 2072, 2067, 2028, 2001, 2070, 2043, 2123, 2043, 2042, 2030, 2086, 2054, 2031, 2055, 2063, 2047, 2039, 2037, 2064, 2056, 2062, 1891, 2070, 2064, 2062, 2074, 2073, 1839, 2061, 2044, 2058, 2041, 2009, 1997, 2065, 2056, 2115, 1993, 2113, 2129, 2078, 2240, 2022, 1883, 2025, 1914, 2004, 1952, 2053, 2033, 679, 3194, 788, 1132, 1123, 2062, 2133, 2114, 2081, 2028, 2028, 2370, 2052, 1905, 1910, 1957, 1921, 2078, 1922, 2142, 2095, 2012, 2040, 2062, 2053, 2099, 1964, 2059, 2114, 2055, 2017, 2062, 2052, 2115, 1994, 2082, 1925, 2108, 2119, 1950, 2068, 2104, 1932, 2042, 2110, 2101, 2016, 2015, 2107, 2050, 2001, 1912, 2053, 2021, 1921, 1901, 1904, 1925, 2039, 1960, 2150, 2005, 2044, 2002, 1914, 1991, 2005, 2007, 1934, 1998, 2054, 1934, 2065, 2074, 2100, 2030, 2004, 1915, 1914, 1887, 2093, 1907, 1879, 1995, 2746, 2030, 1920, 2094, 2003, 2076, 2148, 1982, 1900, 2066, 2154, 2073, 2144, 2049, 1887, 1926, 1952, 1940, 2073, 2001, 2393, 2089, 2068, 1861, 2074, 2046, 2057, 2057, 2046, 2047, 2057, 2079, 2099, 2106, 2061, 2091, 2060, 2077, 2060, 2066, 2142, 2003, 2135, 2023, 2103, 2012, 2080, 2052, 2202, 2019, 2069, 2090, 2099, 2076, 2072, 2089, 2095, 2049, 2071, 2095, 2083, 2034, 2013, 2078, 2081, 2062, 2058, 2142, 2060, 2060, 2071, 2052, 2019, 2075, 2051, 2053, 2067, 2063, 2133, 2083, 2035, 2059, 2079, 2047, 2060, 2088, 2069, 1913, 2071, 2105, 2094, 2094, 2079, 2117, 2065, 2002, 2089, 2086, 2073, 1870, 2127, 2048, 1849, 2101, 2077, 2049, 1838, 2059, 2058, 2036, 2069, 2080, 2058, 2072, 2055, 2054, 2057, 2055, 2068, 1885, 2033, 2084, 1944, 2059, 1924, 2059, 1864, 1940, 1947, 2072, 1958, 1886, 2084, 2205, 1865, 2147, 2056, 2058, 1884, 1938, 1910, 1954, 2080, 2172, 2231, 1939, 2032, 2055, 2071, 2083, 2075, 2100, 2137, 2105, 1938, 1911, 1909, 2071, 1947, 1904, 1914, 1921, 2098, 1947, 2132, 2054, 2065, 2095, 2081, 2076, 2088, 2058, 2082, 2085, 2073, 2058, 2089, 2033, 2078, 1995, 2077, 2073, 2044, 2109, 2088, 2069, 2074, 2058, 1323, 2076, 2071, 2063, 2086, 2050, 2062, 2044, 2064, 2072, 2063, 2067, 2064, 2089, 2084, 2134, 2072, 2069, 2079, 2097, 2067, 2076], "decoding": [1319, 1113, 1245, 1165, 1269, 1246, 1209, 1234, 1230, 1243, 1243, 1238, 1225, 1254, 1234, 3845, 1137, 1225, 1290, 1171, 1236, 1225, 1232, 1146, 1232, 1143, 1102, 1138, 1152, 1095, 1115, 1360, 1239, 1224, 1146, 1148, 1144, 1143, 1136, 1131, 1031, 1030, 1143, 1156, 1131, 1144, 1199, 1196, 1248, 1202, 1190, 1226, 1226, 1247, 1255, 1237, 1241, 1244, 1259, 1240, 1230, 1225, 1230, 1247, 1202, 1160, 1230, 1236, 1168, 1155, 1263, 1147, 1285, 1174, 1229, 1214, 1245, 1235, 1210, 1141, 1277, 1319, 1225, 1280, 1174, 1159, 1158, 1241, 1204, 1221, 1241, 1267, 1205, 1228, 1240, 1212, 1219, 1295, 1228, 1223, 1208, 1249, 1282, 1235, 1242, 1253, 1209, 1222, 1237, 1213, 1287, 1207, 1198, 1156, 1148, 1252, 1141, 1298, 1142, 1125, 1267, 1234, 1266, 1210, 1245, 1202, 1223, 1204, 1203, 1239, 1188, 1218, 1287, 1280, 1256, 1235, 1235, 1246, 1234, 1226, 1270, 1240, 1252, 1236, 1206, 1208, 1160, 1146, 1146, 1240, 1248, 1149, 1243, 1237, 1210, 1257, 1237, 1257, 1227, 1240, 1239, 1236, 1248, 1231, 1188, 1157, 1244, 1310, 1231, 1230, 1281, 1236, 1251, 1202, 1246, 1252, 1246, 1203, 1268, 1239, 1254, 1236, 1209, 1205, 1240, 1137, 1139, 1237, 1207, 1324, 1266, 1226, 1257, 1219, 1225, 1282, 1233, 1202, 1163, 1164, 1201, 1148, 1245, 1211, 1265, 1204, 431, 1273, 409, 703, 785, 1187, 1230, 1225, 1251, 1241, 1234, 1363, 1232, 1159, 1177, 1152, 1213, 1201, 1198, 1279, 1228, 1221, 1213, 1201, 1209, 1252, 1181, 1200, 1416, 1250, 1273, 1283, 1213, 1167, 1199, 1197, 1209, 1266, 1259, 1150, 1184, 1245, 1213, 1291, 1237, 1262, 1207, 1164, 1150, 1154, 1197, 1212, 1211, 1216, 1159, 1210, 1188, 1187, 1226, 1215, 1235, 1199, 1206, 1157, 1221, 1160, 1283, 1263, 1161, 1244, 1243, 1150, 1226, 1192, 1261, 1145, 1151, 1153, 1204, 1159, 1229, 1207, 1212, 1136, 1213, 1239, 1176, 1253, 1216, 1185, 1158, 1155, 1161, 1247, 1198, 1192, 1241, 1243, 1146, 1156, 1199, 1204, 1203, 1166, 1225, 1232, 1129, 1202, 1253, 1235, 1283, 1221, 1122, 1241, 1245, 1318, 1221, 1216, 1238, 1235, 1208, 1237, 1188, 1235, 1246, 1220, 1250, 1187, 1259, 1163, 1251, 1217, 1280, 1131, 1243, 1267, 1280, 1273, 1246, 1220, 1133, 1141, 1235, 1223, 1237, 1199, 1172, 1144, 1192, 1249, 1136, 1228, 1148, 1251, 1235, 1229, 1153, 1355, 1210, 1190, 1193, 1155, 1279, 1234, 1213, 1279, 1223, 1257, 1236, 1305, 1156, 1191, 1236, 1263, 1232, 1237, 1150, 1207, 1245, 1152, 1209, 1273, 1225, 1220, 1232, 1191, 1161, 1177, 1201, 1253, 1255, 1311, 1237, 1217, 1301, 1198, 1231, 1192, 1225, 1227, 1206, 1205, 1167, 1196, 1169, 1237, 1210, 1147, 1210, 1231, 1193, 1203, 1256, 1162, 1207, 1273, 1229, 1233, 1204, 1222, 1239, 1238, 1211, 1212, 1207, 1458, 1213, 1275, 1214, 1181, 1194, 1230, 1193, 1245, 1218, 1200, 1253, 1254, 1218, 1211, 1137, 1278, 1140, 1211, 1211, 1224, 1209, 1217, 1253, 1281, 1233, 1237, 1256, 1272, 1202, 1241, 1231, 1267, 1271, 1383, 1229, 1237, 1245, 1209, 1147, 1234, 1140, 1239, 1241, 1260, 1211, 1246, 431, 1216, 1229, 1234, 1202, 1157, 1283, 1190, 1263, 1132, 1135, 1255, 1126, 1223, 1238, 1238, 1278, 1234, 1140, 1250, 1290, 1203], "forwarding_mean": 1196.27,