{"A": {"coding_mean": 2049.7339999999999, "decoding_sd": 70.042212986169986, "forwarding_sd": 56.503177786740451, "coding": [2160, 2026, 2123, 2035, 2069, 2068, 2032, 2037, 2037, 2028, 2059, 2031, 2045, 2037, 2038, 2103, 2120, 2043, 2032, 2136, 2061, 2037, 2033, 2106, 2034, 2027, 2033, 2049, 2094, 2058, 2015, 2025, 2033, 2036, 2063, 2018, 2109, 2040, 2037, 2036, 2044, 2044, 2025, 2019, 2050, 2023, 2017, 1030, 2032, 2026, 2084, 2047, 2043, 2063, 2033, 2047, 2037, 2009, 1998, 2204, 2022, 2082, 2125, 2040, 2069, 2073, 2048, 2028, 2052, 2047, 2032, 2055, 2058, 2058, 2039, 2062, 2074, 2067, 2023, 2050, 2076, 2070, 2020, 2046, 2042, 2054, 2042, 2048, 2054, 2062, 2018, 2038, 2044, 2060, 2058, 2052, 2054, 2043, 2034, 2039, 2035, 2034, 2045, 2039, 2048, 2043, 2034, 2047, 2031, 2062, 2052, 2049, 2035, 2053, 2105, 2046, 2025, 2054, 2073, 2053, 2034, 2043, 2039, 2030, 2044, 2026, 2072, 2053, 2042, 2678, 2042, 2025, 2043, 2032, 2108, 2037, 2092, 2057, 2037, 2029, 2054, 2036, 2158, 2127, 1764, 1803, 2049, 2057, 2047, 2041, 2049, 2047, 2076, 2027, 2049, 2060, 2042, 2064, 2057, 2160, 2039, 2058, 2157, 2043, 2069, 2167, 2044, 2038, 2042, 2039, 2044, 2053, 2038, 2023, 2034, 2038, 2058, 2023, 2054, 2052, 2035, 2030, 2034, 2065, 2005, 2028, 2039, 2084, 2049, 2033, 2059, 2020, 2030, 2047, 2061, 2038, 2066, 2041, 2051, 1801, 2027, 2071, 2053, 2041, 2155, 2035, 2062, 2057, 2041, 2287, 2051, 2019, 2035, 2017, 2026, 2046, 2021, 2057, 2049, 2026, 2023, 2047, 2024, 2039, 2032, 2074, 2023, 2026, 2054, 2052, 2046, 2031, 2020, 2042, 2046, 2028, 2010, 2066, 2043, 1987, 2035, 2043, 2036, 2024, 2023, 2043, 2034, 2030, 2006, 2047, 2024, 2029, 2186, 2032, 2050, 2028, 2034, 2043, 2042, 2064, 2050, 2003, 2047, 2057, 2044, 2050, 2084, 2045, 2086, 2051, 2048, 2021, 2054, 2034, 2017, 2064, 2041, 2038, 2034, 2139, 2044, 2028, 2038, 2039, 2033, 2032, 2052, 2044, 2046, 2044, 2043, 2042, 2063, 2048, 2052, 2064, 2037, 2052, 2036, 2041, 2165, 2033, 2074, 2058, 2095, 2055, 2095, 2046, 2046, 2039, 2279, 2004, 2023, 2024, 2041, 2038, 1987, 2028, 2111, 2054, 2029, 2068, 2179, 2039, 2059, 2078, 2083, 2040, 2182, 2181, 2084, 2029, 2152, 2025, 2167, 2037, 2195, 2036, 2042, 2087, 2049, 2015, 2043, 2396, 2042, 2028, 2180, 2061, 2042, 2041, 2080, 2045, 2070, 2053, 2052, 2046, 2050, 2074, 2029, 2033, 2049, 2049, 2051, 2063, 2077, 2042, 2058, 2051, 2074, 2067, 2037, 2081, 2040, 2381, 2102, 2057, 2032, 2060, 2245, 2060, 2066, 2056, 2051, 2039, 2051, 2039, 2060, 2033, 2056, 2041, 2048, 2035, 2044, 2055, 2051, 2049, 2058, 2080, 2052, 2070, 2078, 2042, 2063, 2052, 2017, 2037, 2042, 2058, 2070, 2070, 2091, 2034, 2049, 2046, 2053, 2067, 2050, 2060, 2043, 2138, 2038, 1999, 2060, 2061, 2052, 2187, 2143, 2059, 2048, 2045, 2094, 2070, 2073, 2058, 2075, 2069, 2013, 2040, 2050, 2031, 2044, 2045, 2072, 2051, 2052, 2058, 2068, 2057, 2093, 2053, 2036, 2067, 2049, 2040, 2057, 1973, 2121, 2048, 2058, 2037, 2112, 2124, 2047, 2097, 2076, 2024, 2018, 2007, 2073, 2067, 2016, 2057, 2050, 1965, 2065, 2062, 2053, 2043, 722, 2058, 2033, 2047, 2084, 2082, 2182, 2048, 2039, 2047, 2058, 2050, 2160, 2042, 2044, 2072, 2065, 2075, 2017, 1348, 2056, 2067], "decoding": [1332, 1205, 1214, 1194, 1228, 1156, 1206, 1255, 1208, 1206, 1208, 1221, 1235, 1206, 1158, 1209, 1209, 1208, 1213, 1192, 1225, 1204, 1218, 1219, 1201, 1214, 1228, 1283, 1271, 1242, 1281, 1203, 1932, 1256, 1217, 1226, 1210, 1206, 1230, 1225, 1226, 1257, 1213, 1231, 1206, 1253, 1292, 1180, 1207, 1232, 1198, 1208, 1322, 1212, 1206, 1182, 1223, 1212, 816, 1210, 1202, 1277, 1197, 1236, 1207, 1260, 1257, 1221, 1208, 1232, 1221, 1209, 1205, 1271, 1215, 1208, 1240, 1220, 1217, 1205, 1331, 1216, 1260, 1183, 1207, 1247, 1196, 1203, 1277, 1209, 1221, 1207, 1230, 1207, 1242, 1228, 1220, 1281, 1208, 1170, 1211, 1281, 1221, 1246, 1212, 1220, 1225, 1220, 1213, 1199, 1226, 1226, 1221, 1284, 1215, 1208, 1192, 1221, 1190, 1198, 1228, 1493, 1224, 1206, 1245, 1213, 1208, 1244, 1234, 1257, 1204, 1228, 1240, 1207, 1205, 1209, 1226, 1217, 1226, 1211, 1210, 1217, 1251, 1211, 1122, 933, 1207, 1211, 1192, 1201, 1220, 1274, 1212, 1230, 1221, 1227, 1204, 1263, 1230, 1232, 1208, 1203, 1260, 1247, 1231, 1222, 1220, 1254, 1190, 1206, 1207, 1206, 1235, 1221, 1230, 1207, 1227, 1200, 1208, 1196, 1216, 1203, 1216, 1210, 1194, 1216, 1245, 1200, 1204, 1210, 1220, 1220, 1191, 1207, 1225, 1210, 1236, 1208, 1232, 1035, 1228, 1218, 1260, 1227, 1234, 1223, 1280, 1229, 1214, 1233, 1222, 1218, 1218, 1219, 1214, 1199, 1209, 1240, 1230, 1229, 1231, 1231, 1212, 1190, 1204, 1226, 1207, 1231, 1242, 1290, 1209, 1220, 1212, 1207, 1182, 1234, 1205, 1240, 1318, 1201, 1223, 1212, 1223, 1201, 1226, 1224, 1229, 1209, 1199, 1212, 1215, 1184, 1228, 1228, 1238, 1230, 1251, 1209, 1215, 1213, 1206, 1214, 1227, 1243, 1221, 1221, 1217, 1207, 1242, 1223, 1363, 1215, 1222, 1213, 1216, 1310, 1208, 1270, 1213, 1210, 1212, 1347, 1202, 1247, 1205, 1214, 1246, 1213, 1220, 1333, 1356, 1232, 1211, 1239, 1205, 1210, 1205, 1199, 1201, 1217, 1220, 1235, 1244, 1234, 1216, 1230, 1197, 1257, 1224, 1235, 1217, 1208, 1222, 1199, 1211, 1195, 1309, 1215, 1352, 1208, 1202, 1212, 1208, 1204, 1230, 1221, 1207, 1236, 1227, 1206, 1191, 1194, 1347, 1212, 1204, 1203, 1205, 1225, 1212, 1206, 1222, 1204, 1254, 1272, 1224, 1165, 1211, 1217, 1209, 1207, 1210, 1229, 1195, 1226, 1222, 1221, 1214, 1208, 1198, 1203, 1200, 1222, 1288, 1311, 1248, 1219, 1224, 1246, 1232, 1226, 1240, 1230, 1219, 1184, 1211, 1235, 1213, 1401, 1268, 1228, 1213, 1231, 1195, 1201, 1207, 1210, 1220, 1202, 1203, 1220, 1207, 1203, 1189, 1198, 1212, 1199, 1219, 1224, 1209, 1208, 1210, 1233, 1225, 1228, 1224, 1220, 1224, 1243, 1243, 1209, 1250, 1243, 1296, 1225, 1295, 1218, 1233, 1208, 1205, 1256, 1243, 1266, 1210, 1330, 1402, 1308, 1204, 1265, 1226, 1210, 1214, 1230, 1250, 1236, 1224, 1203, 1202, 1240, 1225, 1217, 1235, 1217, 1223, 1215, 1225, 1212, 1242, 1273, 1239, 1213, 1236, 1222, 1247, 1224, 1218, 1187, 1260, 1243, 1224, 1243, 1224, 1234, 1235, 1233, 1224, 1194, 1214, 1215, 1226, 1241, 1210, 1221, 1219, 1227, 1221, 1225, 1218, 1208, 638, 1210, 1205, 1204, 1276, 1215, 1210, 1217, 1205, 1220, 1232, 1261, 1217, 1220, 1222, 1221, 1232, 1219, 1252, 336, 1245, 1198], "forwarding_mean": 1197.4300000000001,