{"A": {"coding_mean": 1941.8440000000001, "decoding_sd": 250.67219697445506, "forwarding_sd": 254.14317585959296, "coding": [2113, 1979, 2062, 2055, 2074, 2034, 1930, 1932, 2067, 1904, 2022, 1716, 2159, 2103, 702, 614, 563, 1845, 2026, 2134, 2066, 2058, 2237, 2085, 2186, 2208, 2078, 2077, 2074, 2140, 2046, 906, 539, 843, 752, 2114, 2038, 2075, 2128, 2010, 2473, 2149, 2075, 935, 595, 1108, 704, 1192, 2755, 3144, 853, 645, 2074, 598, 2245, 1195, 2070, 1116, 2178, 2081, 2104, 2050, 2136, 1977, 2435, 2046, 2005, 2053, 2089, 1969, 2035, 2017, 2027, 2066, 2031, 2030, 2042, 2017, 2015, 2087, 2064, 2086, 2075, 2048, 1906, 1690, 1944, 3307, 568, 747, 691, 613, 644, 604, 579, 632, 695, 2049, 2030, 741, 922, 2041, 784, 665, 610, 592, 544, 593, 622, 2065, 513, 1981, 2172, 2037, 2063, 2069, 2087, 2068, 689, 2915, 635, 3106, 2077, 1928, 2139, 2065, 1989, 2063, 2082, 2015, 2025, 2094, 2070, 2089, 2078, 2074, 2062, 2978, 1791, 2056, 2066, 1996, 2019, 2091, 2070, 2062, 1054, 1120, 2087, 1996, 2033, 2074, 2015, 2016, 2109, 2045, 2049, 2080, 736, 778, 1478, 2040, 2036, 2032, 3208, 2058, 2043, 2056, 2019, 2130, 2002, 2075, 1997, 2024, 1953, 1965, 1941, 1953, 2072, 2095, 2001, 1919, 2021, 2004, 2115, 2053, 2022, 1843, 1833, 2059, 1816, 2017, 1814, 1826, 1830, 2005, 2033, 2089, 2072, 2094, 2062, 2073, 2047, 2061, 2037, 2011, 2079, 1961, 2056, 2046, 2120, 2045, 1991, 2050, 2061, 2326, 2124, 1431, 2140, 2042, 2178, 2087, 1095, 1393, 2046, 2051, 2043, 3043, 2053, 2076, 2091, 2004, 2058, 2045, 2014, 2016, 2248, 3237, 1115, 1922, 1763, 1681, 1661, 1723, 1976, 1958, 551, 2198, 2086, 1995, 2072, 1883, 2069, 2088, 2023, 2060, 2092, 2070, 2185, 2269, 4409, 2071, 2479, 2053, 2073, 2063, 1889, 1806, 2053, 1936, 1795, 1705, 1697, 1937, 1719, 1990, 1914, 1736, 2014, 1978, 1717, 1738, 1730, 2015, 3170, 889, 1223, 2095, 2112, 1030, 2675, 2149, 2500, 2070, 1966, 1809, 2059, 2098, 2014, 2112, 2162, 2095, 2064, 2121, 2038, 1863, 2057, 2017, 2050, 2077, 1895, 2083, 2197, 2055, 2672, 2207, 2058, 2023, 2082, 2054, 2502, 2217, 2591, 2272, 2033, 2070, 2047, 2387, 2089, 2095, 1980, 2133, 2070, 2073, 2095, 2031, 1906, 1990, 2049, 2048, 2053, 2451, 1907, 1945, 1919, 1911, 2100, 2008, 2079, 2116, 2188, 2069, 2086, 2218, 2099, 2016, 2075, 2057, 2117, 2067, 1924, 2001, 2109, 1930, 1921, 1947, 2017, 1989, 1976, 2027, 2062, 2131, 2097, 2054, 2137, 2049, 2062, 2084, 2070, 2058, 2064, 2049, 2079, 2093, 2072, 2091, 2076, 2057, 2081, 2057, 2070, 2062, 2057, 2063, 2078, 2069, 2060, 2025, 2039, 2216, 990, 2087, 1407, 2151, 2046, 2009, 2138, 2153, 2073, 2091, 2038, 2069, 2069, 1917, 2071, 2023, 2077, 2092, 2064, 1945, 2068, 2086, 2070, 2083, 1907, 1959, 2185, 2050, 2033, 1998, 2003, 2086, 2063, 2073, 2054, 2077, 1998, 2209, 2092, 2105, 2065, 2160, 2030, 2017, 2184, 2114, 2132, 2097, 2144, 2018, 2081, 2023, 2045, 2016, 2069, 1893, 2075, 2065, 2067, 2062, 2077, 2062, 2045, 2060, 2083, 2088, 2083, 2096, 2074, 2100, 2061, 2076, 2076, 2074, 2074, 2070, 2060, 2024, 726, 2055, 2056, 2105, 2058, 2149, 2065, 2100, 2133, 2036, 2045, 2105, 2260, 2163, 2186, 2151, 1469, 1634, 1536, 2081, 2073, 1376], "decoding": [1310, 1209, 1294, 1277, 1165, 1175, 1211, 1206, 1491, 1082, 1242, 1041, 1258, 1249, 351, 362, 394, 1118, 1241, 1156, 1211, 1248, 1384, 1254, 1355, 1255, 1234, 1237, 1222, 1217, 1226, 1171, 447, 363, 467, 700, 1845, 1247, 1252, 2150, 1493, 1202, 1262, 990, 375, 973, 326, 1253, 1182, 2219, 391, 424, 1243, 470, 1322, 879, 1265, 1189, 463, 1265, 1270, 1159, 1231, 1361, 1301, 1236, 1323, 1239, 1251, 1310, 1335, 1237, 1231, 1138, 1376, 1250, 1214, 1323, 1283, 1194, 1262, 1204, 1268, 1268, 1258, 1024, 1192, 1247, 397, 350, 586, 450, 627, 533, 396, 399, 467, 1510, 1272, 1399, 457, 1758, 358, 476, 394, 528, 568, 358, 363, 1943, 379, 1741, 1226, 1263, 1267, 1324, 1274, 1247, 464, 1256, 673, 1286, 1135, 1222, 1236, 1230, 1250, 1258, 1261, 1250, 1804, 1206, 1287, 1274, 1250, 1294, 1290, 1192, 1193, 1187, 1270, 1247, 1191, 1331, 1237, 1425, 922, 908, 1288, 1098, 1248, 1423, 1255, 1322, 1230, 1269, 1258, 1583, 870, 519, 720, 1294, 1248, 1327, 1227, 1252, 1259, 1238, 1261, 1254, 1258, 1247, 1412, 1254, 1226, 1236, 1195, 1260, 1258, 1285, 1224, 1187, 1174, 1167, 1156, 1227, 1233, 1091, 1082, 1248, 1019, 1232, 1075, 1088, 1096, 1242, 1228, 1227, 1280, 1296, 1291, 1257, 1317, 1269, 1265, 1230, 1227, 1195, 1241, 1235, 1259, 1249, 1247, 1243, 1265, 717, 1271, 856, 1264, 1237, 1459, 1257, 659, 659, 1274, 1250, 1158, 1242, 818, 1314, 1212, 1124, 1168, 1155, 1270, 1249, 1337, 1233, 704, 1241, 1081, 1088, 1085, 1011, 1005, 1238, 524, 1288, 1336, 1167, 1162, 1234, 1154, 1271, 1170, 1279, 1292, 1264, 1287, 1230, 1219, 1230, 1224, 1247, 1220, 1230, 1246, 1048, 1256, 1232, 1084, 997, 997, 1074, 1001, 1257, 1166, 1021, 1203, 1230, 1025, 1026, 1081, 1226, 1259, 733, 640, 1352, 1256, 649, 1254, 1271, 1277, 1179, 1177, 1095, 1170, 1199, 1203, 1236, 1354, 1259, 1249, 1264, 1262, 1183, 1273, 1271, 1262, 1298, 1226, 1265, 1233, 1414, 1200, 1255, 1176, 1298, 1313, 1289, 1241, 1227, 1203, 1602, 1266, 1372, 1246, 1163, 1210, 1249, 1207, 1234, 1173, 1189, 1246, 1252, 1241, 1201, 1271, 1228, 1225, 1289, 1225, 1244, 1243, 1221, 1213, 1235, 1264, 1239, 1249, 1266, 1235, 1236, 1265, 1171, 1175, 1330, 1271, 1246, 1233, 1227, 1282, 1175, 1178, 1188, 1233, 1243, 1189, 1197, 1229, 1229, 1321, 1175, 1168, 1186, 1276, 1336, 1293, 1244, 1269, 1172, 1267, 1242, 1162, 1295, 1264, 1272, 1302, 1154, 1274, 1223, 1176, 1254, 1279, 1262, 1163, 1285, 1231, 1259, 1782, 1285, 842, 1226, 1227, 1226, 1268, 1303, 1190, 1222, 1226, 1275, 1167, 1174, 1246, 1212, 1220, 1227, 1253, 1234, 1290, 1848, 1273, 1257, 1226, 1225, 1230, 1257, 1234, 1243, 1258, 1236, 1221, 1407, 1265, 1218, 1217, 1212, 1234, 1267, 1268, 1253, 1374, 1474, 1231, 1227, 1289, 1370, 1234, 1218, 1148, 1261, 1261, 1282, 1260, 1150, 1152, 1261, 1218, 1222, 1301, 1257, 1166, 1257, 1288, 1217, 1220, 1259, 1256, 1248, 1257, 1218, 1257, 1279, 1182, 1283, 1262, 1273, 423, 1253, 1257, 1255, 1230, 1212, 1262, 1264, 1268, 1378, 1264, 1252, 1259, 1221, 1244, 1206, 847, 884, 857, 1159, 1230, 862], "forwarding_mean": 1170.3579999999999,