{"A": {"coding_mean": 2194.5639999999999, "decoding_sd": 3325.0602883406486, "forwarding_sd": 71.895531321494516, "coding": [2285, 2177, 2180, 2158, 2190, 2185, 2153, 2149, 2112, 2116, 2202, 2202, 2057, 2154, 2153, 2158, 2196, 2164, 2169, 2150, 2174, 2033, 2188, 2196, 2187, 2166, 2153, 2180, 2187, 2157, 2297, 2162, 2230, 2175, 2138, 2264, 2141, 2071, 2264, 2176, 2174, 2145, 2308, 2256, 2191, 2193, 1994, 2263, 2234, 2032, 2283, 2040, 2168, 2157, 2276, 2041, 2166, 2252, 2162, 2045, 2179, 1997, 2161, 2161, 2170, 2186, 2120, 2152, 2181, 2195, 2165, 2172, 2249, 2004, 2144, 2029, 2174, 2203, 2156, 2169, 2233, 2158, 2182, 2178, 2007, 2169, 2183, 2230, 2254, 2178, 2195, 2186, 2032, 2144, 2221, 2001, 2229, 2167, 2296, 2181, 2161, 2153, 2182, 2510, 2190, 2178, 2265, 2159, 2162, 2187, 2203, 2177, 2187, 2102, 2167, 2192, 2169, 2140, 2190, 2185, 2172, 2303, 2315, 2167, 2146, 2159, 2162, 2161, 2149, 2160, 2125, 2159, 2317, 2173, 2185, 2283, 2205, 2328, 2314, 2191, 2301, 2216, 2183, 2329, 2195, 2165, 2155, 2207, 2167, 2115, 2180, 2184, 2317, 2186, 2192, 2178, 2178, 2168, 2359, 2190, 2420, 6468, 6492, 5996, 2199, 2144, 2165, 2176, 2116, 2172, 2235, 2195, 2171, 2190, 2177, 2183, 2192, 2200, 2217, 2195, 2179, 2213, 2227, 2159, 2177, 2224, 2178, 2188, 2194, 2156, 2182, 2160, 2187, 2174, 2175, 2169, 2174, 2151, 2127, 2204, 2176, 2172, 2179, 2170, 2180, 2174, 2157, 2195, 2186, 2172, 2178, 1970, 2163, 2171, 2193, 2011, 2191, 2006, 2175, 2163, 2198, 2169, 2158, 2201, 2155, 2153, 2176, 2176, 2181, 2174, 2193, 2180, 2238, 2165, 2338, 2242, 2146, 2180, 2191, 2170, 2024, 2184, 2187, 2093, 2194, 2175, 2216, 2205, 2174, 2181, 2175, 2185, 2174, 2187, 2179, 2146, 2203, 2041, 2198, 2153, 2156, 2157, 2187, 2165, 2154, 2169, 2185, 2187, 2294, 2160, 2160, 2295, 2288, 2162, 2195, 2172, 2181, 2167, 2187, 2198, 2156, 2178, 2183, 2149, 2150, 2165, 2186, 2169, 2243, 2162, 2164, 2310, 2184, 2171, 2179, 2195, 2175, 2173, 2165, 2293, 2182, 2164, 2013, 2172, 2152, 2167, 2167, 2201, 2179, 2225, 2194, 2177, 2174, 2164, 2163, 2196, 2174, 2181, 2182, 2201, 2182, 2178, 2154, 2194, 2190, 2163, 2190, 2174, 2117, 2157, 2178, 2169, 2166, 2196, 2184, 2180, 2178, 2188, 2149, 2143, 2196, 2186, 2176, 2196, 2202, 2180, 2178, 2179, 2145, 2173, 2134, 2270, 2126, 2128, 2173, 2168, 2183, 2157, 2176, 2172, 2182, 2189, 1982, 2199, 2175, 2170, 2177, 2100, 2186, 2181, 2170, 2190, 2164, 2178, 2170, 2177, 2320, 2178, 2317, 2297, 2204, 2147, 2160, 2179, 2146, 2153, 2183, 2212, 2173, 2200, 2211, 2159, 2173, 2308, 2162, 2183, 2159, 2173, 2172, 2176, 2189, 2212, 2172, 2194, 2192, 2010, 2193, 2089, 2172, 2162, 2183, 1982, 2200, 2171, 2190, 2238, 2290, 2185, 2030, 2026, 2014, 2012, 2014, 2121, 2031, 2227, 2241, 2211, 2191, 2163, 2111, 2192, 2170, 2165, 2246, 2027, 2172, 2210, 2187, 2200, 2179, 2169, 2155, 2202, 2192, 2223, 2049, 2175, 2167, 2190, 2188, 2186, 2181, 2167, 2180, 2190, 2166, 2189, 2192, 2186, 2183, 2165, 2210, 2019, 2019, 2199, 2026, 2185, 2197, 2130, 2016, 2219, 2023, 2053, 2199, 2002, 2180, 2256, 790, 1700, 2192, 2195, 2186, 2157, 2181, 2173, 2027, 2185, 2024, 2177, 2021, 2249, 2026, 2248, 2236, 2238, 2018, 2191, 2194, 2063], "decoding": [1440, 1323, 1360, 1322, 1320, 1317, 1310, 1295, 1241, 1323, 1310, 1387, 1275, 1278, 1339, 1325, 1311, 1337, 1320, 1326, 1375, 1234, 1334, 1326, 1313, 1331, 1379, 1324, 1363, 1320, 1286, 1368, 1322, 1363, 1382, 1367, 1213, 1275, 1312, 1361, 1378, 1359, 1325, 1320, 1343, 1359, 1270, 1346, 1322, 1276, 1362, 1290, 1326, 1342, 1308, 1309, 1315, 1359, 1322, 1274, 1329, 1286, 1334, 1349, 1358, 1324, 1287, 1330, 1361, 1412, 1308, 1362, 1304, 1265, 1383, 1210, 1311, 1320, 1317, 1308, 1357, 1304, 1345, 1391, 1287, 1375, 1345, 1329, 1304, 1310, 1303, 1313, 1305, 1348, 1319, 1283, 1311, 1346, 1327, 1347, 1293, 1354, 1304, 1351, 1384, 1364, 1287, 1303, 1314, 1379, 1375, 1334, 1309, 1289, 1318, 1306, 1327, 1345, 1329, 1330, 1315, 1377, 1338, 1311, 1330, 1308, 1316, 1327, 1309, 1354, 1315, 1313, 1340, 1319, 1302, 1361, 1343, 1325, 1293, 1363, 1279, 1333, 1309, 1364, 1315, 1283, 1316, 1344, 1391, 1278, 1321, 1358, 1315, 1316, 1358, 1337, 1275, 1351, 1359, 1318, 1338, 53983, 53983, 1612, 1308, 1294, 1288, 1317, 1573, 1322, 1316, 1337, 1312, 1320, 1356, 1336, 1327, 1368, 1338, 1291, 1331, 1307, 1328, 1216, 1196, 1331, 1330, 1355, 1334, 1379, 1324, 1332, 1360, 1325, 1332, 1313, 1216, 1283, 1331, 1322, 1386, 1321, 1366, 1390, 1334, 1282, 1305, 1363, 1326, 1222, 1331, 1293, 1347, 1337, 1297, 1210, 1363, 1230, 1326, 1351, 1281, 1221, 1287, 1340, 1309, 1334, 1333, 1351, 1317, 1307, 1317, 1305, 1321, 1224, 1301, 1431, 1333, 1293, 1228, 1378, 1275, 1333, 1402, 1276, 1317, 1318, 1324, 1339, 1322, 1361, 1313, 1370, 1317, 1301, 1292, 1365, 1322, 1292, 1334, 1369, 1339, 1350, 1334, 1313, 1329, 1283, 1330, 1385, 1361, 1330, 1363, 1322, 1325, 1383, 1280, 1318, 1317, 1310, 1309, 1318, 1204, 1364, 1369, 1279, 1307, 1350, 1361, 1387, 1330, 1327, 1315, 1322, 1293, 1319, 1305, 1331, 1221, 1320, 1318, 1328, 1430, 1293, 1339, 1357, 1372, 1363, 1284, 1346, 1389, 1309, 1280, 1274, 1543, 1360, 1347, 1312, 1367, 1313, 1336, 1315, 1341, 1371, 1498, 1354, 1331, 1350, 1368, 1254, 1192, 1183, 1274, 1281, 1334, 1297, 1218, 1207, 1331, 1323, 1373, 1371, 1286, 1209, 1391, 1373, 1320, 1342, 1331, 1328, 1339, 1308, 1994, 827, 1213, 1331, 1308, 1345, 1300, 1299, 1408, 1413, 1318, 1306, 1301, 1311, 1317, 1319, 1326, 1223, 1359, 1286, 1344, 1326, 1392, 1274, 1312, 1327, 1360, 1325, 1394, 1347, 1333, 1327, 1320, 1343, 1326, 1393, 1319, 1382, 1362, 1298, 1281, 1298, 1324, 1279, 1288, 1278, 1284, 1285, 1327, 1313, 1382, 1328, 1323, 1309, 1373, 1261, 1339, 1231, 1317, 1221, 1389, 1216, 1396, 1382, 1325, 1442, 1330, 1314, 1250, 1235, 1234, 1226, 1222, 1232, 1228, 1298, 1341, 1294, 1303, 1275, 1225, 1329, 1360, 1321, 1367, 1242, 1356, 1318, 1321, 1324, 1323, 1290, 1284, 1332, 1324, 1276, 1234, 1312, 1368, 1340, 1320, 1278, 1322, 1330, 1384, 1231, 1279, 1239, 1229, 1327, 1381, 1333, 1343, 1262, 1212, 1466, 1253, 1365, 1316, 1205, 1223, 1236, 1209, 1222, 1318, 1199, 1380, 1441, 505, 688, 1357, 1358, 1323, 1371, 1426, 1333, 1224, 1231, 1218, 1313, 1207, 1430, 1241, 1314, 1343, 1360, 1296, 1373, 1267, 1211], "forwarding_mean": 1306.0239999999999,