{"A": {"coding_mean": 2071.1799999999998, "decoding_sd": 107.69126187393293, "forwarding_sd": 105.72867650736957, "coding": [2270, 1965, 2191, 2391, 2026, 2148, 2158, 1986, 2099, 2138, 3189, 909, 891, 877, 2152, 899, 2134, 2121, 2161, 2113, 2091, 2121, 2102, 2089, 2109, 2119, 2153, 2141, 2111, 2111, 2095, 2091, 2100, 2100, 2123, 2103, 2118, 2176, 2094, 1995, 1993, 2202, 2088, 2115, 2104, 2153, 2093, 2394, 1989, 2107, 1991, 2115, 2113, 2039, 2086, 2097, 2131, 2120, 2093, 2100, 2124, 2061, 2094, 2100, 2102, 2120, 2098, 2077, 2099, 2083, 2104, 2121, 2114, 2096, 2125, 2100, 2122, 2105, 2088, 2104, 2122, 2117, 2087, 2102, 2106, 2141, 2119, 2100, 2130, 2109, 2119, 2235, 2094, 2118, 2094, 2095, 2101, 2130, 2113, 2099, 2235, 1980, 2099, 2151, 2095, 2112, 2112, 2114, 2067, 2114, 2028, 2130, 2120, 2100, 2075, 2074, 2396, 2107, 2198, 2105, 2333, 2104, 1942, 2112, 1998, 1980, 1965, 1897, 2056, 1914, 2181, 2116, 1920, 2246, 1966, 2092, 1918, 1758, 2105, 2070, 1724, 1827, 1766, 2119, 1948, 2117, 1919, 1848, 2117, 2095, 1958, 2095, 1921, 2082, 1955, 2189, 1935, 2071, 1943, 2115, 1954, 2099, 1992, 2232, 1986, 2096, 1939, 2188, 1972, 2247, 1957, 2121, 2055, 1979, 1863, 1941, 2124, 2044, 2090, 2107, 2093, 1988, 2125, 2105, 2110, 2086, 2119, 2108, 2116, 1949, 2100, 2115, 2108, 2106, 2136, 2128, 2526, 2091, 2089, 2081, 1944, 2165, 2125, 2086, 2054, 2128, 2126, 2146, 2107, 2130, 2129, 2119, 2097, 2093, 2096, 2116, 2111, 2085, 2094, 2097, 2125, 1958, 2128, 2108, 2096, 2128, 2102, 2130, 2102, 1966, 2092, 1963, 2125, 2125, 1959, 1959, 1988, 2081, 2131, 1972, 2120, 1937, 2131, 1960, 2023, 2108, 1991, 2118, 2016, 2125, 2108, 2049, 2104, 2816, 2187, 2056, 2250, 2175, 1972, 2139, 1956, 2047, 2053, 2116, 2034, 2111, 2107, 2112, 2043, 2128, 2075, 2041, 2011, 2119, 2119, 1977, 2116, 2117, 2173, 2036, 2044, 2241, 2119, 2107, 2114, 2245, 2106, 2063, 2113, 2114, 2097, 2045, 2200, 2111, 2113, 1939, 2112, 2118, 1948, 2111, 2095, 1939, 2133, 2151, 2108, 1987, 1981, 2190, 1932, 2109, 2104, 1981, 2112, 1961, 2134, 2108, 1937, 2113, 2113, 2146, 2107, 1936, 2119, 2108, 1953, 2166, 1952, 2130, 2112, 2168, 1941, 2110, 2103, 2122, 2154, 2106, 2219, 2126, 2115, 2124, 2114, 2105, 2063, 2102, 2102, 2134, 2120, 2056, 2063, 2079, 2094, 2140, 2050, 2150, 2169, 2158, 2043, 2001, 2072, 2064, 2049, 2097, 2072, 2147, 2150, 2002, 1956, 1913, 2118, 1935, 1720, 1973, 1722, 1966, 2121, 2185, 1940, 2039, 1753, 1881, 1950, 1794, 2156, 1992, 1718, 2184, 1981, 2196, 2125, 1903, 2117, 1981, 2122, 1934, 2215, 1875, 2130, 2046, 1939, 2113, 2107, 2115, 2233, 2037, 2129, 2123, 1977, 2106, 2127, 1920, 2149, 2133, 2131, 2118, 1932, 2118, 1995, 2110, 1995, 2784, 1977, 2117, 1984, 2112, 1986, 2122, 1961, 2177, 1979, 2147, 2070, 2128, 1984, 2117, 2114, 1950, 2117, 1991, 2132, 1971, 2134, 2188, 1983, 2140, 1990, 2113, 2132, 2114, 2173, 1943, 2131, 2122, 1990, 2115, 2150, 1985, 2134, 2130, 1969, 2168, 2104, 1937, 2198, 1990, 2179, 1986, 2194, 1967, 2101, 2230, 2100, 2115, 2193, 2132, 2117, 2087, 2075, 2114, 735, 2043, 2127, 2112, 2112, 2120, 2138, 2109, 2062, 2075, 2013, 2078, 2143, 2071, 2063, 1894, 1979, 2112, 2143, 2057, 2129, 2116], "decoding": [1444, 1218, 1340, 1319, 1289, 1316, 1348, 1294, 1310, 1311, 1267, 598, 560, 593, 587, 563, 1353, 1308, 1347, 1345, 1275, 1316, 1366, 1328, 1315, 1344, 1620, 1330, 1448, 1306, 1330, 1433, 1327, 1336, 1389, 1295, 1332, 1323, 1316, 1273, 1231, 1313, 1313, 1380, 1338, 1324, 1342, 1332, 1292, 1302, 1224, 1265, 1395, 1284, 1323, 1312, 1285, 1298, 1311, 1348, 1306, 1277, 1337, 1350, 1299, 1304, 1315, 1244, 1295, 1280, 1326, 1315, 1372, 1372, 1255, 1280, 1348, 1334, 1225, 1341, 1285, 1286, 1344, 1318, 1310, 1224, 1320, 1323, 1673, 1328, 1313, 1311, 1291, 1337, 1299, 1300, 1287, 1218, 1319, 1289, 1225, 1288, 1321, 1302, 1209, 1309, 1310, 1362, 1308, 1312, 1308, 1293, 1316, 1283, 1385, 1452, 1285, 1280, 1296, 1318, 1321, 1287, 1237, 1309, 1304, 1287, 1218, 1280, 1363, 1305, 1342, 1370, 1315, 1309, 1243, 1309, 1289, 1135, 1202, 1287, 1065, 1049, 1045, 1124, 1220, 1328, 1360, 1204, 1313, 1326, 1280, 1310, 1268, 1367, 1285, 1321, 1282, 1365, 1226, 1324, 1220, 1314, 1296, 1383, 1242, 1421, 1297, 1353, 1243, 1353, 1237, 1341, 1233, 1288, 1277, 1277, 1325, 1294, 1330, 1276, 1240, 1244, 1358, 1286, 1329, 1329, 1320, 1326, 1283, 1222, 1269, 1225, 1318, 1310, 1320, 1388, 1335, 1305, 1457, 1335, 1201, 1304, 1354, 1289, 1245, 1348, 1277, 1276, 1346, 1306, 1319, 1232, 1274, 1330, 1294, 1229, 2027, 1332, 1334, 1372, 1291, 1227, 1362, 1377, 1320, 1282, 1316, 1336, 1289, 1214, 1320, 1227, 1282, 1310, 1220, 1215, 1214, 1346, 1292, 1229, 1260, 1231, 1326, 1228, 1244, 1370, 1237, 1217, 1239, 1225, 1234, 1222, 1227, 1234, 1223, 1276, 1393, 1294, 1271, 1303, 1221, 1217, 1219, 1444, 1251, 1225, 1329, 1290, 1336, 1316, 1345, 1219, 1238, 1291, 1303, 1222, 1315, 1335, 1308, 1245, 1212, 1234, 1315, 1226, 1221, 1275, 1312, 1221, 1268, 1257, 1324, 1345, 1342, 1402, 1306, 1228, 1407, 1289, 1224, 1326, 1372, 1275, 1361, 1311, 1361, 1245, 1303, 1385, 1278, 1341, 1631, 1298, 1322, 1346, 1374, 1381, 1274, 1347, 1355, 1330, 1334, 1315, 1328, 1330, 1245, 1341, 1235, 1394, 1342, 1276, 1279, 1324, 1242, 1329, 1367, 1245, 1395, 1333, 1326, 1298, 1328, 1317, 1346, 1312, 1363, 1324, 1349, 1327, 1301, 1384, 1359, 1221, 1445, 1313, 1287, 1301, 1236, 1218, 1313, 1333, 1326, 1328, 1368, 1326, 1358, 1283, 1294, 1274, 1316, 1272, 1273, 1137, 1123, 1145, 1321, 1364, 1289, 1292, 1127, 1150, 1231, 1147, 1140, 1233, 1093, 1382, 1304, 1366, 1342, 1427, 1325, 1286, 1337, 1277, 1370, 1238, 1317, 1238, 1225, 1362, 1281, 1343, 1358, 1350, 1321, 1343, 1293, 1328, 1319, 1289, 1344, 1333, 1374, 1331, 1291, 1325, 1313, 1343, 1301, 1380, 1233, 1346, 1253, 1288, 1295, 1343, 1284, 1338, 1280, 1331, 1332, 1377, 1252, 1317, 1330, 1285, 1341, 1239, 1365, 1281, 1324, 1350, 1297, 1328, 1289, 1342, 1320, 1384, 1529, 1279, 1335, 1342, 1287, 1344, 1326, 1257, 1306, 1352, 1262, 1322, 1370, 1279, 1364, 1281, 1321, 1291, 1331, 1276, 1322, 1290, 1331, 1322, 1328, 1332, 1325, 1290, 1272, 1395, 475, 1259, 1343, 1329, 1376, 1319, 1340, 1349, 1283, 1272, 1256, 1308, 1346, 1309, 1291, 1299, 1312, 1328, 1329, 1282, 1360, 1322], "forwarding_mean": 1285.3420000000001,