{"A": {"coding_mean": 1975.3520000000001, "decoding_sd": 181.20673606684716, "forwarding_sd": 208.69962552913216, "coding": [2191, 1767, 2105, 2007, 2014, 2035, 2036, 1985, 2042, 2022, 2018, 2025, 2033, 2137, 2057, 2004, 2032, 2009, 2010, 2033, 2023, 2036, 2011, 2012, 2025, 2143, 2007, 2023, 2089, 2275, 2072, 2027, 2029, 2067, 2039, 2026, 2012, 2038, 2056, 2021, 2037, 2023, 2017, 2024, 2044, 2066, 2009, 2026, 2040, 2039, 2036, 2018, 2009, 2006, 2020, 2010, 2035, 2041, 2028, 2038, 2024, 2024, 2084, 2020, 2024, 2024, 2021, 2019, 2026, 2008, 1642, 2069, 2040, 2023, 2028, 2026, 2036, 1978, 2012, 2047, 2039, 2077, 2018, 2024, 2015, 2040, 2005, 1992, 2041, 2011, 2017, 2012, 2028, 2033, 2032, 2008, 1978, 2017, 2009, 2073, 2031, 2029, 2013, 2023, 2068, 2029, 2041, 2019, 2122, 2038, 2032, 1992, 2022, 2008, 2013, 2131, 2014, 2036, 2023, 2162, 2051, 2022, 2094, 2221, 2037, 2031, 2037, 2017, 2032, 2051, 1987, 1953, 2147, 2060, 2022, 2022, 2072, 2093, 2054, 2020, 2026, 2029, 2018, 2041, 2078, 2016, 2035, 2094, 2023, 2018, 2018, 2037, 2047, 2011, 2019, 2032, 2031, 2029, 2013, 2025, 2050, 2061, 2006, 2058, 2025, 2029, 2031, 1978, 2076, 2040, 2052, 2036, 2030, 2231, 2064, 2070, 2030, 2021, 2017, 2077, 2021, 2030, 2019, 2181, 2042, 2019, 1985, 2036, 2019, 2005, 2021, 2017, 2131, 2117, 2066, 2040, 2014, 2055, 2036, 2011, 2017, 2016, 2170, 2014, 2093, 2043, 1990, 2099, 2258, 2033, 2034, 2056, 2032, 2081, 2076, 2021, 2110, 2019, 2097, 2035, 2027, 2038, 2037, 2025, 2030, 2054, 2013, 2110, 2019, 2051, 2028, 2021, 2104, 2085, 2017, 2089, 2030, 2042, 2113, 2035, 2014, 2020, 2007, 2019, 2088, 2029, 2033, 2011, 2165, 2025, 2012, 2024, 2032, 2026, 2014, 2024, 2086, 2065, 2071, 2019, 2032, 2040, 2039, 2012, 2043, 2030, 2050, 2019, 2019, 2030, 2019, 2355, 2009, 2014, 1826, 1903, 1924, 1770, 1800, 1796, 1957, 1995, 2000, 2045, 2113, 2025, 2066, 2088, 2005, 2023, 2028, 2031, 2013, 2067, 1876, 1833, 2044, 1997, 727, 523, 1812, 2672, 2027, 2015, 1977, 2025, 1996, 1944, 2090, 2010, 2056, 2125, 2054, 2020, 2015, 2011, 2037, 897, 1365, 1431, 2021, 627, 1531, 2164, 1949, 1916, 2027, 2035, 2156, 2197, 2055, 2031, 2033, 2024, 2074, 2094, 2003, 2047, 2034, 2029, 2242, 2033, 2014, 2074, 2039, 2111, 2059, 2024, 2184, 2062, 2190, 2111, 2031, 2037, 2049, 2079, 2017, 2054, 2028, 2050, 2042, 2027, 2113, 2192, 2399, 2026, 2017, 2022, 2036, 2052, 2037, 2012, 2040, 2004, 2079, 2079, 2013, 2030, 2084, 2134, 2075, 2042, 2000, 2031, 2051, 2027, 2882, 2046, 2041, 2020, 2043, 2065, 2073, 2174, 1977, 2051, 1454, 1978, 576, 542, 610, 2091, 1817, 2018, 2053, 2033, 620, 2062, 2033, 2038, 2173, 2047, 2023, 2028, 594, 1801, 526, 1044, 2080, 2041, 2005, 2025, 2030, 2425, 928, 675, 1913, 594, 1666, 528, 628, 554, 1825, 1788, 2031, 2037, 2040, 1983, 1833, 1763, 2127, 1813, 1846, 2754, 2048, 2181, 1404, 1900, 2072, 2036, 2057, 1995, 2126, 1759, 2051, 2081, 2020, 2050, 2007, 2058, 2045, 2021, 2010, 2056, 2133, 1818, 2041, 2024, 2166, 2422, 970, 531, 2024, 2033, 2003, 1980, 2988, 2129, 767, 2112, 2022, 2159, 620, 2240, 2014, 2003, 2000, 1798, 2140, 2017, 1979, 563, 2071, 2040, 2063, 2005, 2031, 1997, 2118, 2044], "decoding": [1240, 1047, 1218, 1251, 1209, 1242, 1237, 1216, 1213, 1411, 1219, 1203, 1331, 1239, 1245, 1282, 1241, 1216, 1212, 1222, 1236, 1236, 1223, 1223, 1252, 1229, 1214, 1223, 1265, 1230, 1222, 1215, 1288, 1226, 1234, 1220, 1209, 1222, 1220, 1203, 1212, 1232, 1218, 1252, 1210, 1248, 1210, 1234, 1085, 1200, 1231, 1386, 1237, 1438, 1229, 1225, 1238, 1191, 1202, 1232, 1213, 1205, 1244, 1218, 1225, 1208, 1202, 1218, 1227, 1240, 1168, 1217, 1223, 1237, 1209, 1199, 1216, 1217, 1202, 1238, 1220, 1241, 1203, 1214, 1205, 1228, 1263, 1224, 1214, 1818, 1262, 1223, 1238, 1203, 1219, 1225, 1198, 1241, 1213, 1224, 1197, 1193, 1211, 1269, 1207, 1209, 1213, 1239, 1212, 1222, 1202, 1249, 1246, 1240, 1224, 1207, 1249, 1273, 1269, 1265, 1217, 1221, 1211, 1221, 1234, 1224, 1235, 1210, 1278, 1280, 1204, 1229, 1269, 1213, 1217, 1209, 1218, 1220, 1656, 1214, 1256, 1251, 1223, 1228, 1212, 1202, 1265, 1216, 1223, 1228, 1234, 1214, 1213, 1199, 1219, 1232, 1194, 1210, 1223, 1234, 1235, 1196, 1211, 1236, 1216, 1235, 1228, 1250, 1227, 1206, 1197, 1214, 1219, 1208, 1203, 1217, 1214, 1233, 1207, 1211, 1219, 1244, 1181, 1206, 1186, 1293, 1816, 1231, 1209, 1336, 1225, 1234, 1231, 1240, 1250, 1239, 1225, 1244, 1236, 1257, 1225, 1222, 1290, 1294, 1265, 1241, 1409, 1215, 1387, 1165, 1212, 1289, 1222, 1212, 1164, 1176, 1212, 1211, 1204, 1188, 1218, 1220, 1225, 1222, 1188, 1233, 1284, 1216, 1275, 1235, 1308, 1210, 1318, 1185, 1230, 1162, 1228, 1259, 1164, 1226, 1216, 1237, 1306, 1168, 1215, 1246, 1224, 1387, 1212, 1200, 1213, 1220, 1167, 1265, 1204, 1229, 1237, 1224, 1171, 1242, 1216, 1207, 1196, 1234, 1255, 1209, 1637, 1276, 1215, 1356, 1194, 1217, 1251, 1168, 1054, 1020, 1097, 1259, 1103, 1159, 1068, 1243, 1271, 1218, 1210, 1288, 1211, 1212, 1327, 1214, 1245, 1196, 1218, 1202, 1174, 1112, 1217, 1206, 459, 464, 1062, 1261, 1223, 1225, 1228, 1235, 1195, 1262, 1243, 1220, 1233, 1252, 1252, 1358, 1197, 1183, 1240, 1246, 837, 849, 1228, 625, 789, 1194, 1209, 873, 1211, 1437, 1197, 1231, 1227, 1220, 1192, 1218, 1234, 1225, 1262, 1280, 1384, 1221, 1193, 1292, 1243, 1287, 1247, 1219, 1218, 1227, 1206, 1210, 1205, 1218, 1221, 1236, 1216, 1241, 1220, 1218, 1230, 1229, 1278, 1165, 1221, 1233, 1475, 1237, 1208, 1209, 1217, 1215, 1205, 1218, 1246, 1328, 1232, 1212, 1243, 1262, 1220, 1270, 1233, 1230, 1216, 1255, 1205, 1226, 1211, 1227, 1231, 1241, 1230, 1303, 1217, 1228, 1332, 1218, 854, 1359, 422, 346, 400, 851, 1040, 1220, 1219, 1211, 417, 1230, 1216, 1234, 1223, 1204, 1238, 1217, 572, 1135, 309, 416, 1248, 1207, 1277, 1169, 1249, 1193, 383, 348, 878, 390, 975, 496, 481, 729, 1221, 1203, 1184, 1226, 1278, 1216, 1124, 1034, 1210, 1185, 1075, 1081, 1204, 1084, 1206, 1093, 1137, 1172, 1150, 1219, 1196, 1081, 1144, 1248, 1224, 1260, 1211, 1233, 1235, 1421, 1224, 1197, 1175, 1097, 1635, 1198, 1190, 1203, 825, 509, 1252, 1209, 1172, 1229, 1208, 1234, 394, 906, 1550, 1612, 383, 1184, 1187, 1223, 1238, 1184, 1314, 1437, 1337, 416, 1229, 1211, 1214, 1176, 1960, 1217, 1344, 1203], "forwarding_mean": 1178.048,