{"A": {"coding_mean": 2050.922, "decoding_sd": 59.309438405704036, "forwarding_sd": 60.613386343282293, "coding": [2093, 1883, 2126, 2052, 2047, 2068, 2152, 2074, 2119, 2067, 1898, 2052, 2066, 2079, 2043, 2005, 2058, 2058, 2054, 2067, 2064, 2059, 2067, 2035, 2047, 2081, 2068, 2064, 2082, 2062, 2097, 2077, 2048, 2055, 2046, 1970, 2107, 2062, 2057, 2055, 2067, 2063, 2048, 2068, 2207, 2048, 2080, 2079, 1980, 2055, 2041, 2068, 1964, 2130, 2119, 2061, 2045, 2112, 2069, 2039, 2058, 2072, 2181, 1990, 2073, 2009, 2051, 2070, 2128, 2058, 2090, 1935, 2041, 2118, 2132, 2082, 2128, 2070, 2140, 2060, 2062, 1912, 2056, 2070, 2082, 2066, 2080, 2002, 2067, 2021, 2029, 2022, 2014, 2017, 2094, 1901, 2008, 2076, 2058, 2122, 2089, 2056, 2072, 2147, 2055, 2123, 2071, 2069, 2193, 1868, 2078, 2173, 1901, 2015, 2101, 2023, 1990, 1987, 2007, 2111, 1918, 2017, 2010, 2016, 2021, 2008, 2016, 1864, 2027, 2003, 2031, 1950, 2139, 1949, 2080, 2011, 1907, 2003, 2021, 1998, 2035, 2006, 2035, 2017, 1949, 1776, 2008, 1939, 2044, 1940, 2119, 1925, 2210, 2129, 2066, 2074, 1875, 2138, 2056, 2092, 2059, 2072, 2066, 2059, 1872, 2054, 2084, 2193, 1931, 1967, 1867, 2011, 2005, 2003, 2013, 1924, 2085, 2034, 2076, 2092, 2011, 2054, 1942, 2106, 1921, 2020, 1866, 2084, 1918, 2038, 1889, 2048, 1919, 2075, 1913, 2071, 2089, 2073, 2068, 2135, 1898, 2074, 2083, 2167, 2065, 2071, 2065, 2067, 1917, 2140, 2259, 2051, 1937, 2067, 2104, 2202, 2066, 1986, 2068, 1872, 2279, 2076, 2109, 2129, 2112, 2116, 2062, 2101, 2053, 2022, 1969, 2130, 2067, 2085, 2087, 2064, 2173, 2056, 2054, 2032, 2076, 2087, 2063, 2063, 2066, 2105, 2063, 2064, 2094, 2054, 2052, 1705, 1731, 1692, 1689, 1671, 1696, 1669, 2044, 2001, 2061, 2059, 2057, 2131, 2072, 2053, 2076, 2107, 2032, 2083, 2062, 2087, 2048, 2067, 2065, 2079, 2063, 2110, 2100, 2042, 2049, 2051, 2070, 2058, 2068, 2066, 2077, 2046, 2081, 2059, 2054, 2087, 2076, 2042, 2047, 2080, 2071, 2042, 2092, 2076, 2071, 2054, 2095, 2001, 2082, 2057, 2030, 2071, 2104, 2075, 2065, 2059, 2066, 2060, 2096, 2068, 2073, 2067, 2051, 2079, 2062, 2078, 2053, 2066, 2036, 1893, 2123, 2077, 2069, 2067, 2150, 2059, 2082, 2077, 2068, 2069, 2059, 2054, 2072, 2074, 2068, 2064, 2062, 2058, 2081, 2047, 2062, 2062, 2051, 2072, 2063, 2051, 2097, 2111, 2085, 2077, 2090, 2035, 1847, 2076, 2035, 2099, 2062, 2073, 2068, 2069, 2058, 2085, 2062, 2062, 2061, 2189, 2070, 2064, 2121, 2064, 2019, 2069, 2076, 2112, 2069, 2083, 2138, 2070, 2125, 2065, 2063, 2037, 2056, 2078, 2058, 2056, 2251, 2100, 2074, 2330, 2078, 2079, 2082, 2070, 2055, 2081, 2060, 1952, 2045, 2128, 2084, 2051, 2094, 2077, 2058, 2132, 2085, 2085, 2036, 2090, 2287, 2074, 2060, 2080, 2069, 2067, 2153, 2150, 2067, 2081, 2205, 2062, 2081, 2122, 2091, 2061, 2020, 2030, 2028, 2005, 2084, 1992, 2096, 2020, 2080, 2017, 2005, 2052, 2020, 2010, 2040, 2028, 2065, 2081, 2072, 2066, 2088, 2103, 2087, 2065, 2094, 2091, 2069, 2053, 2087, 2065, 2049, 2045, 2111, 2090, 2061, 2065, 2058, 2062, 1859, 2116, 2070, 2055, 2072, 2074, 2064, 2089, 740, 2209, 2076, 2092, 2060, 2062, 2052, 2040, 2092, 2051, 2080, 2062, 2053, 2128, 2046, 2075, 2065, 2095, 2071, 2099, 2056, 2054], "decoding": [1403, 1140, 1094, 1212, 1223, 1265, 1262, 1303, 1333, 1269, 1223, 1260, 1228, 1239, 1216, 1230, 1258, 1291, 1258, 1373, 1285, 1371, 1263, 1293, 1296, 1280, 1365, 1398, 1322, 1265, 1243, 1307, 1241, 1222, 1279, 1261, 1323, 1232, 1371, 1252, 1229, 1252, 1231, 1229, 1230, 1309, 1222, 1302, 1170, 1274, 1268, 1259, 1261, 1347, 1265, 1284, 1311, 1293, 1262, 1317, 1306, 1289, 1274, 1176, 1281, 1248, 1231, 1298, 1275, 1271, 1280, 1231, 1377, 1273, 1282, 1311, 1244, 1280, 1280, 1277, 1236, 1192, 1289, 1225, 1342, 1273, 1275, 1281, 1311, 1337, 1224, 1259, 1289, 1424, 1282, 1231, 1278, 1310, 1243, 1300, 1272, 1356, 1426, 1285, 1347, 1318, 1273, 1319, 1352, 1232, 1309, 1251, 1208, 1272, 1277, 1179, 1292, 1225, 1279, 1373, 1227, 1244, 1230, 1348, 1278, 1300, 1304, 1209, 1268, 1359, 1290, 1191, 1298, 1239, 1279, 1299, 1294, 1234, 1341, 1283, 1282, 1273, 1289, 1286, 1258, 1197, 1256, 1238, 1269, 1234, 1290, 1238, 1309, 1271, 1295, 1320, 1186, 1312, 1276, 1276, 1298, 1270, 1287, 1278, 1187, 1273, 1312, 1295, 1257, 1261, 1262, 1300, 1271, 1279, 1269, 1171, 1316, 1269, 1271, 1273, 1276, 1300, 1205, 1266, 1248, 1287, 1233, 1296, 1175, 1284, 1186, 1259, 1208, 1283, 1187, 1286, 1266, 1273, 1279, 1274, 1227, 1275, 1301, 1273, 1297, 1275, 1261, 1276, 1189, 1261, 1267, 1288, 1256, 1254, 1258, 1261, 1185, 1226, 1280, 1204, 1264, 1187, 1271, 1266, 1311, 1268, 1275, 1252, 1300, 1288, 1186, 1267, 1263, 1261, 1315, 1256, 1266, 1302, 1260, 1236, 1268, 1260, 1257, 1285, 1255, 1274, 1262, 1262, 1264, 1255, 1285, 1082, 1095, 1080, 1072, 1088, 1076, 1084, 1132, 1252, 1260, 1259, 1259, 1271, 1261, 1285, 1272, 1391, 1426, 1285, 1277, 1289, 1324, 1315, 1250, 1269, 1259, 1267, 1314, 1238, 1290, 1316, 1329, 1267, 1258, 1278, 1257, 1273, 1265, 1266, 1267, 1263, 1277, 1304, 1258, 1250, 1258, 1323, 1267, 1281, 1274, 1259, 1274, 1229, 1280, 1158, 1248, 1340, 1273, 1250, 1260, 1218, 1257, 1263, 1265, 1267, 1270, 1264, 1260, 1262, 1280, 1262, 1277, 1263, 1267, 1218, 1287, 1264, 1264, 1271, 1254, 1273, 1262, 1254, 1272, 1283, 1258, 1248, 1271, 1313, 1298, 1255, 1279, 1276, 1425, 1281, 1268, 1288, 1269, 1264, 1302, 1261, 1251, 1260, 1252, 1264, 1292, 1262, 1259, 988, 1278, 1265, 1272, 1267, 1280, 1283, 1261, 1260, 1286, 1297, 1263, 1319, 1333, 1267, 1307, 1297, 1273, 1322, 1304, 1277, 1256, 1232, 1295, 1267, 1271, 1291, 1273, 1262, 1283, 1267, 1285, 1311, 1274, 1266, 1252, 1262, 1261, 1270, 1281, 1271, 1275, 1279, 1275, 1233, 1318, 1259, 1265, 1260, 1291, 1344, 1326, 1287, 1315, 1333, 1239, 1264, 1271, 1257, 1311, 1259, 1259, 1282, 1267, 1309, 1278, 1265, 1258, 1262, 1273, 1271, 1265, 1365, 1287, 1303, 1280, 1312, 1317, 1243, 1255, 1257, 1281, 1285, 1408, 1472, 1270, 1281, 1280, 1326, 1260, 1260, 1295, 1272, 1305, 1312, 1300, 1267, 1304, 1260, 1286, 1311, 1262, 1276, 1259, 1282, 1267, 1291, 1325, 1275, 1287, 1286, 1244, 1284, 1249, 1267, 1314, 1275, 1263, 1334, 481, 1289, 1283, 1276, 1315, 1261, 1272, 1284, 1288, 1310, 1265, 1310, 1275, 1280, 1273, 1274, 1261, 1287, 1290, 1282, 1296, 1286], "forwarding_mean": 1217.414,