{"A": {"coding_mean": 1964.4079999999999, "decoding_sd": 100.216590462857, "forwarding_sd": 86.705971628256378, "coding": [614, 1876, 1941, 1937, 1932, 1940, 1954, 1949, 2009, 1947, 1964, 1945, 2032, 1999, 1992, 2100, 1984, 1985, 1989, 2013, 1975, 2001, 1866, 2073, 2006, 1993, 1972, 1943, 2265, 1861, 2000, 1936, 1958, 1937, 1952, 1941, 1925, 1973, 1932, 1844, 2070, 1990, 1978, 1995, 2012, 1994, 1986, 2064, 2004, 2054, 1979, 2063, 1994, 2009, 2000, 2010, 1981, 1996, 2023, 2307, 1995, 2004, 2060, 1992, 2080, 1995, 2087, 2004, 2028, 2014, 2011, 2014, 2017, 1982, 2013, 2026, 1994, 1985, 2000, 1973, 2002, 2003, 2010, 1991, 2000, 2005, 2004, 2006, 1859, 2009, 2006, 1992, 1990, 2017, 2012, 2944, 1978, 1841, 1828, 2013, 2010, 2003, 2000, 1994, 1997, 2038, 1983, 1992, 2000, 2006, 1993, 2000, 1982, 1979, 2020, 2005, 1987, 1991, 2008, 2008, 1990, 2024, 2014, 1832, 1992, 1995, 1974, 1983, 2572, 1981, 1976, 1977, 1997, 2011, 1999, 2010, 1944, 1985, 2026, 1991, 1983, 1996, 1959, 1996, 1980, 1990, 1996, 1929, 2012, 1996, 2014, 1993, 2003, 2006, 1995, 2006, 1964, 2016, 1990, 1986, 2010, 2023, 1996, 1991, 1991, 1995, 1994, 1950, 2012, 1873, 2060, 2055, 1969, 1980, 1862, 1943, 1961, 1999, 2061, 2048, 1960, 1952, 1869, 1951, 1973, 1839, 1945, 1961, 1944, 1864, 1999, 2092, 2075, 1949, 1913, 1978, 1949, 1847, 1862, 2060, 2016, 1907, 2022, 2182, 1995, 2068, 1996, 2004, 2004, 1986, 1993, 2011, 1947, 1760, 1995, 2004, 2016, 690, 1048, 1086, 627, 1044, 1475, 1940, 1974, 2079, 2021, 2230, 1975, 2041, 2001, 874, 1878, 1947, 1973, 2078, 1863, 1994, 1995, 1840, 2043, 1891, 1990, 2008, 1998, 1829, 1995, 2011, 1975, 1967, 1996, 2011, 1927, 2005, 2055, 2027, 1928, 1901, 2048, 1816, 2001, 2009, 2021, 2169, 1869, 1996, 1856, 1905, 2005, 2037, 1883, 2061, 1872, 1884, 1873, 2064, 2065, 2001, 2006, 2017, 2064, 1987, 2002, 1884, 1988, 2079, 1974, 2112, 2004, 1825, 1827, 2067, 2023, 1999, 1814, 1994, 2045, 1828, 2071, 1996, 2059, 1985, 1876, 1877, 1994, 1995, 1990, 2064, 1792, 1999, 1865, 2001, 2051, 1804, 2004, 1996, 1987, 2069, 1991, 2006, 1998, 2087, 1998, 1994, 1986, 1883, 1996, 1807, 2043, 2070, 1994, 2368, 1862, 1832, 1939, 1822, 2059, 1860, 2009, 1989, 1807, 2025, 1931, 2006, 1995, 1832, 1984, 2057, 1961, 1999, 1901, 2012, 2021, 2016, 1966, 1957, 1955, 1936, 1966, 1997, 2003, 2052, 2023, 1948, 1949, 2439, 2019, 1927, 1735, 1953, 1718, 1959, 1990, 1995, 1982, 1927, 2011, 1947, 2029, 1963, 1998, 2038, 1933, 1976, 2114, 2009, 2052, 2008, 2100, 2009, 1995, 1930, 1971, 2051, 2071, 1956, 2001, 2003, 2005, 1953, 1813, 1949, 1999, 2006, 1988, 2008, 1986, 2020, 2006, 2208, 2058, 1912, 1964, 1870, 2001, 2075, 1995, 1989, 2099, 1986, 1860, 2069, 1860, 2004, 2025, 2074, 1990, 1999, 2001, 1978, 1937, 1999, 2006, 2002, 2013, 2022, 2000, 1989, 2008, 2024, 2005, 1992, 2002, 2024, 2011, 1990, 2013, 2030, 2024, 1999, 2023, 2003, 2027, 1987, 2032, 2040, 2019, 2193, 2073, 1983, 1986, 2009, 2000, 1987, 2004, 1988, 2002, 1988, 2014, 2010, 2009, 1999, 2034, 2019, 1982, 2013, 1988, 1998, 646, 1500, 2026, 1982, 1940, 1946, 1678, 1990, 2046, 1927, 2008, 1958, 2007, 2002, 1999, 1964, 1962, 824, 682, 1995, 2019, 1985], "decoding": [1329, 1188, 1186, 1209, 1242, 1332, 1333, 1177, 1172, 1177, 1242, 1192, 1182, 1252, 1240, 1131, 1242, 1235, 1231, 1226, 1296, 1229, 1191, 1173, 1188, 1299, 1222, 1216, 1256, 1184, 1220, 1243, 1225, 1224, 1219, 1221, 1182, 1212, 1261, 1201, 1247, 1218, 1234, 1209, 1233, 1273, 1225, 880, 1214, 1363, 1439, 1186, 1177, 1224, 1231, 1201, 1182, 1220, 1217, 1181, 1217, 1223, 1211, 1255, 1214, 1240, 1216, 1218, 1228, 1190, 1182, 1228, 1262, 1206, 1219, 1235, 1217, 1251, 1223, 1229, 1228, 1223, 1214, 1418, 1338, 1239, 1191, 1192, 1197, 1213, 1244, 1192, 1212, 1139, 1390, 1185, 1190, 1194, 1222, 1221, 1230, 1240, 1212, 1431, 1182, 1154, 1185, 1222, 1291, 1232, 1308, 1198, 1179, 1206, 1220, 1188, 1273, 1184, 1372, 1058, 1221, 1200, 1229, 1187, 1426, 1218, 1220, 1224, 1210, 1132, 1228, 1249, 1204, 1237, 1228, 1221, 1184, 1230, 1230, 1226, 1243, 1224, 1637, 1228, 1223, 1215, 1226, 1183, 1283, 1259, 1210, 1267, 1223, 1213, 1233, 1245, 1221, 1243, 1243, 1227, 1218, 1234, 1204, 1225, 1250, 1264, 1241, 1146, 1297, 1189, 1232, 1230, 1186, 1275, 1135, 1230, 1251, 1214, 1217, 1222, 1234, 1266, 1196, 1231, 1225, 1129, 1337, 1233, 1237, 1128, 1230, 1196, 1227, 1227, 1132, 1237, 1208, 1131, 1128, 1140, 1281, 1123, 1278, 1280, 1234, 1224, 1240, 1329, 1210, 1234, 1228, 1175, 1226, 1079, 1221, 1228, 1317, 893, 661, 600, 394, 1206, 618, 1150, 1191, 1240, 1220, 1186, 1224, 1174, 1212, 569, 1251, 1182, 1210, 1265, 1265, 1254, 1223, 1152, 1217, 1198, 1302, 1182, 1194, 1193, 1187, 1213, 1352, 1346, 1242, 1242, 1148, 1234, 1328, 1215, 1194, 1211, 1222, 1145, 1185, 1224, 1198, 1179, 1154, 1226, 1193, 1207, 1292, 1196, 1197, 1255, 1193, 1195, 1204, 1229, 1250, 1193, 1227, 1247, 1187, 1237, 1207, 1201, 1229, 1247, 1204, 1232, 1249, 1197, 1203, 1209, 1232, 1204, 1186, 1228, 1229, 1205, 1229, 1223, 1184, 1231, 1180, 1155, 1239, 1224, 1330, 1324, 1201, 1182, 1193, 1245, 1196, 1224, 1246, 1238, 1192, 1188, 1245, 1244, 1239, 1218, 1225, 1471, 1228, 1334, 1267, 1203, 1231, 1241, 1233, 1236, 1317, 1264, 1176, 1133, 1301, 1235, 1246, 1185, 1261, 1219, 1137, 1221, 1236, 1187, 1217, 1220, 1395, 1313, 1179, 1229, 1220, 1367, 1221, 1185, 1183, 1211, 1181, 1214, 1235, 1219, 1210, 1087, 1158, 1209, 1262, 1188, 1169, 1159, 1002, 1195, 1253, 1192, 1211, 1186, 1222, 1187, 1175, 1205, 1187, 1235, 1167, 1231, 1228, 1288, 1250, 1242, 1212, 1215, 1229, 1303, 1195, 1182, 1236, 1195, 1213, 1187, 1226, 1201, 1042, 1201, 1230, 1249, 1186, 1206, 1183, 1199, 1246, 1167, 1167, 1142, 1308, 1198, 1223, 1242, 1190, 1218, 1231, 1237, 1126, 1250, 1196, 1237, 1242, 1356, 1247, 1243, 1220, 1229, 1190, 1224, 1250, 1264, 1212, 1184, 1237, 1227, 1219, 1236, 1230, 1235, 1250, 1244, 1226, 1225, 1207, 1274, 1223, 1145, 1223, 1137, 1213, 1236, 1220, 1269, 1235, 1192, 1227, 1223, 1215, 1227, 1246, 1238, 1243, 1238, 1219, 1223, 1218, 1127, 1140, 1213, 1211, 1222, 1229, 1241, 1242, 1239, 906, 565, 1243, 1208, 1140, 1194, 1043, 1234, 1228, 1153, 1222, 1147, 1218, 1247, 1175, 1183, 1185, 1398, 389, 1214, 1223, 1242], "forwarding_mean": 1162.9780000000001,