{"A": {"coding_mean": 2035.2059999999999, "decoding_sd": 70.326961430165611, "forwarding_sd": 71.88390693333244, "coding": [2117, 2029, 2080, 1999, 2022, 1991, 2009, 2006, 2020, 2012, 2003, 2013, 2000, 2037, 1962, 2038, 2009, 1934, 1941, 1977, 1975, 1991, 1962, 1985, 1970, 1989, 1951, 2043, 1968, 1971, 2138, 1973, 2203, 2068, 2071, 1978, 1988, 2048, 2019, 2016, 2013, 2033, 2025, 2020, 2005, 2153, 1985, 2018, 2104, 2029, 2014, 2036, 2107, 2004, 2012, 2041, 2043, 2009, 2048, 2458, 2043, 2047, 2260, 2024, 2047, 2018, 2028, 2013, 2029, 2042, 2039, 2131, 2244, 2029, 2019, 2015, 2041, 2004, 2014, 2053, 2112, 2118, 2144, 2006, 2104, 2106, 2017, 2051, 2098, 2101, 1971, 1987, 1976, 2147, 2025, 2078, 2018, 2158, 2021, 2011, 2030, 2195, 2035, 2064, 1995, 2033, 2002, 2033, 2052, 2023, 2040, 2038, 2031, 2019, 2030, 2337, 2022, 2032, 2038, 2029, 2029, 2023, 2028, 2056, 2023, 2075, 2029, 2001, 2030, 1984, 2020, 2074, 2040, 2031, 2194, 2062, 2023, 2002, 2043, 2150, 2197, 2037, 2012, 2018, 2029, 2004, 2036, 2246, 2105, 2166, 1988, 2028, 2002, 2026, 2026, 2013, 2027, 2152, 2007, 2030, 2019, 2013, 2067, 2042, 2015, 2072, 2020, 1996, 2022, 2011, 2024, 1983, 2021, 1997, 2058, 2009, 2000, 2046, 2004, 2031, 2054, 2029, 2041, 2040, 2004, 2007, 2040, 2032, 2020, 2012, 2032, 2017, 2013, 2007, 2007, 2035, 2036, 2048, 2031, 2030, 2010, 2053, 2028, 2024, 2022, 1991, 2011, 2020, 2334, 1982, 2023, 2044, 2150, 2145, 2005, 2064, 2043, 2012, 1989, 2083, 2051, 2012, 2015, 2102, 2030, 2018, 2018, 2016, 2046, 2005, 2001, 2050, 2014, 2009, 1999, 2032, 2000, 2020, 2029, 2022, 2018, 2036, 1988, 2020, 2020, 2021, 2074, 2008, 2002, 2034, 2034, 2006, 2042, 2032, 2012, 2021, 2000, 2153, 1965, 2021, 2029, 2051, 2050, 2021, 2011, 2012, 2022, 2053, 1987, 2034, 2031, 1980, 2048, 2035, 2049, 2025, 2025, 2029, 2015, 2018, 2025, 2079, 2039, 2031, 1987, 2042, 2037, 1991, 2047, 2181, 2024, 2038, 2016, 2021, 1975, 1980, 2040, 2046, 2023, 2046, 2025, 2019, 2020, 2012, 2028, 2037, 2032, 2022, 2029, 2036, 2043, 2025, 1992, 2022, 2020, 2077, 2073, 2036, 2020, 2050, 2034, 2140, 2083, 2034, 2037, 2028, 2035, 2028, 2023, 2099, 2029, 2037, 2014, 2093, 2018, 2038, 2026, 2008, 1959, 2019, 2022, 2032, 2215, 2145, 2023, 2003, 2026, 2042, 2032, 2026, 2084, 2084, 2088, 2036, 2030, 2043, 2081, 2039, 2011, 2122, 2036, 2096, 2051, 1988, 2030, 2051, 2018, 2054, 2029, 1973, 2070, 2016, 2038, 2027, 2081, 2043, 1987, 2031, 2025, 2034, 2011, 2017, 2039, 2021, 2048, 2052, 2022, 2062, 2037, 2038, 2085, 2021, 2034, 2030, 2054, 2020, 2027, 2032, 2042, 2005, 2099, 2124, 2014, 2105, 2022, 1983, 2064, 1971, 1989, 1984, 2010, 1968, 1985, 1981, 2022, 2056, 2036, 2024, 2052, 2042, 2032, 2047, 2039, 2026, 2033, 1998, 2039, 2052, 2031, 2019, 2044, 2017, 2031, 2044, 2023, 2023, 2051, 2038, 2071, 2049, 2005, 2060, 2025, 2015, 2015, 2037, 2032, 2027, 2034, 2038, 2027, 2035, 2047, 2034, 2102, 2083, 2003, 2033, 2027, 2064, 2015, 2018, 2350, 2021, 2009, 2028, 2022, 2086, 2047, 1978, 2037, 2024, 2020, 2014, 2025, 2029, 2087, 2028, 662, 2100, 2043, 2015, 2020, 2035, 2024, 2037, 2029, 2016, 2074, 2084, 2031, 2040, 2028, 2035, 2031, 2025, 2014, 2035, 2011, 2033], "decoding": [1339, 1175, 1274, 1246, 1228, 1221, 1209, 1255, 1238, 1216, 1236, 1237, 1281, 1237, 1261, 1247, 1245, 1220, 1262, 1230, 1213, 1211, 1229, 1221, 1241, 1228, 1210, 1224, 1278, 1265, 1220, 1234, 1229, 1141, 1221, 1228, 1220, 1287, 1210, 1237, 1239, 1206, 1217, 1227, 1231, 1237, 1232, 1268, 1203, 1206, 1241, 1204, 1410, 1223, 1234, 1224, 1220, 1236, 1214, 1256, 1235, 1250, 1213, 1225, 1218, 1211, 1226, 1230, 1216, 1230, 1207, 1225, 1269, 1213, 1274, 1223, 1210, 1206, 1222, 1285, 1216, 1236, 1248, 1214, 1231, 1222, 1210, 1283, 1288, 1206, 1208, 1386, 1238, 1210, 1224, 1219, 1223, 1291, 1220, 1272, 1225, 1228, 1205, 1237, 1219, 1219, 1229, 1212, 1234, 1338, 1230, 1246, 1222, 1219, 1214, 1212, 1214, 1223, 1220, 1211, 1248, 1308, 1224, 1215, 1238, 1228, 1164, 1353, 1225, 1294, 1243, 1278, 1257, 1213, 1219, 1219, 1183, 1178, 1174, 1167, 1217, 1265, 1219, 1263, 1221, 1165, 1199, 1174, 1169, 1239, 1180, 1213, 1208, 1174, 1172, 1318, 1175, 1212, 1276, 1173, 1168, 1170, 1250, 1284, 1219, 1220, 1237, 1281, 1224, 1178, 1213, 1437, 1216, 1215, 1209, 1262, 1176, 1210, 1220, 1156, 1286, 1276, 1216, 1210, 1231, 1216, 1214, 1224, 1225, 1229, 1240, 1245, 1232, 1224, 1227, 1216, 1324, 1227, 1355, 1269, 1286, 1294, 1301, 1224, 1240, 1210, 1229, 1236, 1195, 1220, 1377, 1316, 1220, 1733, 1228, 1291, 1220, 1209, 1300, 1281, 1218, 1210, 1222, 1213, 1241, 1213, 1209, 1243, 1229, 1218, 1214, 1222, 1235, 1247, 1222, 1224, 1175, 1291, 1227, 1259, 1246, 1226, 1214, 1210, 1249, 1224, 1219, 1216, 1205, 1241, 1245, 1233, 1221, 1213, 1244, 1225, 1144, 1186, 1134, 1234, 1222, 1214, 1206, 1232, 1210, 1262, 1234, 1216, 1218, 1210, 1224, 1216, 1396, 1243, 1214, 1226, 1234, 1228, 1227, 1184, 1206, 1222, 1292, 1195, 1174, 1239, 1217, 1226, 1257, 1213, 1229, 1279, 1222, 1218, 1342, 1231, 1210, 1231, 1193, 1215, 1266, 1229, 1269, 1242, 1272, 1196, 1221, 1287, 1205, 1231, 1258, 1224, 1212, 1234, 1240, 1260, 1264, 1293, 1190, 1221, 1206, 1279, 1222, 1213, 1192, 1307, 1207, 1201, 1230, 1215, 1237, 1268, 1229, 1223, 1248, 1259, 1202, 1196, 1227, 1226, 1220, 1222, 1250, 1284, 1223, 1208, 1225, 1282, 1262, 1231, 1290, 1246, 1211, 1234, 1267, 1255, 1259, 1248, 1264, 1248, 1231, 1214, 1162, 1271, 1245, 1195, 1203, 1230, 1209, 1212, 1207, 1220, 1220, 1207, 1239, 1303, 1165, 1302, 1304, 1164, 1223, 1252, 1214, 1214, 1264, 1266, 1265, 1186, 1252, 1206, 1254, 1194, 1274, 1236, 1274, 1923, 1309, 1306, 1206, 1173, 1315, 1266, 1317, 1176, 1423, 1259, 1190, 1316, 1207, 1231, 1216, 1214, 1282, 1278, 1263, 1212, 1231, 1336, 1293, 1239, 1216, 1243, 1230, 1207, 1235, 1217, 1309, 1208, 1198, 1167, 1211, 1215, 1225, 1181, 1184, 1154, 1177, 1168, 1279, 1292, 1187, 1240, 1214, 1208, 1209, 1205, 1227, 1247, 1238, 1204, 1200, 1245, 1215, 1206, 1245, 1232, 1232, 1198, 1239, 1234, 1274, 1198, 1217, 1234, 1209, 1224, 1212, 1214, 1217, 1297, 1321, 1217, 1203, 1287, 1210, 1230, 1729, 1224, 519, 754, 1222, 1220, 1260, 1233, 1223, 1221, 1203, 1221, 1219, 1227, 1214, 1226, 1196, 1198, 1224, 1318, 1225, 1227, 1206, 1219], "forwarding_mean": 1203.3820000000001,