{"A": {"coding_mean": 2212.1959999999999, "decoding_sd": 115.85597203424604, "forwarding_sd": 102.19022910239511, "coding": [2441, 2453, 2280, 1889, 1987, 1946, 1958, 1861, 2042, 1969, 2202, 1964, 2027, 2068, 2392, 2361, 2264, 1971, 2336, 2267, 2261, 1982, 2326, 2259, 1969, 2152, 1956, 2243, 2376, 2055, 2209, 2254, 2258, 2113, 2103, 2196, 2279, 2090, 2274, 2289, 2276, 2285, 2268, 2265, 2249, 2198, 2018, 2277, 2261, 2263, 2258, 2208, 2282, 2195, 2250, 2267, 2224, 2262, 2250, 2257, 2264, 2229, 2213, 2263, 2392, 2378, 2140, 2266, 2263, 2255, 2550, 2250, 2281, 2351, 2462, 2132, 2222, 2448, 2262, 2267, 2263, 2089, 2155, 1894, 2046, 2535, 2130, 2400, 2217, 2371, 2387, 2241, 2190, 2237, 2208, 2203, 2118, 2141, 2215, 2203, 2245, 2322, 2387, 2267, 2109, 2102, 2134, 2146, 2214, 2270, 2251, 2202, 2162, 2205, 2209, 2184, 2125, 2031, 2377, 2100, 2116, 1928, 2139, 2236, 2082, 1886, 2061, 2103, 2236, 2196, 1905, 1907, 1918, 2208, 2171, 1872, 2204, 2150, 2150, 2207, 2110, 2271, 2145, 2202, 2217, 2189, 2195, 2271, 2268, 2218, 2256, 2148, 2149, 2239, 2187, 2153, 2268, 2286, 2239, 1971, 841, 2394, 2234, 2171, 2317, 2333, 2203, 2187, 2261, 2041, 2031, 2046, 2301, 2106, 1891, 2104, 2083, 2252, 2113, 1985, 1900, 2303, 1883, 3122, 2260, 2313, 2211, 2161, 2266, 2118, 2208, 2164, 2128, 2199, 2332, 2246, 2256, 2241, 2240, 2219, 2172, 2254, 2362, 2267, 2178, 2263, 2332, 2277, 2292, 2248, 2254, 2272, 2391, 2278, 2268, 2257, 2114, 2253, 2193, 2262, 2351, 2201, 2255, 2135, 2269, 2188, 2331, 2234, 2240, 2209, 2149, 2058, 2214, 2271, 2221, 2229, 2269, 2306, 2194, 2248, 2256, 2329, 2388, 2404, 2218, 2283, 2129, 2058, 2231, 2344, 2108, 2267, 2272, 2286, 2271, 2276, 2293, 2258, 2285, 2247, 2264, 2289, 2250, 2075, 2319, 2249, 2292, 2223, 2291, 2273, 2263, 2243, 2292, 2304, 2275, 2297, 2273, 2268, 2296, 2271, 2258, 2260, 2270, 2286, 2252, 2223, 2182, 1876, 2250, 2303, 2289, 2281, 2292, 2311, 2120, 2265, 2255, 2323, 2263, 2280, 2217, 2277, 2140, 2292, 2279, 2310, 2271, 2276, 2284, 2281, 2278, 2225, 2213, 2242, 2216, 2219, 2216, 2217, 2233, 2212, 2231, 2100, 2233, 2222, 2226, 2220, 2275, 2270, 2275, 2262, 2277, 2277, 2295, 2258, 2203, 2223, 2302, 2468, 683, 663, 1724, 2243, 1868, 2319, 2267, 2281, 2267, 2516, 2288, 2284, 2261, 2199, 2289, 2331, 2334, 2255, 2279, 2274, 2333, 2263, 2130, 2317, 2138, 2288, 2263, 2193, 2271, 2085, 1887, 2029, 2230, 2114, 2274, 2132, 1906, 2325, 2200, 2115, 2287, 2271, 2170, 2299, 2197, 2263, 2307, 2270, 2281, 2269, 2268, 2268, 2254, 2288, 2219, 2224, 2242, 2250, 2239, 2205, 2276, 2268, 2239, 2196, 2265, 2249, 2270, 2444, 2273, 2342, 2267, 2278, 2271, 2240, 2328, 2266, 2259, 2292, 2260, 2286, 2293, 2295, 2267, 2275, 2284, 2243, 2353, 2292, 2332, 2244, 2271, 2074, 2267, 2354, 2262, 2299, 2225, 2284, 2137, 2361, 2107, 2342, 2124, 2279, 2300, 2112, 2276, 2133, 1869, 2316, 2163, 2280, 2275, 2268, 2279, 2112, 2305, 2048, 2135, 2113, 2235, 2417, 2035, 2331, 2222, 2187, 2124, 2270, 2184, 2104, 2297, 2295, 2319, 2132, 2122, 2135, 2142, 2197, 2143, 1877, 796, 2424, 2274, 2122, 2312, 2113, 2267, 2318, 2684, 2309, 2291, 2282, 2284, 2279, 2281, 2337, 2283, 2279, 2256, 2298, 2283, 2300], "decoding": [1566, 1701, 1243, 1246, 1244, 1234, 1208, 1201, 1261, 1363, 1737, 1258, 1252, 1416, 1391, 1425, 1461, 1343, 1438, 1506, 1409, 1428, 1486, 1436, 1391, 1419, 1402, 1529, 1507, 1425, 1406, 1429, 1496, 1420, 1410, 1390, 1438, 1409, 1406, 1489, 1486, 1453, 1476, 1417, 1500, 1444, 1344, 1449, 1360, 1491, 1432, 1363, 1484, 1407, 1455, 1472, 1403, 1345, 1491, 1447, 1435, 1408, 1414, 1502, 1459, 1431, 1428, 1441, 1446, 1446, 1474, 1467, 1491, 1442, 1389, 1412, 1402, 1483, 1394, 1485, 1391, 1390, 1417, 1402, 1397, 1481, 1393, 1358, 1489, 1480, 1516, 1438, 1438, 1510, 1461, 1496, 1409, 1402, 1472, 1501, 1515, 1428, 1486, 1488, 1392, 1390, 1397, 1351, 1413, 1450, 1493, 1500, 1407, 1400, 1405, 1470, 1458, 1405, 1347, 1348, 1410, 1271, 1358, 1305, 1337, 1324, 1412, 1313, 1367, 1337, 1344, 1430, 1397, 1629, 1387, 1340, 1441, 1355, 1344, 1361, 1340, 1407, 1326, 1342, 1381, 1333, 1335, 1444, 1499, 1385, 1339, 1369, 1397, 1399, 1341, 1334, 1384, 1350, 1425, 1379, 1200, 1447, 1361, 1342, 1340, 1335, 1337, 1364, 1334, 1336, 1394, 1256, 1428, 1366, 1274, 1215, 1352, 1522, 1375, 1362, 1318, 1361, 1329, 1478, 1402, 1465, 1351, 1471, 1355, 1355, 1330, 1379, 1335, 1386, 1386, 1344, 1397, 1332, 1346, 1343, 1344, 1387, 1505, 1581, 1393, 1396, 1441, 1502, 1480, 1386, 1484, 1336, 1447, 1585, 1434, 1501, 1340, 1358, 1466, 1360, 1422, 1339, 1633, 1348, 1383, 1332, 1395, 1567, 1392, 1430, 1344, 1341, 1368, 1443, 1493, 1489, 1337, 1516, 1336, 1525, 1386, 1480, 1436, 1505, 1482, 1448, 1431, 1396, 1520, 1451, 1401, 1493, 1436, 1424, 1368, 1476, 1444, 1444, 1343, 1446, 1462, 1533, 1467, 1404, 1437, 1422, 1490, 1485, 1395, 1389, 1461, 1442, 1443, 1472, 1385, 1335, 1445, 1435, 1550, 1388, 1457, 1448, 1455, 1434, 1496, 1515, 1394, 1349, 1467, 1444, 1361, 1452, 1353, 1627, 1520, 1416, 1445, 1405, 1498, 1450, 1506, 1438, 1391, 1474, 1465, 1439, 1361, 1488, 1479, 1521, 1412, 1392, 1491, 1579, 1487, 1489, 1505, 1468, 1488, 1491, 1485, 1319, 1457, 1505, 1401, 1409, 1484, 1439, 1457, 1509, 1441, 1398, 1454, 1435, 1569, 1700, 1476, 401, 533, 424, 1338, 1392, 1226, 1426, 1483, 1477, 1423, 1460, 1554, 1501, 1479, 1401, 1454, 1661, 1635, 1487, 1344, 1454, 1457, 1404, 1353, 1487, 1330, 1597, 1344, 1403, 1401, 1490, 1336, 1325, 1484, 1345, 1459, 1358, 1262, 1435, 1484, 1452, 1568, 1354, 1395, 1394, 1428, 1404, 1646, 1392, 1421, 1443, 1453, 1546, 1357, 1498, 1441, 1619, 1340, 1383, 1474, 1400, 1446, 1490, 1449, 1390, 1417, 1395, 1507, 1454, 1440, 1617, 1502, 1406, 1472, 1529, 1515, 1459, 1409, 1544, 1482, 1491, 1490, 1565, 1471, 1433, 1574, 1554, 1566, 1427, 1467, 1483, 1443, 1549, 1581, 1485, 1389, 1541, 1474, 1410, 1346, 1476, 1397, 1502, 1357, 1403, 1495, 1347, 1402, 1410, 1318, 1502, 1353, 1401, 1555, 1510, 1476, 1350, 1510, 1344, 1347, 1338, 1398, 1364, 1351, 1505, 1463, 1344, 1365, 1500, 1410, 1419, 1508, 1412, 1513, 1456, 1357, 1376, 1356, 1362, 1371, 1354, 651, 896, 1388, 1362, 1480, 1356, 1489, 1443, 1485, 1518, 1352, 1493, 1486, 1438, 1537, 1507, 1456, 1403, 1562, 1517, 1403, 1488], "forwarding_mean": 1386.7739999999999,