{"A": {"coding_mean": 2002.6800000000001, "decoding_sd": 55.13247503967149, "forwarding_sd": 53.331673740845595, "coding": [2254, 1772, 2197, 2017, 1999, 1999, 1998, 2032, 1988, 1993, 1995, 2027, 1985, 2011, 2020, 2002, 1999, 2003, 2018, 1987, 2035, 2003, 2023, 2029, 2007, 2007, 2027, 2025, 2003, 1992, 1971, 1658, 2033, 1996, 1995, 1981, 2005, 2018, 1992, 2020, 2010, 2004, 1918, 1967, 1956, 1942, 2056, 1977, 1996, 1953, 2022, 1955, 1961, 1922, 1972, 1965, 1941, 1963, 1942, 1946, 1952, 1984, 2020, 1950, 1931, 1981, 1983, 1933, 1960, 2000, 2007, 1942, 1939, 1955, 1941, 1939, 1905, 1943, 1960, 1965, 1934, 1979, 1932, 1946, 1948, 1935, 1958, 1953, 1931, 1941, 1950, 1935, 1932, 1959, 1935, 1956, 1962, 1963, 1940, 1975, 1949, 1968, 1943, 2075, 2025, 2022, 2070, 1990, 2006, 2009, 1997, 1996, 1994, 2025, 2012, 1989, 1987, 2001, 2007, 1991, 2007, 2015, 1951, 1992, 2008, 1998, 1997, 2001, 2006, 2031, 1995, 2084, 2003, 1989, 1991, 2001, 2014, 1986, 2031, 2017, 1977, 1982, 1983, 2004, 2010, 1984, 2007, 1995, 1990, 1990, 2003, 2020, 1993, 2016, 1992, 2011, 1999, 2003, 2018, 1981, 2005, 2005, 1985, 2002, 2017, 1989, 2027, 2011, 1994, 1956, 1987, 1987, 2003, 2014, 1987, 2001, 2017, 2017, 2003, 1999, 1977, 1994, 1997, 2013, 2012, 2027, 2029, 1987, 2011, 2018, 2032, 2004, 2050, 2032, 2017, 2045, 1995, 2004, 2021, 2011, 2008, 2019, 2013, 1984, 2028, 1983, 1991, 2027, 2032, 2011, 2055, 2029, 2005, 2022, 2006, 2029, 1989, 2019, 1996, 1975, 1994, 2036, 2017, 2016, 1997, 1998, 2013, 2039, 1982, 2022, 2013, 2008, 2025, 1993, 2001, 1980, 2038, 2041, 1997, 1997, 2013, 2023, 2040, 2030, 2016, 2023, 2002, 1985, 1995, 1996, 2011, 2012, 1990, 2002, 1991, 1999, 2007, 2005, 2004, 1992, 1990, 2046, 1987, 1973, 1958, 1963, 1972, 1994, 2011, 1997, 1987, 2043, 2018, 2043, 1992, 2011, 2037, 2038, 2014, 2020, 2004, 2014, 2026, 2015, 2036, 1990, 1986, 1992, 1985, 1995, 1994, 1997, 1982, 1995, 2014, 2003, 2005, 2003, 2007, 2011, 2161, 1995, 1989, 1994, 1992, 2006, 1984, 1996, 2006, 2028, 2013, 1997, 2024, 2026, 1996, 1976, 2028, 1965, 1994, 2009, 1974, 1976, 2006, 2045, 2040, 2017, 2014, 2013, 2019, 2014, 2011, 1997, 2028, 2001, 2004, 2018, 2043, 2034, 2000, 1341, 1970, 2028, 2007, 2042, 2020, 2013, 2009, 1988, 2019, 1986, 2011, 2004, 1997, 1995, 1985, 2024, 2028, 2030, 2015, 1996, 2012, 2099, 1995, 2003, 2026, 2108, 2081, 2205, 2185, 2001, 2075, 2021, 2023, 2028, 2027, 2080, 2012, 2009, 2027, 2003, 2010, 2039, 2065, 2064, 2088, 2023, 2009, 2010, 2017, 1991, 2004, 2009, 2009, 2071, 2064, 2014, 2086, 2004, 1982, 1998, 2034, 2032, 2079, 2126, 1988, 1996, 2033, 2016, 1987, 2009, 2028, 2016, 2020, 2031, 2051, 2014, 2044, 2027, 2035, 2042, 2022, 2009, 2005, 2006, 2026, 2093, 2020, 2126, 2025, 2020, 2021, 2027, 2019, 2207, 2070, 2039, 2065, 2028, 2015, 2034, 2014, 2113, 1973, 2079, 1999, 2085, 2096, 2005, 1875, 2027, 2027, 2021, 2009, 2024, 2070, 1669, 2069, 2003, 2031, 2014, 1997, 2004, 2023, 2012, 1992, 1998, 2021, 2011, 2015, 2000, 2058, 2020, 2063, 2022, 2066, 2060, 2010, 1807, 700, 2012, 2037, 2004, 2012, 2006, 1975, 2011, 2007, 2001, 2075, 2027, 2027, 2009, 2082, 2006, 2011, 2000, 2142, 2021, 2016, 2011], "decoding": [1493, 1036, 1113, 1227, 1240, 1193, 1255, 1210, 1217, 1251, 1294, 1212, 1264, 1212, 1377, 1238, 1164, 1276, 1236, 1217, 1222, 1251, 1222, 1272, 1234, 1237, 1231, 1197, 1241, 1227, 1218, 677, 1215, 1243, 1212, 1258, 1216, 1245, 1268, 1211, 1215, 1179, 1242, 1217, 1280, 1257, 1253, 1229, 1242, 1224, 979, 1223, 1216, 1216, 1207, 1224, 1227, 1212, 1223, 1225, 1211, 1215, 1232, 1216, 1225, 1225, 1244, 1197, 1211, 1250, 1249, 1214, 1224, 1238, 1210, 1229, 1230, 1222, 1216, 1214, 1224, 1202, 1211, 1236, 1223, 1221, 1219, 1218, 1236, 1215, 1219, 1220, 1256, 1228, 1232, 1232, 1211, 1262, 1236, 1262, 1257, 1229, 1218, 1219, 1239, 1235, 1246, 1076, 1181, 1174, 1255, 1227, 1214, 1215, 1218, 1254, 1314, 1223, 1241, 1221, 1239, 1228, 1319, 1224, 1208, 1217, 1175, 1182, 1227, 1186, 1233, 1281, 1245, 1224, 1284, 1287, 1206, 1218, 1239, 1213, 1218, 1216, 1210, 1223, 1228, 1190, 1209, 1326, 1219, 1213, 1169, 1178, 1251, 1264, 1207, 1225, 1217, 1219, 1209, 1198, 1225, 1223, 1201, 1197, 1207, 1203, 1265, 1258, 1231, 1227, 1219, 1209, 1239, 1229, 1215, 1233, 1223, 1229, 1206, 1231, 1213, 1224, 1212, 1205, 1219, 1199, 1229, 1226, 1221, 1233, 1219, 1232, 1227, 1267, 1219, 1222, 1216, 1206, 1216, 1221, 1223, 1219, 1216, 1234, 1263, 1249, 1220, 1251, 1226, 1210, 1222, 1249, 1215, 1232, 1220, 1210, 1222, 1223, 1261, 1235, 1231, 1221, 1203, 1205, 1235, 1242, 1223, 1253, 1216, 1206, 1238, 1211, 1219, 1263, 1216, 1219, 1230, 1259, 1213, 1220, 1251, 1221, 1241, 1215, 1271, 1233, 1240, 1238, 1221, 1215, 1215, 1244, 1249, 1227, 1200, 1243, 1213, 1237, 1433, 1216, 1221, 1221, 1187, 1204, 1343, 1192, 1226, 1194, 1229, 1213, 1211, 1218, 1257, 1256, 1211, 1251, 1217, 1212, 1213, 1232, 1206, 1217, 1239, 1211, 1226, 1214, 1241, 1227, 1213, 1220, 1205, 1197, 1229, 1209, 1194, 1228, 1230, 1236, 1207, 1236, 1218, 1221, 1235, 1199, 1231, 1219, 1227, 1262, 1251, 1224, 1214, 1247, 1216, 1217, 1209, 1217, 1222, 1224, 1208, 1215, 1214, 1208, 1253, 1227, 1184, 1251, 1235, 1203, 1216, 1211, 1253, 1241, 1210, 1265, 1212, 1205, 1214, 1310, 1196, 1198, 1133, 1215, 1268, 1210, 1211, 1258, 1249, 1217, 1252, 1213, 1232, 1238, 1234, 1213, 1314, 1217, 1217, 1242, 1215, 1235, 1225, 1234, 1216, 1182, 1210, 1174, 1217, 1191, 1256, 1214, 1202, 1245, 1239, 1201, 1291, 1219, 1218, 1255, 1217, 1244, 1207, 1225, 1284, 1222, 1225, 1258, 1222, 1219, 1230, 1217, 1221, 1210, 1227, 1207, 1247, 1234, 1215, 1224, 1241, 1228, 1298, 1237, 1280, 1210, 1243, 1236, 1213, 1227, 1242, 1225, 1251, 1228, 1275, 1207, 1241, 1218, 1191, 1214, 1233, 1229, 1263, 1210, 1211, 1241, 1218, 1228, 1243, 1217, 1212, 1207, 1213, 1228, 1219, 1229, 1283, 1230, 1251, 1221, 1219, 1224, 1260, 1228, 1216, 1248, 1219, 1221, 1226, 1287, 1181, 1224, 1221, 1246, 1263, 1068, 1236, 1125, 1209, 1226, 1247, 1236, 1221, 1218, 1222, 1253, 1220, 1221, 1211, 1217, 1229, 1232, 1214, 1210, 1380, 1218, 1222, 1222, 1208, 1206, 435, 1229, 1293, 1223, 1260, 1230, 1216, 1234, 1237, 1241, 1211, 1218, 1243, 1231, 1222, 1215, 1226, 1214, 1229, 1213, 1241, 1216], "forwarding_mean": 1188.0239999999999,