{"A": {"coding_mean": 2012.816, "decoding_sd": 79.975886365829055, "forwarding_sd": 68.822445728119831, "coding": [2169, 2100, 1716, 1714, 2029, 1735, 2050, 2022, 2028, 1883, 1942, 1901, 2136, 2036, 2078, 1743, 2022, 2027, 2034, 2026, 2029, 2026, 2033, 2014, 2042, 2008, 1907, 1987, 2083, 1897, 2041, 2167, 2029, 1879, 2019, 2070, 1904, 2050, 2081, 2129, 2021, 1889, 2038, 2016, 2019, 2004, 2093, 2013, 2018, 2087, 2160, 2015, 2016, 1911, 2017, 2045, 2055, 2017, 1874, 2011, 1956, 1891, 2232, 1887, 2141, 1970, 2020, 2145, 2026, 2052, 1887, 1934, 2023, 2037, 1924, 2000, 2028, 1945, 2026, 2018, 2131, 2037, 1881, 2030, 1946, 2013, 2236, 1869, 1923, 1913, 2043, 2038, 1990, 2061, 1865, 2088, 1922, 1846, 2020, 2017, 2154, 1909, 1863, 1917, 1910, 1926, 2026, 1886, 1900, 2095, 1950, 2045, 2046, 2028, 2016, 1866, 2016, 2021, 2042, 1905, 2015, 2016, 2020, 2010, 2003, 2012, 2026, 2018, 2014, 2031, 2010, 1986, 1946, 2030, 1931, 2028, 2014, 2046, 2055, 2020, 2041, 2033, 2052, 2044, 2119, 1992, 2032, 2055, 2006, 2025, 1838, 2008, 1984, 1822, 2010, 2067, 2008, 2044, 2037, 2028, 2037, 2013, 1844, 1804, 2012, 2016, 2048, 2010, 2025, 1857, 2029, 2009, 2035, 2040, 2013, 2053, 2028, 2041, 2001, 2037, 1849, 1956, 2047, 1975, 2035, 2004, 2011, 2033, 2020, 2023, 2033, 2021, 1929, 2041, 2052, 2044, 2050, 1891, 2030, 2023, 2048, 2016, 2046, 2018, 2037, 1997, 2016, 2058, 2054, 2024, 2113, 2048, 1890, 2031, 2092, 2043, 2040, 2028, 1977, 2168, 2006, 2035, 2019, 2095, 2038, 2056, 2018, 2034, 2030, 2012, 1956, 2074, 2009, 2031, 1850, 2038, 2015, 2093, 2017, 2020, 2094, 2253, 2084, 2113, 2071, 2028, 2013, 2082, 2015, 2101, 2026, 2050, 2087, 2025, 2003, 2004, 1996, 2017, 2016, 2029, 2016, 2033, 2028, 2037, 2034, 1956, 2023, 2048, 2060, 1946, 2101, 2015, 2055, 2072, 2094, 2029, 2074, 2058, 2009, 2038, 2014, 2090, 2026, 2038, 2018, 2041, 2038, 2006, 2020, 2024, 2052, 2042, 2039, 2037, 1994, 2029, 1964, 2026, 2080, 2262, 1960, 2115, 2007, 2044, 1918, 1973, 2030, 1991, 1998, 1908, 2005, 1978, 2001, 1973, 2050, 1984, 2107, 2053, 2075, 2033, 1903, 1906, 2028, 1914, 2051, 1978, 2009, 2245, 1893, 1903, 2053, 1887, 1863, 2043, 2077, 2019, 1960, 2048, 2027, 2044, 2060, 2039, 2043, 2037, 2123, 2032, 2064, 2100, 2078, 2075, 2077, 2080, 2046, 2074, 2076, 1972, 1827, 2194, 2033, 2059, 2040, 2048, 2210, 2044, 2039, 2060, 2048, 2049, 2016, 2029, 2026, 2068, 2042, 2035, 2029, 2065, 2027, 2054, 2045, 2068, 1986, 1777, 1808, 1797, 2062, 2050, 1796, 1976, 2027, 2038, 2065, 2076, 2079, 2019, 2043, 1984, 2026, 2035, 2029, 2022, 2034, 2039, 2058, 2062, 1843, 1863, 1955, 2043, 2062, 2061, 1959, 2037, 2028, 2040, 2033, 2125, 2030, 2037, 2061, 2010, 2041, 2012, 2026, 2118, 2019, 2006, 1841, 2070, 2025, 2022, 2051, 2057, 2021, 2049, 2026, 2040, 2034, 1967, 2022, 2011, 2037, 2031, 2043, 2194, 2038, 2012, 2021, 2053, 2021, 2031, 2017, 1958, 2070, 2049, 2029, 2034, 2053, 2027, 2058, 2009, 2032, 2017, 1957, 1997, 2018, 2030, 2060, 2070, 2031, 2031, 2028, 2018, 2067, 2016, 2068, 1948, 2037, 1858, 706, 1369, 1979, 1951, 2024, 1987, 2024, 2168, 2050, 2039, 2028, 2034, 2024, 2021, 2049, 2022, 2025, 2017, 2037, 2013, 2034, 2026], "decoding": [1313, 1252, 1171, 1027, 1117, 1038, 1207, 1211, 1235, 1200, 1083, 1117, 1268, 1175, 1211, 1176, 1247, 1206, 1226, 1209, 1205, 1187, 1217, 1173, 1221, 1222, 1175, 1197, 1264, 1185, 1201, 1225, 1236, 1174, 1171, 1244, 1179, 1226, 1207, 1217, 1222, 1117, 1221, 1239, 1246, 1259, 1221, 1226, 1239, 1129, 1145, 1233, 1218, 1176, 1231, 1214, 1223, 1225, 1173, 1196, 1180, 1180, 1196, 1178, 1171, 1172, 1215, 1209, 1215, 1244, 1112, 1105, 1207, 1217, 1193, 1178, 1211, 1181, 1227, 1225, 1209, 1232, 1171, 1227, 1168, 1254, 1195, 1169, 1190, 1177, 1205, 1224, 1190, 1210, 1140, 1177, 1176, 1295, 1218, 1345, 1203, 1185, 1170, 1210, 1187, 1123, 1232, 1281, 1186, 1223, 1152, 1216, 1223, 1207, 1244, 1091, 1221, 1227, 1178, 1136, 1237, 1249, 1309, 1129, 1207, 1235, 1471, 1124, 1223, 1105, 1160, 1103, 1170, 1222, 1129, 1226, 1205, 1258, 1209, 1121, 1190, 1215, 1173, 1305, 1137, 1212, 1218, 1126, 1201, 1228, 1108, 1195, 1114, 1109, 1213, 1178, 1219, 1225, 1288, 1166, 1214, 1399, 1177, 1277, 1211, 1217, 1216, 1239, 1169, 1199, 1315, 1269, 1166, 1099, 1100, 1241, 1212, 1157, 1186, 1118, 1169, 1175, 1118, 1121, 1136, 1218, 1123, 1191, 1181, 1172, 1347, 1133, 1105, 1106, 1214, 1226, 1138, 1185, 1221, 1222, 1188, 1168, 1292, 1224, 1211, 1232, 1233, 1228, 1265, 1170, 1178, 1120, 1120, 1179, 1245, 1235, 1349, 1171, 1128, 1234, 1131, 1224, 1723, 1193, 1750, 1275, 1248, 1221, 1252, 1214, 1179, 1224, 1208, 1174, 1163, 1186, 1217, 1213, 1243, 1217, 1231, 1186, 1205, 1200, 1203, 1212, 1161, 1203, 1169, 1175, 1228, 1178, 1164, 1281, 1233, 1181, 1222, 1182, 1218, 1244, 1220, 1238, 1118, 1116, 1120, 1118, 1182, 1274, 1224, 1188, 1214, 1234, 1293, 1126, 1124, 1221, 1209, 1173, 1231, 1229, 1180, 1250, 1212, 1166, 1286, 1170, 1123, 1226, 1239, 1218, 1213, 1216, 1210, 1213, 1214, 1212, 1127, 1167, 1170, 1217, 1391, 1233, 1166, 1124, 1177, 1164, 1187, 1190, 1202, 1174, 1257, 1165, 1229, 1123, 1213, 1185, 1231, 1221, 1211, 1265, 1189, 1165, 1633, 1185, 1170, 1179, 1182, 1178, 1508, 1182, 1218, 1189, 1171, 1202, 1175, 1173, 1174, 1196, 1235, 1132, 1213, 1214, 1261, 1176, 1167, 1207, 1183, 1114, 1225, 1174, 1185, 1223, 1209, 1173, 1219, 1156, 1069, 1131, 1196, 1229, 1184, 1296, 1212, 1175, 1227, 1231, 1233, 1166, 1198, 1183, 1213, 1213, 1259, 1270, 1370, 1238, 1207, 1220, 1177, 1172, 1125, 1065, 1064, 1060, 1134, 1202, 1181, 1183, 1213, 1173, 1114, 1225, 1123, 1403, 1173, 1132, 1229, 1221, 1229, 1247, 1113, 1169, 1112, 1270, 1107, 1102, 1187, 1214, 1229, 1220, 1174, 1213, 1259, 1278, 1168, 1222, 1218, 1213, 1176, 1184, 1179, 1219, 1172, 1236, 1205, 1230, 1178, 1213, 1218, 1134, 1235, 1162, 1218, 1218, 1204, 1138, 1174, 1148, 1224, 1184, 1182, 1222, 1222, 1239, 1178, 1187, 1230, 1294, 1248, 1217, 1245, 1102, 1224, 1398, 1238, 1192, 1214, 1134, 1175, 1182, 1169, 1156, 1114, 1227, 1227, 1185, 1180, 1221, 1276, 1220, 1215, 1181, 1217, 1218, 1224, 1240, 1099, 1116, 453, 561, 1095, 1138, 1280, 1186, 1132, 1209, 1310, 1175, 1188, 1240, 1179, 1174, 1177, 1175, 1227, 1204, 1220, 1227, 1131, 1179], "forwarding_mean": 1199.6579999999999,