{"A": {"coding_mean": 1939.7819999999999, "decoding_sd": 275.50748121239832, "forwarding_sd": 256.52985830893061, "coding": [711, 659, 1575, 2256, 1815, 1861, 636, 576, 702, 2364, 2431, 659, 596, 543, 2170, 1751, 2089, 2039, 2047, 2087, 2089, 2070, 2156, 2113, 2057, 1860, 1031, 580, 556, 590, 1614, 2079, 884, 2074, 2105, 2092, 2161, 2105, 2199, 2064, 1459, 2065, 2223, 2043, 747, 842, 525, 559, 634, 620, 576, 724, 579, 599, 963, 917, 2040, 2116, 2064, 2015, 2055, 2043, 2145, 2104, 2071, 2088, 2160, 1550, 568, 849, 720, 590, 1868, 1350, 947, 2072, 1408, 2224, 2124, 2026, 2031, 2073, 2073, 2064, 2050, 1880, 2050, 2080, 1863, 1816, 2026, 2149, 2100, 2064, 2170, 2002, 1825, 2038, 2090, 2611, 2176, 2083, 2052, 2084, 2097, 2198, 2066, 2090, 2061, 2071, 2697, 2055, 2096, 2239, 2160, 2060, 2070, 2072, 2098, 2132, 1562, 726, 2043, 2064, 2060, 2073, 2085, 2120, 2159, 2268, 1054, 1936, 2166, 1859, 2097, 2025, 2169, 3443, 910, 1938, 841, 2111, 2082, 2102, 2107, 2080, 2027, 2087, 2083, 2054, 2213, 2056, 2448, 2085, 2111, 2074, 2100, 2074, 2067, 2069, 2063, 2067, 2081, 2098, 2084, 2081, 2089, 2088, 2071, 2025, 2035, 2050, 2056, 2006, 2053, 2116, 713, 2063, 2016, 2031, 2011, 2026, 2102, 2064, 2053, 2097, 2021, 2022, 2074, 2097, 2007, 2032, 2051, 2022, 2207, 2061, 2058, 2082, 2057, 2068, 2074, 2064, 2075, 2087, 2095, 2066, 2051, 2083, 2067, 2175, 2134, 2194, 2079, 2033, 2378, 1359, 1140, 2077, 2100, 2071, 2052, 2043, 2082, 2073, 2104, 2093, 2102, 2066, 2079, 2082, 2075, 2029, 1513, 2106, 2110, 2056, 2092, 2058, 2019, 2032, 2069, 2076, 2094, 2112, 2069, 2317, 2221, 2112, 1859, 2095, 2095, 2132, 2044, 2080, 2100, 2062, 2050, 2054, 2056, 2046, 2304, 2045, 2051, 2042, 2102, 2117, 2020, 2017, 1998, 2033, 2106, 2054, 2055, 2098, 2085, 2063, 2082, 2054, 2086, 2044, 2141, 2058, 2069, 2097, 2071, 2024, 2023, 2074, 2062, 2059, 2067, 2105, 2102, 2077, 2076, 2057, 2083, 2046, 2079, 2523, 1116, 2088, 2081, 968, 908, 1380, 2189, 2032, 1352, 2294, 1353, 1832, 1847, 2158, 2090, 2065, 2067, 2064, 2059, 2060, 2121, 2142, 2032, 2123, 860, 2098, 2064, 2064, 2079, 2128, 2376, 2065, 2182, 2088, 2092, 2094, 2150, 2714, 2130, 3048, 2297, 2287, 2377, 2145, 1378, 2288, 1846, 2110, 2053, 2232, 2087, 2113, 837, 2071, 2051, 2046, 2161, 2089, 2082, 2069, 2112, 2036, 2100, 2087, 2030, 2055, 2020, 2051, 2045, 1980, 2109, 2054, 2104, 2020, 2099, 2065, 2060, 2092, 2078, 2058, 2061, 2109, 2117, 2074, 2120, 2081, 2100, 2064, 2100, 2056, 2024, 2179, 2041, 2057, 2362, 2068, 2103, 2052, 2095, 2085, 2109, 2102, 1905, 1891, 2350, 2262, 2177, 2079, 2121, 2032, 2118, 2109, 2208, 2091, 2118, 2067, 2213, 2176, 2205, 2058, 2077, 2026, 2076, 2045, 2042, 2056, 2140, 2407, 2146, 2059, 2087, 2036, 2116, 2092, 2084, 2054, 1810, 2056, 559, 541, 2074, 2535, 2003, 1886, 2142, 2139, 1954, 2060, 2055, 2411, 2099, 1766, 1990, 2121, 1829, 1845, 2055, 2142, 2078, 2008, 2054, 2097, 2126, 1881, 2105, 603, 1782, 3069, 2119, 543, 579, 2160, 2076, 2111, 628, 2070, 2022, 2253, 720, 1137, 2100, 2050, 2073, 2450, 2078, 792, 630, 2068, 2074, 2143, 1056, 2383, 2052, 2056, 2379, 2063, 2121, 2220, 2207, 2078], "decoding": [412, 472, 877, 1279, 1773, 1095, 488, 356, 395, 1281, 541, 402, 403, 626, 827, 1084, 1090, 1198, 1493, 1254, 1275, 1262, 1330, 1262, 1278, 1093, 1119, 446, 401, 393, 949, 1306, 582, 1343, 1391, 1263, 1326, 1312, 1229, 1268, 839, 1329, 1395, 1232, 562, 434, 498, 409, 371, 489, 418, 666, 414, 501, 445, 469, 1257, 1258, 1239, 1273, 1284, 1399, 1240, 1270, 1264, 1286, 1065, 1778, 357, 324, 374, 365, 1244, 1228, 477, 1108, 1299, 855, 1129, 1269, 1268, 1339, 1295, 1408, 1269, 1154, 1261, 1251, 1140, 1067, 1258, 1239, 1260, 1205, 1217, 1205, 1182, 1371, 1269, 1420, 1274, 1275, 1417, 1259, 1216, 1279, 1260, 1262, 1264, 1215, 1259, 1290, 1280, 1264, 1252, 1267, 1242, 1247, 1266, 1248, 1281, 459, 1348, 1257, 1243, 1234, 1270, 1281, 1274, 1896, 644, 600, 1323, 1350, 1288, 1195, 1254, 1194, 534, 1237, 810, 1240, 1261, 1233, 1268, 1300, 588, 1254, 1283, 1267, 1326, 1249, 1287, 1196, 1246, 1245, 1335, 1326, 1269, 1252, 1254, 1246, 1330, 1306, 1264, 1265, 1256, 1320, 1261, 1268, 1257, 1258, 1256, 1260, 1244, 1278, 650, 1183, 1256, 1260, 1252, 1270, 1277, 1296, 1248, 1271, 1279, 1334, 1276, 1276, 1258, 1270, 1253, 1269, 1240, 1271, 1251, 1258, 1262, 1306, 1283, 1241, 1322, 1253, 1279, 1259, 1279, 1307, 1273, 1268, 1250, 1088, 1086, 1356, 1276, 1231, 667, 1235, 1248, 1268, 1270, 1280, 1267, 1254, 1292, 1285, 1260, 1252, 1323, 1248, 1247, 1270, 850, 1247, 1276, 1256, 1257, 1298, 1407, 1249, 1232, 1255, 1305, 1244, 1291, 1512, 1295, 1485, 1093, 1281, 1257, 1259, 1292, 1272, 1232, 1271, 1260, 1283, 1244, 1241, 1256, 1201, 1244, 1257, 1231, 1206, 1239, 1273, 1269, 1277, 1380, 1252, 1296, 1257, 1264, 1270, 1261, 1266, 1313, 1253, 1243, 1247, 1241, 1237, 1291, 1291, 1293, 1261, 1260, 1255, 1272, 1253, 1281, 1270, 1270, 1260, 1269, 1265, 1269, 1336, 1279, 451, 1695, 1390, 561, 727, 1269, 1323, 1966, 1289, 1550, 1218, 1039, 1217, 1253, 1258, 1228, 1251, 1225, 1187, 1221, 1710, 1281, 1118, 476, 1249, 1242, 1264, 1249, 1241, 1267, 1231, 1364, 1254, 1211, 1274, 1243, 1262, 1256, 1321, 1233, 1136, 1378, 1075, 800, 852, 1338, 1256, 1260, 1245, 1222, 1410, 463, 1274, 1289, 1259, 1519, 1433, 1134, 1266, 1214, 1273, 1268, 1253, 1244, 1289, 1236, 1284, 1241, 1297, 1196, 1283, 1319, 1314, 1231, 1306, 1260, 1363, 1234, 1292, 1425, 1263, 1278, 1284, 1606, 1477, 1376, 1263, 1464, 1296, 1317, 1255, 1281, 1376, 1485, 1250, 1162, 1260, 1271, 1224, 1243, 1220, 1685, 1094, 1252, 1260, 1396, 1292, 1446, 1280, 1265, 1261, 1305, 1242, 1275, 1239, 1248, 1287, 1259, 1275, 1293, 1227, 1452, 1362, 1267, 1237, 1801, 1252, 1255, 1243, 1246, 1250, 1240, 1223, 1423, 1251, 1236, 1293, 427, 466, 1235, 1235, 1478, 1058, 1291, 1455, 1272, 1299, 1317, 1189, 1179, 1618, 1090, 1179, 1231, 1065, 1906, 1252, 1213, 1259, 1216, 1678, 1310, 1231, 1249, 460, 328, 1235, 1446, 357, 420, 1499, 1244, 1258, 645, 1122, 1471, 1262, 460, 393, 1235, 1255, 1278, 1246, 1222, 388, 420, 1325, 1242, 1281, 1354, 634, 1257, 1227, 1278, 1210, 1195, 1240, 1213, 795], "forwarding_mean": 1144.2860000000001,