{"A": {"coding_mean": 2107.6027944111775, "decoding_sd": 4609.164727413453, "forwarding_sd": 70.986586828637172, "coding": [2184, 1848, 2129, 2101, 2111, 2111, 2132, 1786, 1822, 2114, 2108, 2121, 2141, 2096, 2115, 2096, 2105, 2104, 2133, 2120, 2110, 2103, 2141, 2101, 2099, 2116, 2125, 2133, 2120, 2093, 2102, 2109, 2132, 2089, 2114, 2115, 2144, 2121, 2100, 2112, 2138, 2134, 2112, 2131, 2154, 2105, 2108, 2080, 2108, 2100, 2104, 2102, 2106, 2134, 2114, 2092, 2108, 2164, 2118, 2094, 2132, 2123, 2135, 2130, 2111, 2135, 2109, 2130, 2113, 2188, 495, 1386, 2050, 2049, 2105, 2117, 2123, 2116, 2122, 2094, 2130, 2787, 2134, 2128, 2104, 2149, 2115, 2132, 2079, 2143, 2101, 2125, 2122, 2090, 2143, 2095, 2131, 2118, 2153, 2102, 2114, 2099, 2099, 2117, 2122, 2098, 2130, 2129, 2111, 2128, 2097, 2111, 2101, 2116, 2124, 2156, 2112, 2030, 2122, 2095, 2116, 2090, 2093, 1992, 2207, 2082, 2091, 2096, 2097, 2094, 2112, 2113, 2143, 2062, 2176, 2080, 2159, 2092, 2178, 2090, 2087, 2187, 2231, 2308, 2085, 2216, 2094, 2108, 2088, 2089, 2109, 2283, 2064, 2106, 2094, 2233, 2122, 2108, 2104, 2174, 2097, 2086, 2097, 2113, 2082, 2118, 2092, 2252, 2182, 2087, 2517, 2080, 2096, 2106, 2184, 2115, 2094, 2190, 2111, 2100, 2105, 2179, 2097, 2101, 2110, 2098, 2084, 2097, 2113, 2163, 2092, 2127, 2158, 2109, 2107, 2085, 2082, 2100, 2087, 2082, 2046, 2094, 2069, 2132, 2113, 2096, 2082, 2136, 2108, 2088, 2110, 2097, 2081, 2086, 2142, 2086, 2082, 2071, 2099, 2091, 2101, 2096, 2090, 2130, 2095, 2103, 2069, 2078, 2096, 2095, 2082, 2091, 2078, 2106, 2089, 2112, 2096, 2146, 2088, 2105, 2109, 2104, 2123, 2078, 2101, 2091, 2140, 2105, 2100, 2119, 2099, 2078, 2095, 2101, 2100, 2097, 2133, 2111, 2102, 2089, 2112, 2075, 2085, 2131, 2111, 2097, 2098, 2101, 2111, 2108, 2107, 2114, 2144, 2096, 2084, 2086, 2087, 2128, 2082, 2106, 2078, 2094, 2192, 2137, 2101, 2118, 2097, 2132, 2108, 2093, 2107, 2209, 2102, 1769, 2102, 2111, 2172, 2103, 2096, 2107, 2077, 2049, 2095, 2081, 1832, 2094, 2096, 2113, 2135, 2050, 2092, 2200, 2107, 2101, 2120, 2128, 2096, 2109, 2137, 2120, 2064, 2097, 2039, 2193, 1978, 2084, 2113, 2115, 2120, 2082, 2114, 2038, 2125, 2391, 2111, 2111, 2117, 2096, 2092, 2087, 2108, 2094, 2101, 2049, 2097, 2024, 2218, 2104, 2076, 2096, 2096, 2051, 2099, 2097, 2104, 2109, 2098, 2127, 2083, 2107, 2055, 2068, 2055, 2053, 2120, 2050, 2115, 2109, 2060, 2055, 2045, 2054, 2059, 2045, 2061, 2067, 2115, 2071, 2059, 2046, 2059, 2120, 2093, 2042, 2073, 2049, 2052, 2030, 5443, 5467, 2051, 2053, 2061, 2062, 2051, 2135, 2038, 2146, 2181, 2047, 2050, 2045, 2086, 2060, 2076, 2038, 2065, 2041, 2042, 2044, 2053, 2170, 2067, 2034, 2041, 2076, 2026, 2044, 2039, 2040, 2094, 2063, 2112, 2192, 2117, 2090, 2121, 2095, 2126, 2115, 2165, 2101, 2113, 2073, 1878, 1886, 1867, 2142, 2111, 2070, 2096, 2169, 2107, 2057, 2047, 2064, 2115, 2047, 2059, 2117, 2064, 2143, 2165, 2079, 2092, 2138, 2120, 2098, 2110, 2125, 2074, 2104, 2098, 2103, 2090, 2112, 2144, 2104, 2079, 2100, 2092, 2108, 2099, 2105, 2106, 2069, 2099, 2074, 1413, 1077, 2087, 2109, 2074, 2100, 2113, 2109, 2115, 2085, 2099, 2094, 1962, 2114, 2097, 2102, 2173, 2054, 2098, 2164, 2103, 2105, 2104], "decoding": [1399, 1449, 1287, 1199, 1198, 1192, 1205, 1025, 1036, 1208, 1196, 1264, 1201, 1208, 1206, 1195, 1209, 1244, 1216, 1215, 1212, 1273, 1201, 1209, 1221, 1189, 1192, 1186, 1272, 1199, 1230, 1190, 1209, 1218, 1210, 1218, 1203, 1210, 1220, 1215, 1261, 1221, 1200, 1211, 1205, 1244, 1096, 1111, 1233, 1217, 1206, 1187, 1216, 1190, 1276, 1222, 1190, 1222, 1224, 1231, 1220, 1199, 1243, 1229, 1225, 1206, 1332, 1173, 1206, 1153, 528, 617, 1175, 1168, 1211, 1218, 1229, 1205, 1147, 1166, 1245, 1164, 1202, 1196, 1276, 1228, 1340, 1161, 1195, 1205, 1222, 1202, 1200, 1228, 1206, 1299, 1218, 1269, 1169, 1200, 1165, 1171, 1197, 1256, 1200, 1154, 1204, 1206, 1161, 1207, 1175, 1197, 1225, 1233, 1201, 1141, 1170, 1105, 1191, 1205, 1189, 1211, 1215, 1197, 1205, 1193, 1187, 1200, 1211, 1228, 1193, 1241, 1247, 1227, 1209, 1148, 1221, 1207, 1273, 1216, 1205, 1149, 1209, 1265, 1199, 1193, 1195, 1199, 1196, 1301, 1202, 1189, 1284, 1150, 1203, 1200, 1207, 1234, 1202, 1209, 1285, 1199, 1202, 1195, 1194, 1218, 1318, 1212, 1185, 1197, 1221, 1169, 1145, 1207, 1164, 1238, 1200, 1191, 1155, 1150, 1281, 1201, 1222, 1175, 1230, 1217, 1177, 1204, 1205, 1202, 1219, 1119, 1186, 1212, 1160, 1160, 1203, 1201, 1202, 1252, 1205, 1216, 1247, 1257, 1259, 1255, 1212, 1190, 1189, 1371, 1254, 1210, 1199, 1204, 1208, 1208, 1202, 1212, 1187, 1154, 1205, 1239, 1208, 1178, 1202, 1210, 1192, 1275, 1209, 1193, 1349, 1204, 1196, 1202, 1185, 1198, 1209, 1202, 1193, 1195, 1192, 1193, 1147, 1214, 1198, 1207, 1172, 1200, 1206, 1210, 1199, 1199, 1272, 1201, 1218, 1222, 1199, 1187, 1195, 1205, 1283, 1207, 1196, 1196, 1206, 1202, 1260, 1203, 1202, 1203, 1223, 1284, 1233, 1200, 1296, 1208, 1218, 1200, 1197, 1216, 1221, 1188, 1198, 1198, 1204, 1323, 1196, 1193, 1184, 1199, 1210, 1186, 1182, 1042, 1206, 1305, 1198, 1216, 1193, 1188, 1189, 1222, 1178, 1206, 1162, 1226, 1262, 1248, 1197, 1199, 1200, 1221, 1206, 1239, 1200, 1198, 1197, 1203, 1202, 1206, 1201, 1365, 1217, 1190, 1166, 1191, 1216, 1267, 1194, 1190, 1202, 1223, 1228, 1200, 1222, 1194, 1196, 1198, 1189, 1211, 1216, 1191, 1273, 1214, 1200, 1191, 1208, 1224, 1210, 1191, 1190, 1196, 1215, 1180, 1199, 1242, 1159, 1151, 1161, 1177, 1208, 1154, 1218, 1213, 1221, 1207, 1100, 1209, 1258, 1277, 1201, 1208, 1145, 1151, 1164, 1194, 1152, 1209, 1166, 1168, 1203, 1200, 1260, 1216, 1166, 1217, 1197, 90421, 38176, 38176, 1091, 1211, 1153, 1326, 1219, 1201, 1214, 1201, 1190, 1159, 1199, 1206, 1226, 1223, 1209, 1174, 1205, 1191, 1212, 1200, 1217, 1396, 1203, 1278, 1196, 1200, 1202, 1210, 1213, 1156, 1207, 1250, 1163, 1185, 1200, 1189, 1165, 1154, 1204, 1222, 1291, 1194, 1176, 1203, 1033, 983, 979, 1194, 1196, 1211, 1241, 1258, 1158, 1211, 1200, 1191, 1252, 1198, 1206, 1199, 1170, 1186, 1221, 1126, 1151, 1159, 1157, 1149, 1323, 1181, 1197, 1171, 1227, 1211, 1215, 1151, 1264, 1160, 1209, 1204, 1333, 1214, 1164, 1224, 1177, 1330, 1193, 1158, 1193, 457, 1313, 1175, 1222, 1248, 1222, 1206, 1191, 1203, 1206, 1216, 1184, 1207, 1161, 1151, 1200, 1207, 1250, 1156, 1162, 1201, 1230], "forwarding_mean": 1191.0479041916167,