{"A": {"coding_mean": 1844.6559999999999, "decoding_sd": 344.76733952043656, "forwarding_sd": 400.2482002158161, "coding": [617, 1014, 556, 532, 550, 1362, 805, 2172, 2238, 2007, 777, 1987, 1960, 2080, 628, 504, 743, 2044, 1969, 2020, 2016, 1987, 2070, 1406, 804, 659, 1980, 1989, 1978, 1045, 1993, 2165, 1991, 2130, 1077, 2071, 2138, 2067, 2016, 1989, 2036, 1765, 1984, 1945, 2013, 2121, 2145, 1979, 1978, 1969, 2015, 2239, 1992, 2023, 1987, 2047, 2036, 2064, 1994, 1989, 1987, 2356, 2021, 2015, 2075, 2088, 1988, 2103, 2041, 1972, 2023, 1997, 1977, 1958, 2066, 2037, 2000, 2692, 2018, 3172, 1980, 2152, 2037, 2076, 1988, 1993, 2036, 1976, 1988, 2253, 754, 852, 1995, 2013, 1968, 1968, 2011, 2018, 2210, 2387, 2764, 2016, 2044, 2013, 2107, 2209, 2005, 2051, 2037, 2048, 2034, 2185, 1923, 1970, 2089, 2223, 2086, 2019, 1973, 2047, 1981, 2004, 2051, 1982, 2072, 2102, 2087, 2072, 1978, 2025, 1968, 2034, 2051, 1942, 2108, 2061, 2075, 2050, 2810, 568, 2100, 887, 2017, 1960, 2297, 1994, 2045, 2088, 570, 2018, 1994, 1925, 1978, 2023, 2059, 1967, 2072, 2936, 1352, 2106, 2003, 2008, 2063, 1960, 2049, 2207, 2021, 1938, 2105, 2023, 2091, 1986, 2001, 2018, 1992, 1972, 2017, 2508, 2018, 2011, 2194, 1977, 2200, 2048, 1976, 1019, 474, 2015, 1953, 1972, 2016, 2035, 1950, 2823, 2329, 1997, 2038, 2064, 1992, 2039, 2087, 738, 2855, 1991, 2010, 2010, 2007, 1999, 2028, 2033, 2106, 2015, 1999, 2021, 2025, 2043, 2027, 2005, 1980, 2015, 2021, 2012, 2028, 2017, 2014, 2001, 2163, 2012, 2015, 2012, 1996, 2003, 2006, 2014, 1989, 2160, 2014, 1987, 2039, 2036, 2009, 2023, 2024, 2019, 2024, 2042, 2028, 2006, 2009, 2025, 2024, 2004, 2019, 2024, 2010, 2018, 2044, 2002, 2085, 2051, 2008, 2031, 2053, 2219, 2031, 2024, 2022, 2020, 2039, 1997, 2073, 2044, 2012, 2015, 2023, 2039, 2002, 2023, 2017, 2000, 2006, 2046, 1999, 2035, 2046, 2036, 2073, 2024, 2016, 2012, 2001, 2007, 2022, 1999, 1996, 2013, 2028, 2006, 2003, 2013, 652, 529, 758, 538, 2047, 2035, 2002, 2019, 2030, 2042, 2008, 2008, 2011, 2013, 1906, 2008, 2080, 2016, 2011, 1973, 2062, 2258, 535, 617, 639, 1108, 1798, 2102, 2000, 1745, 2003, 2028, 2015, 2009, 1979, 2214, 2025, 1957, 556, 2976, 1156, 2043, 2003, 2003, 2141, 2983, 2222, 1468, 2378, 2404, 786, 508, 562, 566, 2266, 1970, 2009, 2030, 2012, 1975, 2189, 2024, 2034, 1939, 2069, 1974, 2012, 2004, 1985, 2019, 2025, 1981, 595, 537, 676, 655, 527, 663, 597, 515, 549, 787, 937, 2138, 1966, 550, 2634, 684, 511, 553, 850, 654, 1122, 2800, 2129, 1987, 1977, 2008, 1974, 1971, 1074, 1382, 1626, 1716, 1954, 1957, 1976, 1965, 1946, 2009, 2045, 2005, 1967, 2006, 1966, 2387, 1969, 1978, 1113, 2202, 2041, 740, 571, 536, 513, 498, 858, 737, 1035, 2001, 2119, 2017, 2055, 1966, 1942, 2026, 500, 518, 550, 813, 1998, 2032, 2221, 1976, 710, 1582, 1775, 528, 940, 2172, 2064, 1992, 816, 1422, 2123, 2177, 2384, 2117, 1968, 1116, 649, 1957, 2009, 2113, 2019, 1946, 2006, 2002, 2008, 2033, 2018, 2003, 2001, 1999, 2009, 2018, 2020, 1995, 777, 2018, 2150, 1993, 1995, 2008, 2006, 2026, 2033, 2001, 2012, 2009, 2019, 1998, 2046, 2013, 1999, 1989, 2025, 1991, 2196, 2081], "decoding": [464, 327, 382, 405, 341, 802, 433, 1295, 1158, 1307, 422, 1306, 1219, 1419, 485, 479, 491, 828, 1216, 1287, 1224, 1209, 1211, 804, 382, 399, 1303, 1285, 1179, 524, 1326, 1212, 1223, 1236, 695, 1328, 1201, 1359, 1425, 1223, 1200, 1028, 1319, 1249, 1249, 1273, 1215, 1219, 1270, 1229, 1206, 1221, 1219, 1250, 1210, 1208, 1332, 1279, 1248, 1232, 1194, 1236, 1220, 1203, 1191, 1267, 1276, 1213, 1269, 1431, 1242, 1236, 1318, 1229, 1233, 1232, 1224, 1259, 1319, 1196, 1241, 1276, 1230, 1235, 1339, 1253, 1300, 1417, 1224, 1260, 884, 392, 1210, 1240, 1305, 1255, 1264, 1415, 1220, 1234, 1278, 1259, 1169, 1179, 1297, 1320, 1264, 1897, 1188, 1241, 1246, 1394, 1250, 1496, 1168, 1390, 1160, 1274, 1214, 1430, 1323, 1237, 1265, 1218, 1263, 1348, 1269, 1473, 1380, 1342, 1282, 1226, 1255, 1243, 1353, 1290, 1249, 1240, 1235, 349, 354, 503, 1719, 1201, 1233, 1193, 1185, 1195, 390, 1250, 1212, 1226, 1237, 1351, 1203, 1404, 1289, 1340, 367, 1237, 1206, 1241, 1260, 1250, 1189, 1211, 1235, 1285, 1296, 1232, 1199, 1308, 1358, 1598, 1361, 1301, 1208, 1238, 1186, 1228, 1253, 1372, 1332, 1241, 1444, 1277, 394, 1107, 1342, 1282, 1205, 1204, 1245, 1228, 1219, 1399, 1237, 1291, 1310, 1233, 1225, 448, 1279, 1251, 1245, 1328, 1226, 1205, 1230, 1219, 1241, 1237, 1248, 1239, 1242, 1197, 1237, 1228, 1225, 1253, 1229, 1243, 1261, 1256, 1225, 1240, 1228, 1235, 1246, 1322, 1218, 1238, 1222, 1353, 1247, 1230, 1295, 1312, 1232, 1269, 1210, 1249, 1231, 1226, 1234, 1304, 1263, 1274, 1213, 1250, 1238, 1245, 1226, 1222, 1236, 1247, 1232, 1196, 1234, 1230, 1232, 1266, 1217, 1256, 1224, 1217, 1232, 1226, 1226, 1240, 1226, 1235, 1290, 1267, 1285, 1234, 1212, 1222, 1214, 1247, 1434, 1246, 1239, 1246, 1223, 1247, 1252, 1225, 1271, 1401, 1227, 1370, 1239, 1238, 1231, 1241, 1229, 1219, 1241, 1188, 783, 358, 441, 497, 1241, 1238, 1285, 1231, 1252, 1281, 1280, 1234, 1236, 1228, 1239, 1289, 1222, 1236, 1232, 1288, 1238, 579, 381, 431, 476, 638, 668, 1286, 1168, 1160, 1206, 1207, 1231, 1277, 1267, 1220, 1216, 354, 499, 1255, 504, 1791, 1475, 1221, 1199, 1247, 1220, 814, 3050, 3050, 3162, 1179, 1087, 444, 424, 1206, 1280, 1218, 1232, 1196, 1488, 1182, 1224, 1248, 1226, 1212, 1226, 1180, 1172, 1183, 1159, 1252, 362, 400, 395, 365, 453, 349, 474, 351, 357, 531, 561, 1778, 1388, 441, 863, 536, 355, 360, 534, 472, 594, 1175, 1936, 1215, 1174, 1194, 1212, 1334, 659, 1048, 752, 803, 1211, 1175, 1388, 1221, 1224, 1209, 1383, 1224, 1215, 1298, 1237, 1344, 2006, 1416, 471, 1296, 1369, 613, 369, 509, 399, 350, 480, 395, 471, 1323, 1227, 1232, 1258, 1243, 1198, 1387, 396, 468, 335, 380, 1219, 1234, 1233, 1210, 833, 1534, 400, 361, 454, 1282, 1398, 1208, 866, 641, 1292, 1207, 1331, 1234, 527, 1304, 390, 1215, 1272, 1182, 1248, 1229, 1295, 1220, 1253, 1397, 1235, 1255, 1230, 1217, 1264, 1216, 1249, 1241, 451, 1252, 1224, 1230, 1223, 1279, 1251, 1241, 1272, 1285, 1223, 1226, 1255, 1221, 1225, 1532, 1261, 1219, 1238, 1223, 1235, 1299], "forwarding_mean": 1090.6679999999999,