{"A": {"coding_mean": 2051.7139999999999, "decoding_sd": 213.45889214553702, "forwarding_sd": 189.28956335730714, "coding": [2265, 1990, 2092, 2111, 2217, 2163, 2120, 2090, 1856, 2053, 2091, 2121, 2113, 1868, 2104, 2153, 1915, 2086, 2115, 2138, 2124, 2106, 2168, 2196, 2112, 2077, 2109, 2114, 2099, 2160, 2157, 2121, 1143, 2120, 2117, 2140, 2140, 2111, 2106, 2131, 2125, 2101, 2480, 941, 2121, 2121, 2123, 2126, 2101, 2113, 2128, 2114, 2136, 2092, 2129, 2110, 2122, 2110, 2154, 2112, 2085, 2099, 2155, 2151, 2118, 2135, 2084, 2107, 2230, 2194, 2135, 2117, 2123, 2150, 2137, 2157, 2144, 2163, 2250, 2145, 2156, 2171, 2174, 2144, 2150, 2110, 2101, 2162, 2092, 2242, 623, 2106, 2187, 2239, 2151, 2117, 2107, 2151, 2102, 2091, 2097, 2083, 2077, 2113, 2141, 2143, 2287, 2232, 2090, 2183, 2283, 2113, 2118, 2123, 2072, 2115, 2105, 2116, 2111, 2128, 2140, 2104, 2144, 2112, 2120, 2033, 2034, 2088, 2112, 2113, 2116, 2109, 2132, 2235, 2196, 2447, 2105, 2139, 2110, 2122, 2112, 2104, 2109, 2112, 2130, 2170, 2116, 2187, 2136, 2169, 2151, 2173, 2122, 2133, 2187, 2168, 2188, 2201, 2135, 2098, 2111, 2127, 2118, 2106, 2258, 2126, 2140, 2105, 2121, 2212, 2059, 2101, 2067, 1767, 556, 1283, 2118, 2136, 2119, 2112, 2102, 2190, 2082, 2179, 2121, 2085, 2153, 2119, 2080, 2286, 2205, 2122, 2113, 2101, 2121, 2230, 2168, 2126, 2226, 2192, 2130, 2086, 2169, 2127, 2729, 2257, 2111, 2167, 2077, 2074, 2080, 2091, 2127, 2124, 2115, 2058, 2072, 2158, 2078, 2362, 2065, 2132, 2156, 2138, 2157, 2032, 2205, 2077, 2201, 2058, 2561, 2057, 2056, 2087, 2082, 2067, 2105, 820, 2083, 2071, 2064, 2532, 2071, 2289, 2066, 2092, 2066, 2082, 2154, 2143, 2026, 2068, 2065, 2109, 2156, 2096, 2118, 2118, 2066, 2127, 2162, 2113, 2112, 2126, 2248, 2121, 2102, 2203, 2106, 2109, 2596, 2119, 2402, 550, 1809, 2107, 2116, 2113, 2092, 2123, 2140, 2133, 2112, 2135, 2118, 2174, 2116, 2145, 2115, 2109, 2146, 2112, 2118, 2124, 2330, 2114, 2341, 2113, 2133, 2180, 2136, 2111, 2128, 2124, 2097, 2140, 2148, 2147, 2124, 2118, 2114, 2143, 2120, 2118, 2110, 2147, 2155, 2140, 2162, 2132, 2117, 2114, 2136, 2127, 2132, 2101, 2139, 2104, 2122, 2131, 2203, 2255, 2158, 2306, 2134, 2101, 2129, 2103, 2124, 2232, 2103, 2125, 2124, 2130, 2144, 2127, 2130, 2060, 2117, 2129, 2085, 2114, 2117, 2107, 2100, 2145, 2106, 2140, 2109, 2113, 2088, 2158, 2161, 2117, 2134, 2126, 1981, 2277, 2124, 2125, 2094, 2099, 2118, 2187, 2131, 2135, 2129, 2118, 2098, 2103, 2113, 2161, 2125, 2244, 2158, 2126, 2114, 2113, 2114, 2120, 2120, 2135, 946, 2138, 2118, 2085, 766, 1887, 2124, 2131, 2107, 2108, 2122, 2125, 2123, 2127, 2089, 2250, 2075, 2034, 2213, 2109, 2120, 2113, 2133, 2135, 2115, 2099, 2101, 2096, 2083, 2062, 2139, 2032, 2228, 2101, 2079, 2472, 2166, 1093, 593, 589, 2205, 2106, 2122, 1856, 1820, 1883, 1893, 2128, 2105, 2127, 2165, 1924, 1911, 2117, 2239, 2130, 2136, 2120, 2138, 2123, 2160, 2115, 2117, 2193, 2137, 1158, 1042, 842, 1833, 853, 972, 1005, 2882, 2135, 2127, 2078, 3077, 689, 550, 716, 1223, 1871, 1910, 1862, 1243, 972, 830, 682, 615, 747, 1108, 1222, 1519, 1558, 1509, 2123, 2069, 2083, 2145, 1872, 2113, 2136, 2108, 2146, 2144, 2150, 2101, 2130], "decoding": [1484, 1142, 1473, 1335, 1425, 1328, 1329, 1339, 1127, 1340, 1334, 1386, 1372, 1146, 1308, 1449, 1368, 1160, 1320, 1374, 1406, 1354, 1379, 1269, 1371, 1404, 1338, 1350, 1398, 1305, 1289, 2052, 862, 1379, 1401, 1321, 1409, 1349, 1332, 1421, 1315, 1332, 1353, 491, 1548, 1460, 1180, 1339, 1344, 1345, 1371, 1352, 1317, 1173, 1301, 1355, 1338, 1312, 1313, 1304, 1342, 1320, 1325, 1330, 1325, 1290, 1430, 1339, 1330, 1311, 1358, 1388, 1362, 1352, 1433, 1381, 1306, 1696, 1347, 1349, 1339, 1338, 1347, 1394, 1348, 1411, 1335, 1283, 1361, 1296, 686, 1357, 1373, 1283, 819, 1321, 1368, 1383, 1409, 1373, 1382, 1354, 1306, 1333, 1321, 1374, 1329, 1338, 1120, 1330, 1421, 1384, 1329, 1340, 1376, 1613, 1287, 1576, 1368, 1328, 1518, 1342, 1395, 1370, 1352, 1342, 1297, 1300, 1396, 1341, 1281, 1372, 1358, 1351, 1302, 1352, 1298, 1291, 1343, 1333, 1324, 1289, 1292, 1359, 1336, 1444, 1323, 1401, 1335, 1381, 1573, 1324, 1341, 1359, 1343, 1342, 1393, 1321, 1341, 1317, 1451, 1324, 1529, 1384, 1321, 1328, 1352, 1372, 1372, 1389, 1335, 1323, 1339, 1320, 394, 543, 1350, 1349, 1419, 1343, 1331, 1332, 1308, 1357, 1327, 1369, 1354, 1343, 1347, 1345, 1371, 1394, 1424, 1332, 1344, 1337, 1324, 1354, 1331, 1313, 1335, 1321, 1381, 1328, 1338, 1339, 1347, 1326, 1545, 1335, 1366, 1343, 1349, 1380, 1331, 1324, 1339, 1349, 1346, 1373, 1402, 1371, 1375, 1387, 1384, 1341, 1319, 1371, 1328, 1398, 1338, 1369, 1352, 1306, 1559, 1383, 1323, 535, 1349, 1344, 1362, 1340, 1340, 1524, 1320, 1353, 1384, 1345, 1355, 1340, 1326, 1360, 1337, 1312, 1391, 1301, 1361, 1329, 1291, 1464, 1340, 1327, 1292, 1323, 1395, 1332, 1309, 1283, 1293, 1346, 1330, 1352, 1334, 381, 637, 1331, 1369, 1341, 1382, 1341, 1338, 1378, 1327, 1328, 1335, 1334, 1322, 1420, 1324, 1346, 1359, 1341, 1386, 1408, 1370, 1323, 1396, 1345, 1350, 1397, 1392, 1328, 1300, 1295, 1365, 1323, 1329, 1372, 1327, 1338, 1378, 1339, 1367, 1333, 1372, 1324, 1370, 1347, 1334, 1333, 1392, 1382, 1330, 1339, 1375, 1382, 1328, 1350, 1350, 1341, 1395, 1389, 2087, 1381, 1347, 1378, 1333, 1421, 1371, 1325, 1320, 1392, 1369, 1321, 1383, 1353, 1327, 1340, 1366, 1323, 1348, 1482, 1368, 1339, 1357, 1299, 1280, 1321, 1329, 1444, 1329, 1332, 1371, 1287, 1336, 1329, 1339, 1295, 1330, 1280, 1326, 1346, 1378, 1278, 1343, 1329, 1365, 1419, 1324, 1449, 1337, 1367, 1367, 1321, 1326, 1379, 1326, 1332, 1324, 1387, 1331, 1334, 911, 1423, 1340, 1315, 705, 1371, 1397, 1382, 1329, 1380, 1575, 1336, 1292, 1384, 1332, 1400, 1334, 1323, 1343, 1330, 1452, 1369, 1342, 1326, 1326, 1398, 1323, 1388, 1319, 1380, 1333, 1298, 1328, 1315, 1294, 1317, 1479, 1454, 368, 411, 1598, 1342, 1407, 1259, 1133, 1161, 1153, 1360, 1340, 1355, 1354, 1139, 1167, 1184, 1349, 1365, 1335, 1351, 1335, 1332, 1328, 1364, 1335, 1284, 1627, 476, 696, 577, 1999, 569, 552, 664, 2126, 1326, 1334, 1371, 1347, 372, 416, 461, 565, 1220, 1806, 1332, 939, 695, 616, 439, 523, 522, 482, 754, 1813, 915, 1118, 1641, 1353, 1355, 1285, 1281, 1333, 1327, 1361, 1304, 1368, 1328, 1371, 1328], "forwarding_mean": 1266.1980000000001,