{"A": {"coding_mean": 2035.5699999999999, "decoding_sd": 92.904782632542663, "forwarding_sd": 92.06403423704613, "coding": [2122, 1831, 2041, 2034, 1859, 2053, 1986, 2045, 2023, 2013, 1992, 1993, 1994, 2054, 2049, 2037, 2028, 2042, 2036, 2032, 2034, 2075, 2057, 2046, 2040, 2045, 2050, 2041, 2061, 2036, 2050, 1439, 667, 2024, 2037, 2053, 2032, 2038, 2024, 2057, 2055, 2056, 2029, 2044, 2022, 2040, 2041, 2024, 2023, 2058, 2059, 2200, 2032, 2054, 2182, 2157, 2044, 2036, 2046, 2029, 2144, 2140, 2145, 2120, 2055, 2022, 2049, 2047, 2032, 2058, 2048, 2183, 2084, 2049, 2042, 2039, 2037, 2051, 2176, 2153, 2000, 2042, 2024, 2033, 2060, 2058, 2040, 2047, 2046, 2030, 2031, 2050, 2034, 2032, 2046, 2021, 2060, 2035, 2046, 2062, 2060, 2032, 2028, 2043, 2076, 2038, 2055, 2038, 2050, 2034, 2053, 2040, 2046, 2042, 1972, 1984, 2118, 2025, 2080, 2235, 2065, 2203, 2067, 2035, 2027, 2046, 2064, 2012, 2020, 2042, 2029, 2188, 2036, 2039, 2043, 2033, 2046, 2050, 2049, 2058, 2044, 2039, 2047, 2029, 2071, 2058, 2038, 2042, 2066, 2043, 2032, 2024, 2065, 2032, 2048, 2058, 2063, 2094, 2041, 2053, 2050, 2035, 2055, 2030, 2041, 1891, 2152, 2033, 2032, 2075, 2031, 2041, 2047, 2026, 2044, 2063, 2039, 2043, 2035, 2073, 2052, 2055, 2026, 2043, 2158, 2035, 2020, 2057, 2038, 2068, 2040, 2070, 2024, 2043, 2047, 2052, 2030, 2056, 2044, 2004, 2057, 2045, 2064, 2055, 2054, 2014, 2062, 2038, 2036, 2041, 2054, 2056, 2049, 2065, 2037, 2061, 2041, 2050, 2029, 2050, 2068, 2049, 1995, 2054, 2070, 2036, 2071, 2054, 860, 2074, 2044, 2064, 2035, 2057, 2048, 2022, 2039, 2030, 2069, 2052, 2039, 1965, 2053, 2049, 2052, 2043, 2121, 2097, 2123, 2025, 2136, 2048, 2103, 2031, 2082, 2139, 2121, 2118, 2043, 2063, 2125, 2058, 2056, 2034, 2042, 2052, 2131, 1873, 1775, 1845, 1783, 2043, 2054, 2040, 2027, 2063, 2024, 2032, 2075, 2054, 2055, 2038, 2041, 2028, 2026, 2042, 2066, 2042, 2071, 2035, 2072, 2034, 2041, 2040, 2048, 2037, 2047, 2043, 2044, 2042, 2035, 2054, 2059, 2041, 2045, 2068, 2059, 2021, 2027, 2085, 2093, 2070, 2227, 2081, 2028, 2036, 2065, 2084, 2087, 2036, 2036, 2051, 2134, 2050, 2039, 2077, 2051, 2212, 2046, 2091, 2046, 2222, 2070, 2060, 2061, 2036, 2055, 2038, 2066, 2046, 2058, 2033, 2022, 2077, 2052, 2057, 2107, 2082, 917, 2080, 2053, 2035, 2213, 2067, 2133, 2062, 2045, 2043, 2056, 2037, 2042, 2054, 2108, 1910, 2181, 2131, 2042, 2041, 1710, 2049, 1960, 2113, 2114, 2051, 2041, 1904, 2045, 2062, 2087, 2243, 2049, 2021, 1830, 2044, 2057, 1956, 2134, 2050, 2044, 2099, 2094, 1896, 2033, 2217, 2102, 2056, 1936, 2059, 2116, 2101, 2116, 2048, 2035, 2045, 2098, 2041, 2061, 2056, 2072, 2202, 2096, 2045, 2040, 2041, 2059, 2083, 2018, 1986, 2011, 2015, 2074, 2023, 2038, 2059, 2044, 2045, 2048, 2140, 2056, 2035, 2052, 2047, 2180, 2052, 2054, 2066, 2059, 2268, 2128, 2129, 2300, 1931, 2064, 2031, 1855, 2043, 2031, 2002, 2083, 2063, 2042, 2047, 2039, 2196, 710, 841, 2047, 2065, 1961, 2055, 2049, 2097, 2046, 2048, 2036, 2066, 2037, 2043, 2046, 2059, 2090, 2043, 2055, 2044, 2081, 2062, 2048, 2053, 709, 2093, 2046, 2033, 2077, 2075, 2059, 2074, 2110, 1983, 2103, 2056, 2054, 1888, 2135, 2053, 2054, 2042, 1889, 2141, 1891, 2111], "decoding": [1330, 1054, 1221, 1169, 1205, 1222, 1233, 1219, 1189, 1253, 1217, 1241, 1302, 1227, 1255, 1233, 1228, 1229, 1243, 1223, 1234, 1235, 1232, 1229, 1214, 1218, 1234, 1239, 1267, 1241, 1236, 1201, 364, 1230, 1236, 1244, 1219, 1210, 1183, 1250, 1228, 1275, 1230, 1244, 1223, 1334, 1221, 1226, 1230, 1209, 1197, 1242, 1217, 1230, 1248, 1243, 1228, 1238, 1238, 1239, 1222, 1396, 1214, 1198, 1243, 1240, 1212, 1232, 1221, 1226, 1235, 1265, 1225, 1216, 1220, 1209, 1221, 1208, 1227, 1225, 1256, 1227, 1219, 1233, 1216, 1233, 1245, 1234, 1240, 1234, 1222, 1215, 1252, 1217, 1219, 1232, 1239, 1283, 1242, 1222, 1235, 1232, 1231, 1241, 1275, 1246, 1211, 1239, 1225, 1220, 1197, 1240, 1216, 1230, 1226, 1225, 1335, 1273, 1245, 1121, 1228, 1184, 1222, 1227, 1224, 1184, 1230, 1523, 1178, 1184, 1187, 1178, 1265, 1193, 1218, 1223, 1222, 1226, 1340, 1238, 1222, 1297, 1238, 1243, 1217, 1239, 1225, 1211, 1176, 1242, 1279, 1223, 1246, 1282, 1225, 1231, 1274, 1218, 1171, 1227, 1166, 1180, 1241, 1360, 1227, 1136, 1218, 1279, 1193, 1202, 1228, 1227, 1239, 1216, 1210, 1215, 1214, 1233, 1225, 1221, 1298, 1280, 1232, 1222, 1241, 1240, 1226, 1217, 1214, 1216, 1238, 1227, 1286, 1282, 1274, 1188, 1178, 1209, 1229, 1244, 1134, 1224, 1259, 1296, 1221, 1226, 1170, 1250, 1177, 1227, 1225, 1245, 1244, 1209, 1182, 1224, 1221, 1236, 1224, 1291, 1215, 1303, 1167, 1221, 1242, 1239, 1216, 1237, 409, 1277, 1245, 1245, 1223, 1266, 1261, 1231, 1270, 1276, 1337, 1229, 1290, 1227, 1239, 1230, 1273, 1234, 1306, 1227, 1227, 1222, 1239, 1208, 1222, 1210, 1215, 1299, 1224, 1281, 1232, 1223, 1223, 1221, 1229, 1203, 1237, 1261, 1252, 1047, 995, 1036, 1041, 1247, 1276, 1264, 1227, 1227, 1290, 1231, 1292, 1222, 1247, 1233, 1230, 1244, 1242, 1219, 1261, 1252, 1276, 1216, 1271, 1227, 1231, 1227, 1255, 1221, 1293, 1250, 1266, 1216, 1243, 1216, 1284, 1285, 1232, 1284, 1231, 1258, 1217, 1225, 1278, 1277, 1251, 1205, 1228, 1240, 1219, 1225, 1233, 1241, 1211, 1234, 1260, 1238, 1237, 1267, 1230, 1250, 1222, 1220, 1243, 1242, 1228, 1219, 1228, 1228, 1235, 1252, 1238, 1222, 1233, 1235, 1267, 1228, 1227, 1218, 1233, 1237, 1610, 720, 1227, 1235, 1247, 1251, 1237, 1225, 1228, 1297, 1164, 1250, 1227, 1194, 1227, 1193, 1235, 1231, 1196, 1233, 1206, 1237, 1198, 1226, 1240, 1281, 1243, 1202, 1225, 1309, 1218, 1249, 1274, 1233, 1195, 1217, 1213, 1203, 1223, 1321, 1250, 1224, 1226, 1153, 1211, 1234, 1309, 1250, 1194, 1226, 1255, 1237, 1229, 1245, 1225, 1244, 1284, 1235, 1254, 1221, 1244, 1225, 1241, 1232, 1304, 1248, 1209, 1232, 1205, 1221, 1240, 1223, 1219, 1245, 1244, 1227, 1249, 1228, 1227, 1241, 1227, 1215, 1237, 1228, 1256, 1228, 1221, 1273, 1236, 1244, 1251, 1246, 1230, 1226, 1234, 1203, 1154, 1272, 1251, 1278, 1206, 1244, 1206, 1229, 1372, 1240, 669, 421, 1226, 1300, 1137, 1320, 1237, 1270, 1252, 1170, 1201, 1193, 1194, 1257, 1229, 1234, 1222, 1233, 1336, 1336, 1237, 1236, 1240, 1246, 476, 821, 1257, 1239, 1257, 1237, 1222, 1235, 1266, 1252, 1245, 1232, 1228, 1221, 1265, 1262, 1230, 1239, 1185, 1272, 1196, 1229], "forwarding_mean": 1186.04,