{"A": {"coding_mean": 1846.5899999999999, "decoding_sd": 242.73771692095977, "forwarding_sd": 240.16843359609106, "coding": [2028, 1716, 1853, 1747, 1703, 2035, 1756, 1757, 2006, 1998, 1993, 1998, 2027, 1995, 1807, 1886, 1944, 1998, 1996, 1837, 2203, 1989, 1933, 1998, 1863, 2014, 1932, 1989, 1917, 1879, 1726, 2044, 1668, 1852, 1999, 1954, 2062, 1856, 1686, 1685, 1695, 1684, 1689, 1656, 1718, 1803, 1698, 1655, 1861, 1677, 1724, 1697, 1678, 1979, 1847, 1679, 1705, 1659, 1766, 2002, 1864, 1643, 2032, 1726, 1833, 1976, 1980, 1824, 1661, 1863, 1678, 1663, 1691, 1669, 1669, 1719, 1808, 1730, 1883, 1749, 1865, 1896, 1685, 1850, 1769, 1692, 1657, 1667, 1751, 1680, 2132, 1839, 1833, 1722, 1851, 1820, 1840, 1757, 1998, 1931, 1676, 1960, 1857, 1727, 1663, 1650, 1698, 1660, 1690, 1673, 1678, 1680, 1806, 2015, 2388, 1964, 1884, 1887, 1836, 1934, 1892, 1916, 1907, 1866, 1899, 1948, 1874, 1854, 1975, 1991, 1996, 2002, 1995, 2001, 2001, 2016, 2024, 2023, 1984, 1971, 2001, 1930, 1980, 2127, 1992, 2008, 1976, 2002, 1986, 2019, 2005, 2000, 2020, 1992, 2038, 2017, 1992, 1994, 1995, 1994, 1947, 1752, 1989, 1821, 2007, 2005, 1822, 2005, 1995, 2033, 1996, 1970, 2000, 1988, 2031, 1950, 1984, 1977, 1896, 1982, 1945, 1948, 1956, 1952, 1969, 2040, 2085, 2056, 1996, 2014, 1994, 1862, 1946, 1992, 1845, 2008, 2011, 1861, 2006, 1983, 1992, 2005, 2000, 1999, 2031, 1994, 2009, 2000, 1972, 2013, 1990, 1996, 1984, 1997, 1976, 1995, 2026, 2004, 1980, 1973, 1926, 2019, 1924, 1983, 1935, 1929, 2001, 1999, 1986, 1996, 2008, 1956, 1976, 2019, 1981, 2019, 1824, 1817, 1853, 1996, 2010, 2003, 1992, 1992, 1999, 2012, 1994, 829, 548, 2001, 2055, 1964, 2018, 2007, 1993, 1970, 1833, 2017, 2008, 2924, 2017, 2001, 2580, 2020, 2008, 2029, 2019, 2003, 1996, 2033, 1950, 1995, 2003, 2020, 647, 1266, 1992, 1973, 2003, 2007, 2087, 2054, 2104, 2024, 2374, 2293, 2103, 2975, 2068, 1988, 1933, 2018, 2014, 1999, 1968, 1900, 2007, 1938, 2026, 1995, 2035, 1848, 1963, 2130, 1988, 1965, 2080, 2064, 2089, 1974, 2296, 1880, 1934, 1875, 1887, 1865, 1901, 2009, 1882, 1893, 1886, 1867, 2372, 1861, 1887, 2483, 524, 520, 2001, 2008, 1940, 1765, 1817, 1770, 2087, 2080, 2095, 2040, 1993, 1996, 2016, 1986, 2020, 1992, 2031, 2008, 2148, 2071, 2006, 2031, 2015, 1995, 2004, 2453, 2144, 2027, 1989, 1999, 2002, 2043, 2047, 2257, 2163, 862, 2427, 830, 3049, 2074, 2000, 1983, 1416, 1121, 1259, 2082, 2194, 1992, 1943, 1900, 1958, 2461, 1952, 1975, 2321, 1963, 2044, 2084, 2039, 2050, 2026, 2015, 2020, 1992, 1997, 1760, 1960, 1941, 1998, 2090, 1470, 1870, 1368, 704, 2047, 1408, 1441, 1393, 1399, 1348, 2149, 2002, 2029, 1901, 2187, 2429, 2000, 912, 2158, 2065, 1467, 543, 780, 542, 770, 507, 564, 1014, 556, 608, 561, 780, 2032, 557, 647, 529, 522, 580, 662, 757, 552, 562, 947, 766, 641, 2005, 2140, 596, 2204, 2008, 1946, 2189, 1958, 2297, 1990, 677, 2001, 2099, 2069, 2035, 1946, 1936, 2056, 1977, 1971, 1976, 550, 651, 733, 2029, 750, 778, 1166, 3208, 1997, 857, 1947, 2016, 1995, 2021, 709, 2007, 1954, 1995, 2056, 2003, 2022, 2010, 2013, 1969, 1993, 2057, 2006, 2016, 2125, 2019, 2138, 2027, 2006, 1985, 2005, 1978], "decoding": [1354, 1129, 1069, 1021, 1274, 1732, 1069, 1031, 1127, 1125, 1125, 1231, 1204, 1173, 1209, 1180, 1151, 1137, 1161, 1199, 1175, 1191, 1188, 1305, 1233, 1242, 1196, 1195, 1280, 1181, 1053, 1167, 1119, 1195, 1189, 1185, 1302, 1191, 1008, 1070, 1070, 1068, 1159, 1038, 1017, 1075, 1061, 1116, 1292, 1057, 1062, 1048, 1047, 1060, 1143, 1051, 1040, 1013, 1055, 1244, 1183, 1116, 1203, 1042, 1176, 1172, 1277, 1188, 1045, 1208, 1003, 1059, 1102, 1007, 1055, 1054, 1065, 1117, 1210, 1020, 1217, 1195, 1130, 1192, 1052, 1065, 1024, 1056, 1071, 1018, 1194, 1143, 1066, 1008, 1158, 1115, 1134, 1038, 1178, 1140, 1040, 1196, 1195, 1070, 1042, 1012, 1134, 1008, 1033, 994, 1045, 1093, 1041, 1295, 1205, 1194, 1186, 1195, 1203, 1181, 1192, 1191, 1184, 1124, 1192, 1146, 1139, 1131, 1213, 1240, 1140, 1203, 1193, 1189, 1182, 1207, 1209, 1187, 1128, 1133, 1122, 1134, 1126, 1208, 1240, 1245, 1244, 1230, 1281, 1235, 1304, 1243, 1242, 1248, 1135, 1232, 1148, 1237, 1123, 1229, 1176, 1206, 1226, 1152, 1199, 1211, 1191, 1141, 1247, 1120, 1245, 1147, 1247, 1223, 1197, 1291, 1248, 1204, 1145, 1145, 1249, 1186, 1234, 1127, 1100, 1281, 1129, 1168, 1262, 1145, 1223, 1156, 1156, 1161, 1162, 1174, 1161, 1153, 1191, 1236, 1197, 1239, 1199, 1238, 1218, 1232, 1239, 1224, 1181, 1211, 1177, 1216, 1218, 1228, 1199, 1200, 1288, 1215, 1223, 1188, 1132, 1130, 1179, 1121, 1128, 1128, 1149, 1128, 1128, 1130, 1131, 1134, 1240, 1196, 1114, 1181, 1178, 1198, 1213, 1204, 1273, 1199, 1211, 1268, 1384, 1232, 1271, 966, 381, 1233, 1258, 1122, 1289, 1261, 1261, 1224, 1188, 1234, 1400, 1281, 1267, 1189, 1166, 1252, 1197, 1166, 1317, 1214, 1273, 1202, 1350, 1067, 1241, 1243, 451, 342, 1246, 1236, 1220, 1259, 1234, 1242, 1219, 1217, 1453, 1177, 887, 1804, 1226, 1242, 1195, 1210, 1182, 1195, 1185, 1212, 1267, 1195, 1258, 1242, 1269, 1124, 1223, 1219, 1166, 1326, 1220, 1303, 1292, 1198, 1139, 1205, 1142, 1185, 1206, 1133, 1185, 1202, 1179, 1198, 1203, 1149, 1198, 1189, 1191, 1191, 349, 350, 785, 1221, 1113, 1076, 1063, 1010, 1074, 1151, 1146, 1160, 1249, 1272, 1134, 1201, 1253, 1199, 1349, 1230, 1203, 1232, 1240, 1235, 1213, 1276, 1260, 1286, 1280, 1259, 1193, 1280, 1220, 1219, 1264, 1369, 1212, 799, 1181, 547, 1219, 1294, 1172, 1214, 1308, 641, 749, 1318, 1539, 1181, 1205, 1198, 1161, 1444, 1217, 1191, 1214, 1179, 1141, 1144, 1174, 1217, 1213, 1218, 1243, 1239, 1210, 1003, 1203, 1197, 1187, 1262, 836, 839, 1249, 618, 412, 1008, 887, 856, 826, 815, 1168, 1262, 1496, 1192, 1304, 1600, 418, 612, 1166, 1133, 1159, 439, 350, 356, 457, 347, 322, 1291, 500, 428, 374, 420, 1270, 392, 358, 371, 362, 343, 363, 459, 352, 345, 514, 353, 324, 1228, 1845, 425, 1205, 1387, 1321, 1171, 1159, 1268, 1281, 413, 1278, 1204, 1212, 1202, 1325, 1195, 1240, 1330, 1218, 1501, 363, 376, 342, 1237, 371, 347, 510, 1212, 1302, 805, 1573, 1466, 1406, 1158, 588, 1235, 1201, 1482, 1267, 1338, 1267, 1164, 1207, 1235, 1183, 1232, 1159, 1235, 1251, 1219, 1216, 1263, 1203, 1441, 1204, 1159], "forwarding_mean": 1093.748,