{"A": {"coding_mean": 2071.886, "decoding_sd": 249.55036181901241, "forwarding_sd": 237.63602757157847, "coding": [2301, 2071, 2161, 2141, 2213, 2124, 2191, 2130, 2164, 2079, 2233, 2106, 2147, 2150, 2212, 2082, 2083, 2117, 2342, 2227, 2189, 2078, 2034, 2064, 2189, 2061, 2050, 2221, 2521, 2179, 2078, 2106, 2183, 2264, 2269, 2144, 2103, 2131, 2258, 739, 2129, 2244, 2148, 2276, 2059, 2106, 2087, 2149, 2078, 2188, 2072, 2984, 2206, 2152, 2143, 2138, 3068, 2299, 2302, 2075, 2128, 762, 2130, 2108, 2237, 2204, 2144, 2135, 2191, 2131, 2132, 2080, 2138, 661, 2387, 2139, 2118, 2130, 2179, 2156, 2114, 2131, 2082, 2160, 1936, 2170, 2179, 2523, 2169, 2079, 2373, 2111, 571, 2161, 2187, 2141, 2111, 676, 667, 1099, 701, 2074, 2146, 2124, 2137, 2173, 2115, 2139, 2281, 2145, 2121, 2136, 2143, 2152, 2145, 2182, 2182, 2122, 2141, 2052, 2113, 2128, 2132, 2153, 2133, 2152, 2127, 2150, 2133, 2130, 2103, 2119, 2146, 2126, 2145, 2121, 2178, 2150, 2267, 963, 718, 551, 2075, 2083, 2082, 2155, 2101, 2276, 2106, 2043, 2034, 2091, 2083, 2090, 2084, 2355, 2067, 2773, 1451, 2157, 2195, 2092, 2087, 2134, 2148, 2128, 2118, 2135, 2138, 2139, 2127, 2085, 2190, 2099, 2190, 2083, 3081, 2126, 2185, 2109, 2121, 2136, 2170, 2049, 2217, 2113, 2129, 2276, 2237, 2036, 671, 3011, 2243, 2085, 2090, 2109, 2221, 3492, 593, 885, 647, 575, 711, 854, 557, 1855, 2101, 2084, 2337, 2196, 1231, 2990, 625, 841, 680, 2197, 3186, 702, 669, 2176, 2060, 2173, 2080, 2069, 2527, 661, 2491, 2127, 946, 2134, 2130, 2644, 2214, 2142, 2116, 2101, 2168, 2124, 2131, 2107, 2138, 2047, 2052, 2276, 2120, 2114, 2124, 2131, 2103, 2107, 2138, 2114, 2124, 2109, 2127, 2122, 2145, 2114, 2133, 2113, 2141, 2122, 2186, 2133, 2116, 2137, 2134, 2144, 2252, 2125, 2125, 2194, 3307, 2135, 2121, 2106, 2342, 2186, 2124, 2404, 2135, 2181, 2176, 2110, 2117, 2204, 2130, 2122, 2181, 2147, 2126, 2132, 2198, 2148, 2145, 2161, 2158, 2217, 2137, 2135, 2129, 2124, 2133, 2124, 2151, 2131, 2145, 2245, 2143, 2167, 2124, 2163, 2160, 2141, 2134, 2203, 2162, 2151, 2090, 680, 2146, 2117, 2140, 2144, 2135, 2275, 2160, 2141, 1421, 795, 2136, 2135, 2276, 2139, 2189, 2156, 2220, 2143, 2201, 2102, 2238, 2110, 2157, 2132, 2139, 2142, 2210, 2140, 2128, 2213, 2131, 2120, 2144, 2127, 2215, 2135, 2126, 2211, 2203, 2147, 2104, 2131, 2132, 2110, 2152, 2125, 2126, 2167, 2146, 2134, 2176, 2143, 2151, 2142, 2137, 2112, 2254, 2209, 2131, 2136, 2150, 2135, 2177, 2136, 2101, 2126, 2103, 2155, 2149, 2157, 2138, 2139, 2127, 2130, 2152, 2117, 2155, 2136, 2156, 2133, 2160, 2150, 2138, 2149, 2333, 2137, 2152, 2121, 2157, 2148, 2155, 2081, 2159, 2151, 2192, 2162, 2160, 2167, 2135, 2225, 2140, 2131, 2170, 2168, 2145, 2159, 2144, 2185, 2170, 2179, 2107, 2625, 2137, 2129, 2135, 2134, 2115, 2142, 2149, 2147, 2127, 2219, 2150, 2125, 2157, 2149, 2154, 2102, 2154, 2154, 2112, 2135, 2150, 2146, 2133, 2165, 2139, 2135, 2145, 2098, 2130, 2127, 2149, 2166, 2155, 2103, 2142, 2136, 2168, 2162, 2155, 2133, 2152, 2216, 2151, 2142, 2148, 2235, 705, 2090, 2122, 2138, 2148, 2136, 2236, 2112, 658, 1292, 583, 2262, 2060, 709, 2113, 2143, 2132, 2149, 2680, 2095, 2151, 2138], "decoding": [1443, 1879, 1359, 1528, 1275, 2070, 1338, 1333, 1318, 1339, 1309, 1309, 1383, 1298, 1339, 1466, 1406, 1325, 1308, 1354, 1405, 1340, 1325, 1322, 1335, 1311, 1392, 1332, 1465, 1320, 1329, 1346, 1329, 1356, 1342, 1307, 1330, 1321, 1283, 561, 1339, 1354, 1322, 1315, 1360, 1479, 1337, 1323, 1345, 1261, 1301, 1357, 1308, 1272, 1266, 1329, 1321, 1334, 1327, 1322, 1363, 467, 1318, 1306, 1358, 1350, 1461, 1413, 1329, 1319, 1354, 1323, 1338, 393, 954, 1340, 1348, 1318, 1335, 1331, 1331, 1350, 1350, 652, 1132, 1304, 1395, 1412, 1351, 1329, 1312, 1316, 425, 1346, 1324, 1342, 1305, 430, 464, 1439, 412, 1298, 1361, 1341, 1378, 1344, 1388, 1332, 1304, 1336, 1387, 1289, 1322, 1336, 1323, 1379, 1353, 1343, 1328, 1338, 1311, 1287, 1286, 1298, 1314, 1315, 1278, 1422, 1370, 1381, 1279, 1390, 1384, 1276, 1347, 1397, 1333, 1444, 1333, 581, 467, 512, 1371, 1272, 1251, 1237, 1420, 1718, 1267, 1300, 1261, 1239, 1312, 1332, 1342, 1271, 1554, 1427, 1365, 1352, 1336, 1844, 1463, 1398, 1483, 1434, 1310, 1378, 1329, 1349, 1316, 1321, 1242, 1276, 1274, 1330, 1283, 1319, 1506, 1269, 1310, 1379, 1334, 1347, 1332, 1298, 1330, 1355, 1465, 1299, 471, 1353, 1334, 1301, 1592, 1294, 1343, 1981, 541, 425, 472, 416, 369, 443, 424, 1218, 1213, 1349, 1316, 1359, 639, 2822, 404, 478, 393, 1350, 1390, 389, 372, 1414, 1388, 1312, 1264, 1369, 1313, 373, 1296, 1262, 1253, 402, 1375, 1327, 1635, 1325, 1340, 1317, 1318, 1375, 1373, 1319, 1324, 1269, 1168, 1327, 1329, 1331, 1329, 1310, 1340, 1325, 1360, 1314, 1319, 1362, 1321, 1379, 1372, 1326, 1348, 1339, 1339, 1340, 1290, 1335, 1333, 1335, 1349, 1324, 1331, 1373, 1325, 1340, 1365, 1343, 1329, 1308, 1321, 1344, 1283, 1372, 1333, 1326, 1351, 1373, 1776, 1354, 1345, 1330, 1340, 1369, 1366, 1310, 1384, 1309, 1333, 1352, 1345, 1355, 1377, 1337, 1341, 1308, 1348, 1378, 1328, 1319, 1376, 1377, 1397, 1328, 1318, 1337, 1386, 1351, 1328, 1343, 1388, 1307, 1349, 429, 1296, 1323, 1326, 1341, 1323, 1344, 1294, 1348, 1264, 421, 1354, 1337, 1326, 1335, 1317, 1387, 1408, 1381, 1355, 1281, 1355, 1326, 1366, 1320, 1337, 1362, 1331, 1381, 1323, 1347, 1331, 1389, 1414, 1338, 1332, 1337, 1330, 1330, 1371, 1377, 1330, 1329, 1510, 1370, 1348, 1348, 1328, 1359, 1323, 1381, 1329, 1340, 1329, 1324, 1383, 1361, 1385, 1304, 1318, 1372, 1321, 1333, 1326, 1324, 1321, 1374, 1318, 1368, 1354, 1343, 1409, 1389, 1347, 1334, 1331, 1378, 1354, 1391, 1309, 1325, 1319, 1335, 1332, 1347, 1347, 1321, 1344, 1322, 1347, 1326, 1348, 1291, 1481, 1331, 1332, 1452, 1439, 1406, 1338, 1298, 1292, 1331, 1331, 1324, 1385, 1334, 1334, 1470, 1288, 1339, 1339, 1360, 1291, 1337, 1365, 1340, 1409, 1302, 1330, 1354, 1335, 1423, 1329, 1332, 1288, 1331, 1373, 1342, 1395, 1349, 1297, 1363, 1326, 1456, 1341, 1424, 1322, 1370, 1336, 1329, 1371, 1338, 1406, 1322, 1391, 1369, 1336, 1339, 1446, 1327, 1518, 1310, 1423, 1366, 1338, 1373, 1282, 1386, 445, 1297, 1410, 1344, 1404, 1331, 1317, 1313, 456, 1109, 373, 2017, 1366, 387, 1340, 1292, 1493, 1289, 1535, 1284, 1445, 1336], "forwarding_mean": 1270.72,