{"A": {"coding_mean": 1934.7860000000001, "decoding_sd": 4399.6695221800464, "forwarding_sd": 176.31613861470538, "coding": [2098, 1728, 1927, 1776, 1745, 1684, 1707, 1691, 1992, 1782, 1699, 1906, 1723, 1701, 1718, 2050, 1900, 1899, 1720, 1700, 1722, 1727, 1726, 2105, 1906, 1726, 1741, 1739, 1684, 1825, 1881, 1295, 1729, 1770, 1712, 1718, 1718, 1711, 1753, 1772, 1705, 1706, 1926, 2040, 1974, 2036, 2028, 2044, 2012, 1988, 2030, 2745, 1980, 2012, 2089, 2015, 1869, 1893, 1916, 1954, 1972, 1944, 2179, 2006, 1983, 2001, 2016, 1278, 499, 2163, 2075, 551, 2000, 1911, 2021, 1986, 2041, 2022, 2021, 1927, 1973, 2011, 2023, 2017, 2024, 2043, 2129, 2054, 1886, 1907, 2043, 2063, 1885, 1921, 2053, 1899, 1902, 1898, 1902, 1894, 1904, 1884, 1877, 1995, 2033, 1899, 1907, 1887, 2030, 1883, 2039, 2039, 1873, 1962, 2040, 2037, 1938, 2008, 2036, 1990, 2160, 2066, 2020, 2021, 2022, 1897, 2000, 1994, 2045, 1966, 2035, 2051, 2071, 2048, 2070, 2121, 2158, 2207, 2053, 2031, 2037, 2026, 2035, 2132, 2041, 2194, 2052, 1245, 563, 586, 606, 2121, 2016, 1896, 2047, 1871, 1883, 1998, 1857, 2113, 2021, 610, 639, 1871, 1989, 2043, 2036, 1993, 1984, 1979, 2019, 1980, 1985, 1987, 2009, 1969, 1973, 1995, 1964, 1917, 1960, 1975, 1964, 1987, 1964, 1988, 1976, 1976, 1973, 2041, 1971, 2023, 1994, 1968, 2015, 1985, 2024, 2021, 1866, 2016, 2014, 2068, 2040, 1988, 2270, 2010, 1992, 2050, 2201, 2031, 2052, 2041, 2021, 2018, 2000, 2016, 2044, 1999, 2016, 2060, 2030, 2049, 2083, 2068, 2042, 2023, 1851, 2135, 2038, 1992, 2032, 2029, 1962, 2054, 2046, 2022, 2042, 2042, 2016, 1837, 1977, 2026, 2024, 2037, 2036, 2022, 1919, 1960, 1999, 2042, 2459, 2045, 2036, 2033, 2031, 2073, 2042, 2081, 2028, 2017, 2053, 2036, 2076, 2042, 2047, 2049, 2012, 2027, 2031, 2041, 2041, 1993, 2007, 2048, 2020, 2016, 2067, 2037, 683, 1865, 724, 561, 1012, 1235, 1994, 2041, 2026, 2047, 1933, 2018, 1966, 2011, 2148, 1989, 1946, 1852, 2031, 2019, 1969, 2056, 1963, 2064, 2058, 2040, 1887, 1909, 2055, 2035, 2047, 2028, 1905, 2020, 2043, 2044, 2092, 2040, 2037, 2030, 2071, 2014, 2051, 1869, 2044, 2033, 2018, 1999, 2062, 2054, 2025, 2054, 2031, 1849, 2067, 2018, 2053, 2044, 2045, 2038, 2079, 2029, 2012, 2071, 2032, 2065, 2044, 2069, 2041, 2056, 2079, 2599, 1960, 1900, 2010, 1956, 1879, 1982, 2059, 2007, 2041, 1860, 1994, 1884, 1973, 2006, 2129, 1792, 2059, 1983, 1985, 1941, 2034, 1986, 1804, 1990, 1792, 2030, 2036, 1995, 1792, 1802, 1784, 1990, 1802, 1806, 1975, 1717, 1712, 1771, 1724, 1898, 1739, 1733, 1855, 1681, 1666, 1703, 2038, 1917, 1883, 1672, 1702, 1736, 1804, 1721, 1952, 1835, 1715, 1726, 1751, 1970, 1969, 1787, 1703, 2014, 1906, 1735, 1744, 1876, 1710, 1870, 1909, 1940, 1888, 1872, 1930, 1911, 1906, 2033, 1980, 1997, 1977, 1882, 1989, 2000, 1978, 1981, 2031, 1975, 2031, 2055, 2050, 2032, 2002, 2031, 1991, 2026, 1992, 1963, 2061, 2023, 2116, 1999, 1969, 2083, 2020, 1973, 1979, 2025, 1985, 2014, 2001, 2040, 2003, 2033, 1991, 2029, 1972, 1990, 1953, 1997, 1971, 1984, 1970, 1986, 2053, 2022, 1987, 2063, 674, 2003, 1979, 1981, 2032, 1976, 2031, 2104, 2046, 1997, 2051, 2000, 2020, 1892, 1808, 2037, 2014, 1822, 1941, 2006, 1972, 2061], "decoding": [1297, 974, 1118, 958, 1043, 1041, 969, 1046, 1135, 1121, 1004, 1144, 1033, 1024, 1010, 1129, 1185, 1194, 985, 979, 989, 991, 981, 1234, 1137, 1026, 1054, 1048, 986, 1049, 1069, 587, 1055, 1128, 1030, 1044, 1039, 993, 1034, 1050, 1042, 1529, 1058, 1230, 1115, 1285, 1246, 1112, 1223, 1233, 1197, 1176, 1189, 1194, 1206, 1222, 1171, 1179, 1173, 1185, 1221, 1209, 1188, 1246, 1216, 1222, 1201, 1223, 546, 1387, 1273, 368, 1206, 1123, 1211, 1164, 1206, 1199, 1160, 1110, 1173, 1220, 1222, 1231, 1239, 1288, 1221, 1040, 1130, 1142, 1205, 1127, 1144, 1157, 1149, 1131, 1131, 1117, 1121, 1148, 1122, 1120, 1104, 1125, 1131, 1146, 1150, 1131, 1237, 1124, 1127, 1130, 1126, 1214, 1114, 1179, 1350, 1197, 1188, 1193, 1261, 1225, 1093, 1243, 1170, 1168, 1180, 1510, 1248, 1221, 1164, 1214, 1254, 1279, 1224, 1239, 1245, 1229, 1294, 1206, 1138, 1216, 1163, 1224, 1204, 1208, 1295, 890, 551, 491, 364, 1222, 1205, 1213, 1217, 1185, 1183, 1277, 1187, 1202, 1214, 361, 385, 1080, 725, 1218, 1110, 1276, 1193, 1206, 1231, 1129, 1217, 1198, 1224, 1192, 1192, 1223, 1124, 1205, 1202, 1124, 1195, 1191, 1178, 1143, 1206, 1201, 1235, 1182, 1217, 1177, 1189, 1184, 1190, 1177, 1244, 1221, 1156, 1172, 1187, 1210, 1246, 1219, 1391, 1235, 1128, 1216, 1228, 1177, 1176, 1223, 1189, 1215, 1210, 1242, 1214, 1179, 1181, 1217, 1208, 1190, 1226, 1212, 1171, 1178, 1192, 1163, 1192, 1155, 1213, 1196, 1168, 1185, 1140, 1137, 1142, 1175, 1190, 1175, 1182, 1196, 1232, 1211, 1223, 1181, 1127, 1131, 1173, 1173, 1215, 1220, 1213, 1225, 1175, 1181, 1189, 1261, 1205, 1229, 1114, 1212, 1183, 1241, 1214, 1140, 1227, 1212, 1138, 1218, 1241, 1197, 1154, 1249, 1183, 1241, 1205, 1180, 825, 1819, 429, 349, 911, 551, 1228, 1288, 1204, 1245, 1116, 1171, 1251, 1210, 1280, 1223, 1176, 1171, 1312, 1299, 1195, 1215, 1250, 1291, 1233, 1292, 1180, 1113, 1177, 1131, 1171, 1138, 1190, 1203, 1263, 1193, 1222, 1282, 1188, 1169, 1191, 1215, 1162, 1169, 1132, 1221, 1170, 1275, 1213, 1116, 1131, 1176, 1177, 1190, 1224, 1104, 1125, 1116, 1220, 1179, 1225, 1199, 1221, 1221, 1279, 1166, 1125, 1115, 1178, 1119, 94340, 33016, 989, 1122, 1204, 1183, 1117, 1238, 1182, 1259, 1186, 1131, 1201, 1175, 1176, 1210, 1170, 986, 1242, 1140, 1170, 1043, 1222, 1200, 1051, 1189, 978, 1094, 1248, 1130, 977, 1084, 1049, 1161, 999, 987, 1182, 988, 1038, 962, 990, 982, 945, 996, 1131, 1026, 1033, 1054, 1211, 1188, 1041, 1030, 1044, 1046, 1037, 1052, 1180, 987, 1056, 1036, 1040, 1135, 1172, 1167, 987, 1202, 1181, 1046, 1053, 1185, 989, 1140, 1206, 1192, 1172, 1178, 1163, 1188, 1192, 1227, 1192, 1179, 1178, 1106, 1179, 1199, 1193, 1194, 1227, 1183, 1195, 1139, 1159, 1177, 1146, 1179, 1151, 1135, 1231, 1188, 1134, 1234, 1195, 1142, 1143, 1167, 1142, 1142, 1187, 1205, 1174, 1178, 1216, 1177, 1190, 1141, 1199, 1246, 1125, 1189, 1183, 1180, 1253, 1166, 1182, 1169, 1236, 1243, 1189, 1229, 452, 1142, 1126, 1130, 1187, 1166, 1161, 1238, 1162, 1581, 1184, 1231, 1123, 1133, 1017, 1313, 1182, 1184, 1185, 1193, 1015, 1160], "forwarding_mean": 1171.2080000000001,