{"A": {"coding_mean": 1996.1579999999999, "decoding_sd": 134.42442449197986, "forwarding_sd": 122.81097245767577, "coding": [2072, 2005, 2097, 2002, 2129, 1971, 2017, 1979, 2010, 2010, 2023, 2966, 1997, 2003, 1987, 1974, 2036, 2013, 2015, 2015, 2002, 2000, 1998, 2018, 2002, 2064, 1952, 1954, 1972, 1995, 2114, 2026, 2004, 2026, 2009, 2011, 2005, 2003, 1989, 1955, 2006, 1996, 2023, 2017, 2012, 2014, 2062, 1970, 2120, 2008, 1996, 1937, 2184, 1947, 1967, 1973, 1982, 2025, 2025, 1940, 1963, 1950, 2024, 1944, 1955, 1977, 1958, 1965, 1955, 1940, 1954, 1979, 1948, 2026, 1950, 1945, 1972, 1975, 2003, 1953, 2049, 1950, 1951, 1954, 1960, 1955, 1943, 1973, 1959, 1814, 2019, 2088, 2006, 1325, 540, 2037, 2010, 2000, 2000, 2032, 2012, 2013, 2047, 2018, 2023, 2004, 2009, 2000, 2017, 2006, 2223, 1988, 2024, 2012, 2009, 2017, 1996, 2009, 2015, 2152, 2015, 1982, 2019, 2084, 2010, 2009, 2031, 2015, 2027, 2154, 2027, 2049, 2009, 2011, 2025, 2034, 2016, 2043, 2076, 2021, 1928, 1998, 1997, 1993, 2006, 2049, 1963, 2158, 1995, 2454, 1881, 2010, 1962, 2025, 2001, 1882, 1995, 2007, 1991, 1997, 1995, 2010, 2019, 2006, 1999, 1994, 2045, 1957, 1994, 2004, 2003, 1996, 1993, 1957, 2054, 1949, 1944, 1947, 1953, 1976, 1970, 2027, 2038, 1997, 1955, 1972, 1957, 1959, 1997, 1957, 2049, 2085, 2000, 1987, 2119, 2018, 1996, 1958, 1993, 1910, 1958, 1941, 1979, 1988, 1992, 2007, 2044, 2005, 2003, 1998, 2017, 2007, 2012, 2026, 1956, 1943, 1958, 1964, 1947, 2030, 2005, 2001, 2017, 2003, 2043, 2018, 2003, 2006, 2037, 2037, 2061, 1983, 2002, 1994, 2461, 2015, 2000, 2000, 1995, 1985, 2019, 2008, 1988, 1995, 2007, 2011, 1998, 1998, 2001, 2062, 2079, 2064, 2005, 1997, 2013, 2021, 2012, 1951, 1977, 2017, 1905, 1732, 1947, 2020, 1980, 1977, 1979, 2010, 1987, 1984, 2039, 1978, 2007, 2027, 2031, 1989, 2005, 2020, 1998, 1959, 1975, 1962, 1969, 2128, 1953, 1984, 1961, 1953, 1377, 2003, 2006, 1985, 2009, 2078, 2066, 1998, 1944, 2002, 2089, 2032, 1992, 2052, 1968, 1950, 1950, 1977, 1960, 1971, 1974, 1960, 2033, 2025, 2002, 2092, 1989, 1992, 2253, 2007, 1975, 1977, 1967, 1993, 1958, 2047, 1974, 1939, 1994, 1987, 1986, 1978, 1768, 1957, 1834, 2004, 2021, 2016, 2723, 1747, 1987, 1957, 1986, 2039, 1952, 1952, 2025, 2001, 1967, 1947, 1992, 1992, 1991, 2004, 1992, 2229, 1986, 1406, 1428, 1996, 2033, 1992, 2032, 2070, 2697, 1998, 1980, 1955, 1984, 1952, 2038, 1977, 2054, 2032, 2151, 2193, 1967, 1976, 2060, 2537, 1764, 2463, 2027, 2349, 2042, 2006, 2048, 1976, 1977, 2000, 1982, 2057, 2023, 2043, 2128, 2034, 1976, 2041, 1993, 2060, 2041, 1999, 2020, 2044, 2056, 2082, 2033, 1985, 2285, 2032, 2098, 2008, 2016, 2880, 2204, 2614, 2013, 2140, 1994, 2081, 1971, 1993, 1989, 1993, 2008, 1794, 2044, 2087, 2164, 1920, 2016, 1980, 2077, 2044, 2013, 2006, 2034, 2035, 1426, 541, 528, 540, 818, 1172, 2057, 1969, 2075, 2209, 1996, 3454, 2046, 2136, 1984, 2172, 2015, 2079, 2025, 2018, 2011, 2043, 1967, 1976, 2004, 1971, 2012, 2270, 1987, 2029, 1983, 1841, 2137, 1987, 1998, 1987, 1991, 1966, 2181, 592, 2349, 2035, 728, 1851, 3421, 1985, 1369, 2004, 2018, 1939, 2065, 1967, 1986, 2028, 2131, 2036, 2026, 2079, 2028, 2021, 2055, 2054, 1920, 1991], "decoding": [1344, 1102, 1197, 1213, 1205, 1251, 1210, 1259, 1218, 1196, 1215, 1435, 1215, 1286, 1192, 1194, 1223, 1195, 1211, 1201, 1194, 1219, 1203, 1191, 1206, 1171, 1226, 1188, 1267, 1220, 1206, 1189, 1217, 1209, 1198, 1192, 1202, 1211, 1211, 1239, 1214, 1207, 1206, 1199, 1246, 1210, 1229, 1248, 1179, 1207, 1208, 1397, 1196, 1211, 1226, 1199, 1218, 1214, 1223, 1206, 1192, 1174, 1213, 1234, 1232, 1199, 1198, 1197, 1215, 1200, 1201, 1244, 1260, 1201, 1212, 1209, 1259, 1198, 1225, 1196, 1218, 1222, 1201, 1197, 1192, 1193, 1223, 1268, 1216, 1152, 1081, 1210, 1216, 1178, 332, 707, 1188, 1257, 1207, 1209, 1220, 1206, 1220, 1228, 1250, 1206, 1153, 1258, 1224, 1196, 1203, 1191, 1242, 1229, 1239, 1195, 1175, 1202, 1221, 1207, 1206, 1415, 1191, 1314, 1221, 1225, 1209, 1215, 1211, 1199, 1182, 1261, 1258, 1154, 1256, 1251, 1222, 1194, 1200, 1181, 1215, 1204, 1200, 1197, 1176, 788, 1168, 1801, 1024, 1048, 1047, 1086, 1174, 1199, 1214, 1158, 1203, 1190, 1194, 1180, 1210, 1160, 1193, 1208, 1194, 1174, 1204, 1253, 1215, 1223, 1191, 1202, 1223, 1196, 1205, 1425, 1209, 1185, 1236, 1229, 1198, 1193, 1186, 1193, 1204, 1153, 1198, 1378, 1210, 1186, 1178, 1240, 1201, 1215, 1182, 1335, 1200, 1216, 1232, 1206, 1221, 1202, 1239, 1207, 1200, 1322, 1200, 1214, 1194, 1208, 1188, 1256, 1200, 1189, 1200, 1214, 1261, 1219, 1186, 1243, 1203, 1207, 1196, 1215, 1241, 1199, 1210, 1205, 1221, 1247, 1195, 1178, 1204, 1197, 1186, 1201, 1199, 1242, 1688, 1194, 1193, 1197, 1208, 1192, 1215, 1212, 1194, 1256, 1195, 1188, 1298, 1198, 1220, 1207, 1209, 1204, 1191, 1229, 1182, 1213, 1159, 1062, 1196, 1223, 1234, 1255, 1240, 1224, 1255, 1259, 1202, 1200, 1275, 1197, 1229, 1216, 1232, 1209, 1184, 1233, 1215, 1181, 1229, 1367, 1189, 1216, 1186, 1223, 841, 1201, 1232, 1249, 1195, 1275, 1205, 1187, 1252, 1195, 1196, 1214, 1203, 1185, 1237, 1208, 1209, 1214, 1223, 1253, 1213, 1218, 1213, 1201, 1158, 1204, 1190, 1273, 1505, 1203, 1182, 1208, 1201, 1213, 1198, 1223, 1211, 1196, 1194, 1198, 1139, 1470, 1172, 1240, 1127, 1213, 1198, 1289, 1209, 1154, 1628, 1325, 1262, 1162, 1247, 1176, 1216, 1204, 1287, 1144, 1161, 1212, 1181, 1228, 1256, 1229, 1299, 812, 1096, 1389, 1189, 1174, 1187, 1208, 1164, 1225, 1168, 1140, 1483, 1221, 1188, 1201, 1202, 1213, 1179, 1204, 1235, 1173, 1174, 1184, 1091, 1196, 1644, 1451, 1229, 1196, 1224, 1196, 1259, 1207, 1349, 1330, 1201, 1191, 1195, 1188, 1194, 1286, 1160, 1158, 1224, 1209, 1387, 1223, 1315, 1215, 1240, 1228, 1228, 1232, 1196, 1223, 1239, 1511, 1284, 1213, 1265, 1175, 1320, 1213, 1171, 1192, 1213, 1237, 1205, 1144, 1202, 1213, 1215, 1210, 1259, 1203, 1157, 1590, 1274, 1478, 1170, 1577, 1166, 374, 377, 353, 436, 526, 1209, 1182, 1209, 1268, 1209, 1527, 1497, 1304, 1205, 1198, 1152, 1229, 1173, 1217, 1354, 1271, 1206, 1204, 1351, 1182, 1194, 1199, 1219, 1204, 1156, 1025, 1214, 1203, 1163, 1255, 1188, 1194, 1207, 636, 1207, 1288, 416, 636, 1211, 1191, 803, 1173, 1206, 1379, 1223, 1197, 1217, 1231, 1219, 1212, 1201, 1204, 1228, 1253, 1285, 1278, 1157, 1239], "forwarding_mean": 1170.8620000000001,