{"A": {"coding_mean": 1923.6179999999999, "decoding_sd": 236.65539621145342, "forwarding_sd": 225.55787616485486, "coding": [2076, 1944, 2119, 1982, 2001, 1996, 2200, 2069, 2219, 1998, 2017, 2020, 2045, 2021, 1979, 2018, 2004, 2048, 1996, 2024, 1981, 2156, 2111, 2033, 2018, 2031, 2100, 2071, 1998, 1983, 2488, 2494, 2025, 2115, 2030, 2116, 2034, 2012, 2005, 2000, 2056, 2012, 2025, 1429, 1984, 2003, 1975, 2024, 2009, 1999, 1981, 1981, 567, 718, 740, 558, 553, 838, 981, 545, 2017, 2088, 1821, 2036, 1970, 2001, 764, 816, 591, 523, 559, 781, 713, 1785, 1981, 852, 1222, 2042, 2012, 2009, 2184, 2019, 2029, 2093, 2154, 2015, 2007, 1989, 2012, 1967, 2022, 1996, 2038, 2026, 2020, 2023, 2022, 2022, 2011, 2050, 1972, 2027, 1962, 1995, 1966, 2040, 2363, 1977, 1972, 2012, 2079, 2003, 2003, 1969, 2022, 2009, 2031, 2012, 2016, 2029, 2050, 2091, 1982, 2023, 852, 886, 1291, 1534, 1931, 2011, 1982, 1986, 2021, 2023, 1988, 1979, 758, 1783, 2155, 2098, 917, 880, 662, 506, 520, 597, 2266, 2082, 1991, 953, 2107, 2420, 499, 678, 2381, 633, 883, 807, 556, 1270, 1976, 1974, 2018, 2031, 2012, 2027, 2036, 2008, 2687, 2254, 1974, 1812, 2012, 2005, 2020, 2030, 2014, 2026, 2024, 2057, 2021, 2022, 2070, 1748, 2040, 2029, 1983, 2039, 2037, 2044, 2029, 2033, 2037, 2009, 1975, 2015, 2053, 2327, 2037, 2028, 2072, 2041, 2064, 2023, 2076, 2024, 2038, 2012, 1999, 1779, 2130, 1968, 2054, 1978, 1994, 1980, 2043, 2644, 2046, 2044, 2010, 2022, 2039, 1941, 1944, 2040, 2028, 2015, 2045, 2017, 2013, 2010, 2025, 2026, 2048, 2024, 2002, 1987, 2039, 2022, 2042, 2076, 2022, 2151, 1984, 1965, 2022, 2188, 1979, 2093, 2047, 2028, 1982, 2166, 2058, 2030, 2039, 2016, 2067, 2027, 1973, 2026, 2025, 2022, 2020, 2026, 2032, 2068, 2032, 2020, 2023, 2040, 2029, 2015, 2028, 2056, 2018, 2011, 2038, 2004, 2182, 2037, 2050, 2040, 2022, 2012, 2024, 2103, 2025, 2046, 2036, 1025, 2047, 2006, 2027, 2154, 2031, 2050, 2051, 2036, 2165, 2026, 687, 2003, 2013, 2036, 2024, 2030, 2009, 2053, 2024, 2029, 2018, 2032, 2112, 2045, 2021, 2017, 2017, 2031, 2028, 2043, 2020, 2060, 2022, 2031, 2040, 2018, 2041, 2038, 2034, 2022, 2028, 1994, 2020, 2022, 2017, 2042, 2049, 2025, 2033, 2020, 2009, 2036, 2106, 2037, 2051, 2022, 2039, 2026, 2023, 2030, 2033, 2025, 2000, 2067, 2056, 2036, 2035, 1999, 2050, 1963, 2069, 2069, 2007, 1978, 1996, 2121, 2021, 2067, 1986, 1993, 2121, 2068, 1992, 2001, 2010, 2141, 2016, 1984, 1988, 2027, 2092, 2045, 2050, 2103, 2042, 2092, 2030, 2028, 2027, 2037, 2050, 2052, 2023, 2060, 2015, 2037, 2019, 2016, 2009, 2108, 2028, 2055, 2046, 2012, 2018, 2021, 1966, 2016, 2045, 2049, 2041, 2024, 2026, 2019, 2018, 2027, 2054, 2034, 2029, 2030, 2023, 2032, 2014, 2029, 2021, 2011, 2015, 2018, 2030, 2025, 2042, 2009, 2077, 2015, 2064, 2017, 2014, 2027, 2047, 2022, 2065, 2049, 2023, 2013, 2021, 2009, 2045, 2021, 2147, 2008, 2035, 2016, 2019, 1994, 2029, 2066, 2011, 2039, 2011, 2014, 2031, 2027, 2032, 2025, 2017, 2011, 1042, 623, 602, 635, 617, 2041, 2114, 2012, 1767, 2001, 727, 2013, 1944, 1999, 2067, 1991, 2029, 2005, 1988, 2055, 2044, 1988, 1960, 2116, 2195, 2119, 2085, 1998, 2095, 1985, 1969, 2124], "decoding": [1299, 1274, 1226, 1228, 1309, 1283, 1217, 1181, 1226, 1268, 1215, 1198, 1229, 1219, 1230, 1227, 1203, 1223, 1259, 1243, 1224, 1239, 1220, 1217, 1172, 1261, 1231, 1220, 1246, 1369, 1214, 1306, 1797, 1200, 1242, 1868, 1226, 1283, 1231, 1194, 1330, 1262, 1230, 875, 1203, 1267, 1236, 1233, 1241, 1186, 1192, 1716, 503, 421, 396, 397, 371, 458, 333, 367, 1321, 1223, 1102, 1217, 1221, 1243, 603, 546, 472, 480, 379, 478, 352, 1112, 1294, 633, 546, 1217, 1187, 1236, 1213, 1216, 1365, 1234, 1230, 1220, 1240, 1251, 1236, 1196, 1250, 1312, 1227, 1489, 1256, 1219, 1195, 1277, 1178, 1442, 1285, 1172, 1236, 1224, 1246, 1232, 1241, 1245, 1174, 1228, 1220, 1269, 1239, 1208, 1255, 1243, 1291, 1327, 1396, 1229, 1172, 1209, 1172, 1314, 524, 576, 695, 951, 922, 1244, 1480, 1243, 1210, 1182, 1365, 1221, 460, 1133, 1244, 1262, 393, 547, 420, 419, 378, 372, 1393, 1299, 1217, 836, 1265, 1370, 362, 379, 1057, 431, 371, 432, 342, 588, 1636, 1288, 1256, 1217, 1215, 1377, 1230, 1308, 1322, 1368, 1247, 1098, 1182, 1198, 1264, 1202, 1228, 1247, 1265, 1249, 1217, 1240, 1229, 1191, 1243, 1231, 1246, 1203, 1235, 1223, 1239, 1249, 1235, 1255, 1221, 1333, 1212, 1240, 1242, 1226, 1221, 1275, 1262, 1230, 1274, 1285, 1284, 1247, 1246, 1184, 1232, 1245, 1243, 1231, 1301, 1304, 1218, 1217, 1216, 1269, 1225, 1245, 1244, 1243, 1249, 1235, 1228, 1561, 1246, 1312, 1267, 1244, 1326, 1243, 1233, 1229, 1257, 1288, 1230, 1251, 1221, 1244, 1251, 1262, 1248, 1243, 1241, 1242, 1250, 1241, 1252, 1228, 1239, 1268, 1231, 1235, 1232, 1240, 1221, 1220, 1223, 1229, 1230, 1231, 1252, 1296, 1235, 1261, 1241, 1244, 1282, 1275, 1267, 1219, 1225, 1293, 1245, 1262, 1248, 1230, 1225, 1230, 1236, 1244, 1247, 1229, 1271, 1232, 1233, 1283, 1233, 1214, 403, 1254, 1228, 1225, 1246, 1706, 1245, 1268, 1253, 1226, 401, 1145, 1231, 1286, 1218, 1296, 1228, 1232, 1322, 1220, 1242, 1228, 1260, 1215, 1241, 1181, 1225, 1222, 1245, 1236, 1236, 1219, 1227, 1238, 1266, 1242, 1225, 1312, 1243, 1237, 1254, 1235, 1215, 1248, 1222, 1228, 1250, 1253, 1274, 1226, 1261, 1254, 1212, 1263, 1270, 1263, 1281, 1210, 1221, 1232, 1239, 1295, 1235, 1348, 1226, 1239, 1200, 1313, 1232, 1244, 1229, 1214, 1397, 1193, 1225, 1238, 1267, 1230, 1220, 1214, 1239, 1244, 1231, 1254, 1236, 1277, 1411, 1234, 1252, 1204, 1221, 1273, 1225, 1227, 1236, 1224, 1232, 1241, 1215, 1243, 1239, 1261, 1324, 1231, 1341, 1259, 1240, 1297, 1243, 1229, 1273, 1250, 1216, 1231, 1259, 1247, 1270, 1223, 1229, 1234, 1265, 1259, 1247, 1219, 1216, 1234, 1261, 1243, 1228, 1223, 1218, 1246, 1225, 1245, 1238, 1237, 1269, 1226, 1238, 1230, 1191, 1241, 1268, 1235, 1354, 1182, 1184, 1288, 1208, 1270, 1234, 1211, 1231, 1185, 1232, 1262, 1252, 1377, 1225, 1223, 1181, 1326, 1259, 1236, 1191, 1235, 1231, 1342, 1246, 1400, 1200, 1327, 1229, 1230, 1230, 1212, 803, 431, 362, 385, 314, 1234, 1240, 1240, 1184, 1385, 391, 1177, 1339, 1241, 1280, 1241, 1215, 1219, 1264, 1313, 1256, 1270, 1235, 1228, 1212, 1185, 1178, 1220, 1216, 1084, 1228, 1673], "forwarding_mean": 1137.05,