{"A": {"coding_mean": 2058.8519999999999, "decoding_sd": 75.262874353827328, "forwarding_sd": 838.51715122351538, "coding": [2074, 2009, 1929, 2053, 2143, 2053, 2063, 2052, 2078, 1993, 2037, 2033, 2025, 2061, 2066, 3182, 2096, 2031, 2056, 2057, 2027, 2043, 2043, 2055, 2079, 2041, 2000, 2048, 2054, 2045, 2053, 2049, 2048, 2039, 2045, 2027, 2018, 2062, 2047, 2065, 2059, 2064, 2045, 2051, 2054, 1989, 2029, 2062, 2021, 2066, 2066, 2026, 2009, 2043, 2052, 2054, 2043, 2030, 2014, 2075, 2049, 2071, 2085, 2034, 2039, 2026, 2035, 2035, 2028, 2067, 2036, 2062, 2030, 2063, 2042, 2034, 2040, 2186, 2063, 2025, 2204, 2076, 2042, 2189, 2021, 2073, 2039, 2061, 2016, 2053, 2055, 2017, 2061, 2032, 2017, 2059, 2042, 2069, 2029, 2165, 2034, 2067, 2079, 2045, 2044, 2018, 2045, 2051, 2036, 2048, 2038, 2048, 2016, 2046, 2032, 2014, 2054, 2054, 2055, 2047, 2031, 2023, 1991, 2035, 1985, 2031, 2045, 2042, 2189, 2042, 2043, 2042, 2066, 2056, 2318, 2036, 2089, 2025, 2033, 2022, 2048, 2102, 1905, 2047, 2053, 2042, 2038, 2108, 2037, 2062, 2098, 2049, 2147, 2055, 2057, 2034, 2027, 2029, 2029, 2058, 2086, 2037, 2113, 2101, 2055, 2062, 2030, 2110, 2055, 2055, 2044, 2041, 2025, 2094, 2091, 2036, 2047, 2041, 2182, 2042, 2222, 2068, 2024, 2036, 2056, 2053, 2019, 2040, 2022, 2039, 2044, 2111, 2122, 2115, 2212, 2041, 2050, 2053, 2042, 2071, 2037, 2039, 2101, 2044, 2051, 2029, 2029, 2037, 2049, 2048, 2043, 2033, 2063, 2106, 2038, 2130, 2102, 2043, 2024, 2052, 2005, 2033, 2112, 2047, 2043, 2090, 2073, 2021, 2114, 2156, 2132, 2443, 2039, 2063, 2054, 2027, 2058, 2063, 2021, 2039, 2046, 2062, 2043, 2054, 2187, 2070, 2113, 2049, 2044, 2061, 2125, 2115, 2147, 2101, 2028, 2053, 2032, 2057, 2049, 2084, 2026, 2159, 2056, 2045, 2205, 2041, 2075, 2059, 2055, 2036, 2072, 2113, 2074, 2221, 2057, 2045, 2060, 2035, 2023, 2042, 2063, 2039, 2020, 2064, 2049, 2022, 2037, 2050, 2038, 2081, 2066, 2063, 2037, 2055, 2060, 2045, 2176, 2070, 2049, 2020, 2030, 2035, 2086, 2071, 2037, 2078, 2051, 2048, 2046, 2060, 2060, 2070, 2031, 2085, 2049, 2006, 2064, 2062, 2034, 2043, 2080, 2084, 2026, 2056, 2051, 2052, 2045, 2059, 2048, 2059, 2016, 2035, 2009, 2029, 2477, 2054, 2054, 2080, 2070, 2058, 2059, 2046, 2046, 2044, 2113, 2063, 2080, 2001, 2058, 2050, 2055, 2053, 2089, 2198, 1989, 2028, 2054, 2018, 1997, 1995, 2012, 2169, 2002, 2013, 1991, 2087, 2061, 2029, 2065, 2005, 2044, 2051, 2033, 2037, 2285, 2069, 2040, 2151, 2106, 2120, 2037, 2042, 2063, 2130, 2064, 2064, 2043, 2052, 2061, 2055, 2051, 2041, 2064, 2058, 2130, 2049, 2120, 2233, 2126, 2080, 2049, 2071, 2043, 2059, 2058, 2040, 2054, 2063, 2055, 2047, 2040, 2060, 2053, 2057, 2076, 2057, 2036, 2116, 2039, 2048, 2048, 2050, 2077, 2136, 2108, 1965, 2118, 2000, 1988, 2082, 2052, 2012, 2024, 2004, 2011, 2010, 2021, 1989, 2000, 1996, 2018, 2035, 2036, 2059, 2051, 2147, 2060, 2079, 1994, 2112, 2008, 2054, 2043, 2050, 2055, 2054, 2044, 2059, 2070, 2059, 2110, 2058, 2104, 2049, 1996, 2060, 2068, 2085, 2049, 2051, 2069, 2057, 2090, 2074, 2055, 2055, 2145, 2096, 720, 2052, 2042, 2124, 2051, 2097, 2063, 2050, 2055, 2032, 2058, 2038, 2012, 2039, 2030, 2051, 2134, 2045, 2163, 2009, 2037, 2015], "decoding": [1263, 1035, 1031, 1192, 1201, 1195, 1183, 1185, 1208, 1179, 1162, 1124, 1270, 1171, 1257, 1164, 1205, 1197, 1202, 1202, 1201, 1226, 1239, 1329, 1163, 1177, 1185, 1207, 1248, 1168, 1163, 1169, 1182, 1197, 1192, 1206, 1214, 1265, 1197, 1238, 1214, 1202, 1159, 1156, 1157, 1218, 1228, 1200, 1197, 1228, 1203, 1148, 1168, 1146, 1152, 1335, 1206, 1232, 1214, 1215, 1193, 1197, 1189, 1179, 1202, 1190, 1167, 1288, 1198, 1180, 1368, 1207, 1187, 1230, 1196, 1193, 1184, 1207, 1197, 1205, 1173, 1190, 1201, 1223, 1322, 1191, 1201, 1184, 1181, 1187, 1076, 1187, 1266, 1183, 1323, 1248, 1194, 1243, 1199, 1248, 1356, 1190, 1266, 1189, 1509, 1195, 1207, 1160, 1204, 1197, 1201, 1203, 1187, 1208, 1195, 1195, 1187, 1228, 1147, 1203, 1197, 1206, 1223, 1202, 1195, 1348, 1200, 1260, 1229, 1151, 1157, 1218, 1260, 1213, 1228, 1372, 1200, 1200, 1222, 1156, 1320, 1202, 1194, 1203, 1203, 1189, 1291, 1251, 1194, 1213, 1219, 1242, 1211, 1265, 1169, 1156, 1157, 1229, 1205, 1211, 1207, 1256, 1194, 1200, 1195, 1117, 1210, 1235, 1204, 1262, 1245, 1191, 1154, 1192, 1212, 1192, 1297, 1208, 1190, 1200, 1207, 1153, 1136, 1165, 1194, 1190, 1191, 1163, 1176, 1252, 1196, 1279, 1180, 1136, 1142, 1224, 1177, 1174, 1199, 1238, 1186, 1272, 1279, 1242, 1262, 1239, 1322, 1198, 1257, 1205, 1200, 1203, 1243, 1255, 1223, 1217, 1194, 1264, 1178, 1195, 1161, 1175, 1214, 1199, 1197, 1203, 1186, 1191, 1306, 1202, 1194, 1178, 1157, 1217, 1198, 1276, 1204, 1756, 1205, 1235, 1266, 1218, 1169, 1205, 1203, 1191, 1216, 1200, 1207, 1215, 1154, 1265, 1181, 1166, 1171, 1154, 1203, 1237, 1199, 1206, 1220, 1426, 1155, 1158, 1216, 1153, 1152, 1165, 1229, 1154, 1204, 1217, 1201, 1153, 1206, 1171, 1175, 1229, 1208, 1197, 1185, 1155, 1151, 1167, 1164, 1155, 1172, 1223, 1180, 1192, 1200, 1201, 1209, 1197, 1204, 1232, 1213, 1211, 1183, 1339, 1305, 1259, 1182, 1203, 1235, 1206, 1207, 1286, 1230, 1160, 1188, 1197, 1198, 1215, 1196, 1200, 1197, 1193, 1197, 1207, 1196, 1232, 1266, 1210, 1173, 1146, 1207, 1260, 1166, 1205, 1187, 1194, 1215, 1204, 1196, 1208, 1203, 1186, 1365, 1206, 1215, 1152, 1218, 1143, 1149, 1208, 1200, 1149, 1154, 1207, 1214, 1229, 1159, 1195, 1170, 1204, 1214, 1156, 1194, 1218, 1200, 1233, 1582, 1206, 1173, 1175, 1276, 1201, 1199, 1196, 1206, 1219, 1218, 1196, 1196, 1193, 1148, 1279, 1269, 1198, 1202, 1201, 1221, 1188, 1201, 1159, 1147, 1159, 1336, 1214, 1194, 1227, 1200, 1156, 1142, 1246, 1230, 1157, 1174, 1168, 1263, 1203, 1192, 1210, 1161, 1183, 1175, 1164, 1155, 1201, 1261, 1196, 1362, 1269, 1410, 1215, 1187, 1315, 1199, 1209, 1195, 1203, 1217, 1214, 1196, 1702, 1198, 1202, 1196, 1199, 1296, 1119, 1206, 1823, 1448, 1300, 1292, 1194, 1278, 1233, 1152, 1259, 1198, 1213, 1201, 1252, 1210, 1264, 1205, 1159, 1231, 1276, 1229, 1233, 1220, 1220, 1176, 1206, 1268, 1151, 1199, 1213, 1202, 1214, 1118, 1200, 1189, 1162, 1156, 1204, 1427, 1195, 1306, 1190, 1253, 1213, 1309, 1219, 452, 1189, 1209, 1213, 1252, 1161, 1291, 1200, 1219, 1162, 1168, 1205, 1217, 1198, 1187, 1218, 1154, 1142, 1264, 1155, 1240, 1204], "forwarding_mean": 1223.152,