{"A": {"coding_mean": 2225.4960000000001, "decoding_sd": 217.12906277143097, "forwarding_sd": 220.23852614835582, "coding": [2315, 2211, 2344, 2245, 2396, 2425, 3335, 2215, 2410, 2221, 2271, 2230, 2457, 2267, 2248, 2283, 2223, 3133, 2435, 2254, 2273, 2220, 2563, 2395, 2354, 2322, 2271, 3534, 2330, 2219, 2555, 2752, 2226, 2296, 2426, 2440, 2282, 682, 726, 2231, 1968, 2175, 2565, 2240, 2238, 2340, 2265, 2665, 2250, 2501, 832, 2324, 2391, 2384, 2314, 2351, 2270, 2239, 788, 2176, 2304, 2295, 2337, 2199, 2238, 2269, 2218, 2289, 2339, 3146, 2231, 2279, 2281, 2235, 2224, 2260, 2278, 2229, 2438, 2434, 2226, 2282, 2238, 2962, 2274, 3270, 2259, 2253, 2323, 2561, 2626, 2274, 2423, 2312, 2250, 2237, 2231, 2266, 2315, 2258, 2436, 2270, 2207, 2340, 3140, 2564, 2283, 2299, 2372, 2307, 2228, 2257, 2228, 2264, 2199, 2264, 713, 669, 2267, 2411, 2269, 2497, 2295, 2223, 2361, 2234, 2246, 645, 1141, 2187, 2272, 2257, 785, 744, 2237, 764, 1200, 2293, 2265, 2266, 2259, 2248, 2256, 2222, 2253, 2260, 2274, 2258, 2312, 2250, 2351, 2327, 2222, 2239, 2265, 2459, 2233, 2242, 2299, 689, 835, 2276, 2204, 2253, 2272, 2253, 2259, 2260, 2233, 2240, 2239, 2249, 2277, 2229, 2281, 2251, 2248, 2245, 2253, 707, 2210, 2169, 2235, 2244, 2265, 2278, 2210, 2251, 2249, 2265, 2943, 2244, 2272, 2255, 2107, 581, 595, 678, 2258, 2226, 589, 2295, 2488, 2357, 2263, 2242, 2397, 2248, 2327, 2339, 2273, 2243, 2295, 2263, 2255, 2252, 2253, 2263, 2280, 2339, 2463, 2273, 2223, 2256, 2252, 2271, 2265, 2265, 2276, 2265, 2272, 2280, 2256, 2253, 2244, 2243, 2253, 2276, 2264, 2293, 2331, 2272, 2273, 2291, 2253, 2254, 2284, 2208, 2255, 2333, 2266, 2258, 2332, 2273, 2253, 2255, 2279, 2237, 2251, 2255, 2263, 2257, 2268, 2286, 2246, 2272, 2267, 2260, 2252, 2297, 2303, 2240, 2327, 2242, 2284, 2246, 2297, 2238, 2278, 2250, 2262, 2244, 2278, 2257, 2267, 2267, 2262, 2231, 2268, 2273, 2249, 2286, 2266, 2259, 2271, 2278, 2272, 2253, 2245, 2249, 2256, 2263, 2273, 2259, 2242, 2244, 2249, 2306, 2253, 2289, 2241, 2248, 2273, 2242, 773, 2286, 2254, 2268, 2265, 2280, 2386, 2260, 2269, 1137, 962, 2199, 2340, 2253, 2280, 2281, 2287, 2412, 2320, 2275, 2221, 2285, 2327, 2344, 2262, 2312, 2268, 2248, 2338, 2213, 2274, 2309, 2265, 2257, 2257, 2370, 2244, 2190, 2335, 2279, 2206, 2212, 2196, 2209, 2211, 2299, 2218, 2266, 2283, 2210, 2256, 2229, 2233, 2289, 2265, 2262, 2282, 2341, 2249, 2254, 2254, 2330, 2342, 2326, 2359, 2272, 2264, 2269, 2330, 2329, 2248, 2315, 2332, 2250, 2286, 2408, 2413, 2303, 2255, 2253, 2315, 2232, 2282, 2213, 2216, 2227, 2218, 2218, 2287, 2216, 2216, 2215, 2264, 2209, 2216, 2266, 2234, 2263, 2321, 2271, 2316, 2259, 2246, 2262, 2212, 2345, 2232, 2314, 2296, 2255, 2776, 2212, 2538, 2206, 2221, 2336, 2210, 2266, 2226, 2274, 2214, 2255, 2314, 2210, 2206, 2206, 2249, 2222, 2206, 2259, 2269, 2282, 2288, 2249, 2254, 2291, 2251, 2250, 2373, 2253, 2238, 2300, 2251, 2267, 2248, 2257, 2240, 2281, 2250, 2293, 2398, 2277, 2252, 2256, 2273, 2248, 2253, 2265, 2270, 2243, 2249, 2273, 2282, 2230, 748, 2296, 2272, 2270, 2300, 2274, 2244, 2270, 2286, 2273, 2250, 2265, 2242, 2278, 2235, 2301, 2233, 2280, 2276, 2258, 2280, 2293], "decoding": [1515, 1399, 1972, 1492, 1390, 1439, 1557, 1438, 1509, 1473, 1422, 1409, 1523, 1485, 1411, 1489, 1449, 1442, 2061, 1527, 1456, 1411, 1462, 1510, 1526, 1454, 1638, 1526, 1510, 1434, 1416, 1442, 1447, 1486, 1464, 1440, 1447, 848, 369, 1375, 1216, 1444, 1506, 1412, 1429, 1515, 1484, 1439, 1535, 1456, 1024, 583, 1511, 1480, 1493, 1452, 1477, 1440, 956, 1228, 1423, 1451, 1485, 1510, 1435, 1505, 1406, 1457, 1408, 1541, 1574, 1583, 1434, 1470, 1447, 1452, 1607, 1416, 1427, 1531, 1428, 1417, 1441, 1452, 1438, 1503, 1511, 1482, 1536, 1471, 1439, 1445, 1497, 1429, 1442, 1580, 1412, 2193, 1573, 1434, 1378, 1970, 1510, 1531, 1608, 1445, 1493, 1477, 1476, 1503, 1510, 1543, 1403, 1492, 1463, 1448, 738, 444, 1466, 1540, 1480, 1623, 1444, 1491, 1437, 1510, 1425, 426, 572, 1426, 1466, 1477, 519, 475, 1467, 765, 561, 1493, 1461, 1485, 1463, 1480, 1481, 1473, 1516, 1486, 1499, 1497, 1504, 1403, 1449, 1462, 1450, 1439, 1444, 1506, 1484, 1486, 1508, 616, 504, 1441, 1489, 1447, 1462, 1457, 1518, 1494, 1439, 1435, 1461, 1491, 1443, 1489, 1488, 1512, 1460, 1467, 1495, 397, 1415, 1445, 1486, 1499, 1604, 1643, 1501, 1437, 1503, 1502, 1521, 1500, 1454, 1492, 2112, 424, 550, 461, 1503, 763, 399, 1440, 1522, 1487, 1481, 1438, 1490, 1480, 1481, 1503, 1486, 1516, 1507, 1591, 1487, 1458, 1493, 1500, 1575, 2266, 1518, 1475, 1445, 1474, 1439, 1457, 1518, 1433, 1503, 1444, 1444, 1497, 1490, 1430, 1479, 1484, 1491, 1500, 1486, 1484, 1486, 1459, 1462, 1638, 1481, 1450, 1480, 1454, 1452, 1505, 1445, 1473, 1468, 1491, 1503, 1484, 1470, 1456, 1489, 1485, 1504, 1504, 1521, 1475, 1478, 1522, 1416, 1479, 1543, 1453, 1454, 1478, 1517, 1504, 1511, 1414, 1409, 1462, 1509, 1378, 1441, 1520, 1477, 1476, 1570, 1449, 1502, 1461, 1534, 1435, 1482, 1435, 1478, 1527, 1510, 1517, 1435, 1482, 1492, 1476, 1482, 1439, 1481, 1498, 1491, 1521, 1437, 1507, 1485, 1497, 1441, 1491, 1467, 1485, 486, 1482, 1511, 1510, 1453, 1449, 1457, 1433, 1486, 1462, 512, 1401, 1449, 1489, 1435, 1512, 1447, 1418, 1501, 1491, 1454, 1560, 1448, 1468, 1446, 1495, 1481, 1592, 1489, 1551, 1483, 1546, 1439, 1551, 1455, 1451, 1508, 1442, 1465, 1492, 1440, 1445, 1482, 1500, 1457, 1464, 1520, 1512, 1480, 1502, 1487, 1483, 1506, 1456, 1475, 1512, 1494, 1473, 1443, 1396, 1464, 1417, 1476, 1511, 1486, 1450, 1393, 1490, 1496, 1477, 1462, 1509, 1505, 1492, 1511, 1448, 1458, 1404, 1455, 1563, 1505, 1397, 1490, 1460, 1457, 1456, 1507, 1452, 1641, 1518, 1437, 1485, 1473, 1503, 1489, 1502, 1478, 1452, 1507, 1504, 1453, 1403, 1448, 1513, 1509, 1453, 1484, 1398, 1411, 1572, 1414, 1505, 1496, 1395, 1480, 1506, 1449, 2305, 1509, 1479, 1511, 1483, 1461, 1472, 1483, 1447, 1482, 1486, 1399, 1418, 1477, 1490, 1457, 1490, 1447, 1588, 1499, 1411, 1401, 1426, 1496, 1457, 1561, 1524, 1418, 1438, 1401, 1483, 1578, 1458, 1491, 1498, 1485, 1470, 1485, 1499, 1505, 1586, 1508, 1499, 1461, 1486, 1494, 1459, 552, 1127, 1449, 1473, 1512, 1506, 1444, 1527, 1469, 1468, 1446, 1508, 1494, 1496, 1449, 1469, 1490, 1453, 1519, 1523, 1458, 1473], "forwarding_mean": 1398.1400000000001,