{"A": {"coding_mean": 2238.4099999999999, "decoding_sd": 127.77154650390672, "forwarding_sd": 126.86560328158299, "coding": [718, 2063, 1514, 1591, 1983, 1065, 1967, 1977, 2294, 2236, 2240, 2215, 2234, 2301, 2248, 2224, 2259, 2290, 2283, 2228, 2242, 2243, 2326, 2217, 2233, 2256, 2261, 2239, 2290, 2232, 2265, 2250, 2259, 2234, 2232, 2240, 2231, 2358, 2254, 2245, 2264, 2250, 2254, 2337, 2203, 2286, 2240, 2229, 2238, 2254, 2255, 2256, 2256, 2267, 2266, 2252, 2203, 2233, 2252, 2252, 2231, 2244, 2240, 2234, 2246, 2240, 2262, 2207, 2242, 2241, 2263, 2250, 2276, 2239, 2236, 2245, 2245, 2238, 2200, 2234, 2246, 2216, 2225, 2196, 2215, 2250, 2211, 2187, 2229, 2235, 2204, 2203, 2211, 2228, 2240, 2225, 2241, 2290, 2262, 2257, 2270, 2228, 2268, 2265, 2191, 2192, 2243, 2161, 2209, 2243, 2200, 2222, 2223, 2288, 2213, 1129, 1118, 1307, 1426, 2317, 2235, 2455, 2213, 2226, 2212, 2239, 2241, 2247, 2232, 2250, 2292, 2330, 2246, 3674, 2466, 2847, 2247, 2331, 2309, 2241, 2371, 2233, 2557, 1584, 1562, 1599, 1991, 2043, 2095, 2245, 2271, 2252, 2235, 2271, 2275, 2286, 2380, 2257, 2233, 2244, 2462, 2278, 2294, 2266, 2252, 2254, 2245, 2303, 2249, 2252, 2250, 2327, 2247, 2245, 2231, 2253, 2232, 2243, 2254, 2253, 2262, 2459, 2312, 2312, 2328, 2266, 2321, 2261, 2282, 2259, 2263, 2233, 2302, 2263, 2205, 2276, 2411, 2254, 2237, 2247, 2316, 2296, 2243, 2235, 2245, 2242, 2245, 2278, 2250, 2236, 2239, 2249, 2262, 2260, 2300, 2315, 2245, 2255, 2259, 2212, 2248, 2250, 2250, 2253, 2212, 2208, 2243, 2246, 2236, 2248, 2284, 2341, 2270, 2274, 2268, 2228, 2277, 2336, 2552, 2280, 2254, 2258, 2270, 2274, 2273, 2279, 2251, 2273, 2248, 2267, 2264, 2262, 2258, 2252, 2271, 2254, 2266, 2282, 2246, 1571, 2250, 2165, 1921, 2221, 2250, 2253, 2243, 2214, 2232, 2214, 2281, 2265, 2286, 2289, 2312, 2299, 2282, 2280, 2271, 2262, 2270, 2258, 2211, 2206, 2221, 2211, 2266, 2207, 2262, 2289, 2223, 2261, 2257, 2261, 2269, 2261, 2253, 2271, 2270, 2266, 1964, 2280, 2263, 2277, 2262, 2306, 2241, 2260, 2260, 2284, 2255, 2262, 3086, 2272, 2268, 2259, 2279, 2270, 2267, 2253, 2260, 2261, 2254, 2241, 2245, 2271, 2275, 2308, 2272, 2279, 2284, 2286, 2263, 2251, 2415, 2238, 2282, 2274, 2266, 2267, 2289, 2281, 2263, 2289, 2274, 2262, 2252, 2287, 2290, 2258, 2274, 2266, 2251, 2262, 2297, 2273, 2270, 2273, 2268, 2293, 2265, 2268, 2549, 2247, 2249, 2373, 2263, 2287, 2265, 2255, 2258, 2241, 2359, 2371, 2254, 2373, 2403, 2265, 2244, 2342, 2277, 2248, 2215, 2242, 2212, 2276, 2265, 2248, 2250, 2259, 2345, 2360, 2293, 2283, 2216, 1964, 2212, 2209, 2200, 2211, 2248, 2253, 2527, 2376, 2268, 2257, 2266, 2206, 2195, 2196, 2203, 2218, 2215, 2190, 2190, 2221, 2248, 2272, 2259, 2261, 2264, 2250, 2257, 2256, 2253, 2319, 2395, 2287, 2273, 2264, 2257, 2259, 2217, 2275, 2278, 2263, 2245, 2274, 2215, 1934, 1983, 2256, 2277, 2259, 2286, 2264, 2321, 2270, 2259, 2200, 2215, 2208, 2210, 2220, 2293, 2237, 2286, 2252, 2271, 2268, 2299, 2305, 2263, 2300, 2280, 2278, 2251, 2260, 2269, 2266, 2277, 2243, 2237, 2265, 2264, 2233, 2261, 1090, 910, 2251, 2318, 2246, 2297, 2278, 2250, 3033, 2249, 2274, 2267, 2264, 2272, 3007, 2252, 2239, 2236, 2265, 2257, 2264, 2270, 2295], "decoding": [493, 1349, 991, 1102, 1307, 706, 1233, 1279, 1275, 1513, 1496, 1449, 1410, 1459, 1491, 1519, 1456, 1477, 1407, 1450, 1487, 1498, 1438, 1507, 1470, 1508, 1460, 1440, 1482, 1430, 1439, 1493, 1482, 1491, 1475, 1476, 1483, 1468, 1488, 1475, 1448, 1485, 1482, 1505, 1487, 1511, 1515, 1508, 1488, 1478, 1490, 1479, 1441, 1469, 1444, 1488, 1493, 1474, 1513, 1429, 1507, 1428, 1418, 1485, 1437, 1452, 1432, 1459, 1487, 1462, 1497, 1449, 1523, 1478, 1433, 1464, 1484, 1433, 1429, 1453, 1438, 1469, 1474, 1434, 1441, 1536, 1511, 1484, 1472, 1508, 1447, 1432, 1492, 1511, 1472, 1438, 1464, 1506, 1463, 1434, 1480, 1418, 1470, 1432, 1425, 1474, 1484, 1438, 1497, 1445, 1457, 1412, 1507, 1468, 1559, 940, 1033, 506, 1347, 1439, 1365, 2202, 1384, 1416, 1437, 1496, 1481, 1407, 1483, 1503, 1623, 1477, 1559, 2148, 1426, 1431, 1519, 1456, 1437, 1486, 1425, 1663, 1474, 986, 968, 1015, 1422, 1420, 1397, 1316, 1444, 1413, 1453, 1440, 1628, 1490, 1556, 1333, 1425, 1493, 1418, 1508, 1433, 1478, 1464, 1424, 1440, 1482, 1433, 1471, 1427, 1431, 1451, 1478, 1480, 1456, 1521, 1514, 1486, 1452, 1532, 1528, 1484, 1507, 1527, 1554, 1455, 1419, 1482, 1502, 1457, 1518, 1490, 1511, 1438, 1501, 1592, 1451, 1468, 1485, 1484, 1485, 1463, 1532, 1467, 1482, 1448, 1434, 1470, 1498, 1503, 1489, 1484, 1437, 1496, 1480, 1506, 1428, 1453, 1545, 1451, 1467, 1456, 1474, 1597, 1442, 1442, 1486, 1490, 1514, 1513, 1507, 1513, 1497, 1525, 1482, 1461, 1501, 1472, 1492, 1450, 1507, 1505, 1452, 1450, 1496, 1430, 1501, 1485, 1503, 1486, 1502, 1448, 1508, 1461, 1491, 1473, 1445, 1483, 1023, 1383, 1503, 1243, 1333, 1448, 1457, 1498, 1448, 1518, 1467, 1401, 1445, 1489, 1431, 1490, 1381, 1496, 1477, 1449, 1447, 1482, 1494, 1506, 1505, 1441, 1493, 1443, 1486, 1542, 1760, 1529, 1492, 1511, 1481, 1529, 1529, 1389, 1480, 1408, 1444, 1237, 1524, 1452, 1503, 1535, 1416, 1495, 1507, 1442, 1492, 1453, 1481, 1407, 1491, 1471, 1491, 1401, 1501, 1457, 1497, 1459, 1509, 1450, 1501, 1482, 1526, 1447, 1471, 1443, 1441, 1453, 1495, 1518, 1490, 1487, 1471, 1491, 1432, 1464, 1391, 1496, 1477, 1514, 1536, 1511, 1500, 1559, 1490, 1406, 1483, 1432, 1491, 1557, 1435, 1439, 1449, 1505, 1495, 1512, 1507, 1504, 1454, 1454, 1505, 1498, 1479, 1491, 1506, 1447, 1486, 1497, 1502, 1408, 1481, 1609, 1501, 1479, 1486, 1480, 1439, 1543, 1577, 1499, 1443, 1576, 1438, 1460, 1453, 1446, 1491, 1425, 1464, 1503, 1458, 1544, 723, 1444, 1485, 1459, 1481, 1481, 1447, 1461, 1026, 1475, 1454, 1477, 1472, 1492, 1430, 1479, 1446, 1487, 1454, 1497, 1450, 1476, 1469, 1517, 1468, 1434, 1482, 1645, 1500, 1469, 1461, 1496, 1456, 1491, 1541, 1477, 1487, 1485, 1487, 1508, 1474, 1479, 1433, 1504, 1247, 1176, 1443, 1487, 1452, 1499, 1498, 1427, 1490, 1382, 1444, 1459, 1575, 1494, 1490, 1495, 1491, 1590, 1486, 1492, 1484, 1500, 1435, 1440, 1566, 1489, 1514, 1440, 1470, 1437, 1454, 1617, 1488, 1492, 1505, 1508, 1495, 1487, 1273, 516, 1445, 1504, 1503, 1505, 1428, 1475, 1439, 1484, 1558, 1518, 1448, 1446, 1442, 1461, 1510, 1476, 1428, 1473, 1465, 1440, 1444], "forwarding_mean": 1411.9480000000001,