{"A": {"coding_mean": 1933.876, "decoding_sd": 286.90838880032771, "forwarding_sd": 279.17677341784719, "coding": [2088, 2047, 2059, 2036, 2033, 2092, 2049, 2065, 2059, 2055, 2080, 2063, 2133, 2043, 2025, 2059, 2062, 2087, 2082, 2195, 2068, 2122, 2073, 2012, 2261, 889, 1173, 1110, 2336, 585, 565, 639, 734, 2152, 2347, 2136, 2076, 2001, 2095, 2184, 2024, 2049, 1420, 2060, 2030, 2002, 2087, 2145, 2013, 2273, 2028, 2133, 2196, 2042, 2039, 2069, 1427, 622, 622, 632, 546, 794, 580, 923, 572, 2258, 2428, 2161, 2229, 2072, 2024, 2077, 572, 647, 624, 2033, 2307, 2338, 2279, 2032, 2057, 2064, 2029, 2032, 2068, 2076, 2152, 2177, 2069, 2043, 2070, 2579, 1574, 1515, 1637, 2152, 2225, 2131, 2049, 2921, 857, 1459, 1623, 1479, 1422, 2142, 2072, 2549, 2418, 2123, 2326, 2471, 2110, 2005, 2096, 2075, 2215, 2105, 2085, 2295, 2018, 2022, 2061, 2024, 1539, 2029, 2017, 2081, 2041, 2166, 2061, 2056, 1961, 2051, 2057, 2228, 2053, 2047, 2059, 2075, 2046, 2036, 2069, 2641, 2025, 2058, 2044, 890, 1375, 2097, 2071, 2200, 2097, 2187, 2037, 2116, 2180, 2049, 2030, 2039, 2073, 2117, 2024, 2069, 2724, 2126, 2047, 2021, 2038, 2123, 2363, 2054, 2031, 2131, 2030, 2081, 2106, 2145, 2039, 2028, 2160, 2028, 2018, 1992, 2057, 1999, 2090, 2010, 2063, 2155, 2081, 2004, 2057, 2064, 2075, 2058, 2135, 2072, 2221, 2048, 1966, 2119, 650, 2081, 2082, 2076, 2022, 2060, 2033, 2041, 2057, 2039, 2185, 2137, 2167, 1982, 2030, 2062, 2040, 2163, 1043, 558, 817, 658, 594, 1418, 547, 654, 559, 2020, 2010, 2002, 2059, 2416, 2000, 2087, 2130, 2263, 526, 604, 725, 597, 586, 1823, 2027, 2043, 2050, 2140, 2084, 2077, 2235, 570, 2048, 2237, 2146, 3027, 2324, 823, 2029, 2082, 2026, 3011, 1268, 1418, 2065, 2035, 2158, 2076, 2043, 1357, 2108, 2023, 2041, 562, 1418, 584, 2143, 2082, 2045, 2111, 2069, 2093, 2081, 571, 605, 947, 2068, 2075, 2058, 2057, 628, 558, 1042, 2133, 865, 2081, 3094, 2089, 2058, 2070, 2755, 604, 548, 576, 2067, 2099, 2083, 2062, 2047, 2031, 2114, 2525, 2090, 2245, 2027, 2092, 2106, 2105, 2130, 2121, 2141, 2176, 2074, 2122, 2082, 2067, 2070, 2145, 2109, 2083, 2087, 2069, 2053, 2076, 2035, 2104, 2061, 2082, 2065, 2061, 2202, 2097, 2155, 2105, 2016, 2126, 2107, 2128, 2105, 2104, 2101, 2098, 2079, 2072, 2101, 2060, 2082, 2087, 2058, 1069, 694, 2046, 2078, 2092, 2110, 2100, 2066, 2095, 2085, 2158, 605, 1670, 2091, 2062, 2079, 2067, 2086, 2159, 2081, 2227, 2079, 2095, 2076, 2123, 2079, 2038, 2127, 2089, 2144, 2077, 2147, 2036, 1349, 2129, 2067, 2125, 2079, 2121, 2059, 2122, 2065, 2084, 2102, 2077, 2068, 2070, 2094, 2330, 2186, 2077, 2099, 2144, 2080, 2041, 2115, 2060, 2068, 2098, 2095, 2073, 2101, 2115, 2045, 2063, 2059, 2082, 2062, 2085, 2137, 2045, 2088, 2060, 2074, 2120, 2169, 2102, 2065, 2071, 2070, 2067, 2062, 2076, 2079, 829, 774, 2075, 2058, 2051, 2066, 2067, 2078, 2101, 2048, 2054, 2064, 2650, 2106, 2067, 2094, 2069, 2084, 2061, 2056, 2051, 2066, 2091, 2073, 2110, 2066, 2038, 2066, 2224, 2103, 2067, 2072, 2054, 2081, 2070, 712, 2078, 2056, 2088, 2160, 2076, 2068, 2050, 2058, 2061, 2124, 2074, 2058, 2067, 2047, 2046, 2090, 2063, 2071, 2088, 2086, 2095], "decoding": [1317, 1331, 1251, 1249, 1275, 1261, 1265, 1281, 1219, 1257, 1260, 1261, 1245, 1253, 1228, 1344, 1252, 1264, 1261, 1292, 1286, 1243, 1218, 1264, 1316, 637, 622, 1000, 1282, 451, 392, 427, 612, 429, 1952, 1190, 1335, 1186, 1185, 1190, 1770, 1221, 882, 649, 1222, 1246, 1282, 1409, 1299, 1236, 1230, 1213, 1261, 1346, 1254, 1433, 1538, 358, 355, 528, 555, 377, 368, 364, 356, 723, 1225, 1319, 1217, 1223, 1361, 1787, 651, 503, 340, 1246, 1233, 1418, 1170, 1222, 1309, 1829, 1250, 1269, 1227, 1229, 1254, 1245, 1237, 1324, 1266, 1433, 861, 903, 847, 883, 1203, 1231, 1204, 1815, 1294, 975, 843, 934, 821, 1985, 1200, 1200, 1184, 1230, 1317, 1231, 1457, 1219, 1298, 1259, 1236, 1262, 1219, 1252, 1244, 1225, 1254, 1282, 850, 1247, 1237, 1267, 1226, 1240, 1223, 1245, 1382, 1290, 1280, 1222, 1380, 1296, 1312, 1209, 1182, 1388, 1251, 1202, 1273, 1397, 1258, 1224, 526, 1246, 1244, 1253, 1253, 1241, 1300, 1248, 1301, 1211, 1249, 1208, 1225, 1269, 1772, 1210, 1237, 1264, 1345, 1394, 1289, 1355, 1226, 1267, 1261, 1247, 1252, 1263, 1256, 1223, 1251, 1303, 1293, 1254, 1331, 1251, 1261, 1254, 1285, 1406, 1412, 1262, 1285, 1326, 638, 1249, 1212, 1250, 1252, 1281, 1213, 1295, 1229, 1215, 458, 1836, 1260, 1250, 1217, 1287, 1288, 1245, 1374, 1246, 1520, 1421, 1234, 1221, 1203, 1238, 1188, 1171, 1202, 357, 393, 777, 327, 457, 353, 357, 360, 1163, 1240, 1252, 1225, 1245, 1310, 1287, 1267, 1989, 599, 462, 350, 422, 338, 1080, 1343, 1293, 1268, 1204, 1322, 1384, 1246, 385, 1280, 1255, 1227, 1215, 1252, 432, 1291, 1347, 1185, 1231, 685, 1248, 1433, 1314, 1212, 1428, 1286, 991, 1273, 1276, 1308, 410, 475, 437, 1241, 1408, 1370, 1282, 1281, 1239, 1278, 356, 342, 407, 1313, 1248, 1362, 1211, 354, 373, 424, 434, 450, 1260, 1236, 1261, 1226, 1248, 1364, 368, 454, 543, 1247, 1327, 1227, 1269, 1274, 1282, 1263, 1226, 1267, 1280, 1281, 1245, 1350, 1290, 1254, 1272, 1263, 1205, 1269, 1266, 1269, 1336, 1280, 1363, 1267, 1261, 1270, 1299, 1386, 1273, 1339, 1217, 1490, 1337, 1246, 1262, 1262, 1252, 1294, 1321, 1287, 1253, 1240, 1227, 1249, 1246, 1271, 1250, 1261, 1257, 1251, 1247, 1270, 1352, 1246, 1205, 544, 741, 1267, 1277, 1232, 1349, 1254, 1346, 1251, 1247, 444, 582, 1251, 1258, 1247, 1265, 1266, 1294, 1253, 1267, 1246, 1298, 1247, 1284, 1250, 1305, 1271, 1323, 1257, 1305, 1272, 1320, 690, 1253, 1304, 1241, 1261, 1316, 1245, 1261, 1221, 1262, 1229, 1299, 1319, 1287, 1241, 1281, 1262, 1312, 1263, 1313, 1313, 1262, 1260, 1172, 1283, 1274, 1271, 1275, 1256, 1304, 1306, 1235, 1254, 1303, 1259, 1302, 1255, 1287, 1250, 1274, 1305, 1268, 1181, 1259, 1234, 1248, 1237, 1313, 1242, 1250, 1271, 863, 442, 1272, 1258, 1295, 1255, 1249, 1318, 1245, 1272, 1285, 1264, 1321, 1258, 1261, 1253, 1270, 1280, 1307, 1249, 1257, 1260, 1275, 1255, 1283, 1262, 1271, 1278, 1308, 1252, 1237, 1274, 1263, 1266, 1527, 493, 1263, 1316, 1258, 1284, 1236, 1257, 1259, 1251, 1279, 1269, 1265, 1269, 1276, 1260, 1261, 1248, 1252, 1245, 1325, 1253, 1305], "forwarding_mean": 1159.0719999999999,