{"A": {"coding_mean": 1812.4200000000001, "decoding_sd": 461.66401462535498, "forwarding_sd": 174.11110131177739, "coding": [1806, 1876, 1700, 892, 1704, 1832, 1699, 1674, 1670, 1886, 1698, 1690, 1814, 1717, 1714, 1732, 1721, 1725, 1723, 1841, 1652, 1705, 1695, 1702, 1700, 1724, 1702, 1698, 1707, 1695, 1706, 1714, 1987, 1999, 1847, 2029, 1964, 1943, 1943, 1972, 1963, 1964, 1944, 1993, 1994, 1929, 2040, 1964, 2052, 2580], "decoding": [1263, 3514, 3586, 1242, 3325, 3252, 3162, 3278, 3288, 3312, 3278, 3284, 3188, 3212, 3150, 3282, 3422, 3277, 3308, 3674, 3543, 3265, 3374, 3403, 3299, 3250, 3264, 3375, 3299, 3215, 3294, 3442, 3361, 3623, 3538, 3610, 3606, 3669, 3657, 3716, 3605, 3590, 3651, 3636, 3667, 3624, 3533, 3662, 3651, 3719], "forwarding_mean": 1079.6199999999999, "forwarding": [1166, 1613, 1005, 455, 991, 1043, 1034, 979, 983, 1015, 996, 986, 994, 946, 998, 960, 1399, 1389, 1386, 1577, 997, 952, 959, 988, 953, 993, 995, 1004, 996, 973, 960, 1036, 946, 1154, 1107, 1165, 1127, 1144, 1131, 1138, 1137, 1128, 1129, 1126, 1132, 1141, 1142, 1119, 1154, 1140], "decoding_mean": 3348.7600000000002, "coding_sd": 211.00872872940587}, "B": {"coding_mean": 1897.52, "decoding_sd": 136.27283808595166, "forwarding_sd": 185.74891009101506, "coding": [2446, 1795, 723, 1798, 1803, 1956, 1825, 1862, 1807, 1748, 1770, 1783, 1770, 1764, 1776, 2307, 2256, 2296, 2523, 1734, 1830, 1801, 1787, 1818, 1766, 1796, 1787, 1792, 1795, 1785, 1733, 1781, 2024, 1831, 1978, 1923, 1991, 2001, 1976, 2000, 1995, 2002, 2008, 1996, 1982, 1994, 1991, 2013, 1999, 1959], "decoding": [1233, 1213, 441, 1044, 1131, 1128, 1133, 1135, 1125, 1118, 1114, 1131, 1130, 1091, 1122, 1057, 1129, 1139, 1247, 1230, 1130, 1130, 1133, 1129, 1092, 1127, 1127, 1132, 1050, 1046, 1250, 1066, 1233, 1273, 1268, 1269, 1330, 1277, 1293, 1317, 1269, 1294, 1281, 1277, 1324, 1278, 1297, 1276, 1347, 1272], "forwarding_mean": 988.32000000000005, "forwarding": [1102, 960, 417, 965, 966, 953, 956, 934, 881, 882, 871, 874, 880, 876, 889, 882, 869, 875, 997, 867, 877, 865, 872, 874, 869, 901, 877, 917, 961, 955, 1015, 979, 1159, 1951, 1110, 1059, 1089, 1119, 1214, 1089, 1076, 1044, 1087, 1090, 1093, 1072, 1090, 1095, 1077, 1044], "decoding_mean": 1173.5599999999999, "coding_sd": 245.2381895219421}}