{"A": {"coding_mean": 2085.0599999999999, "decoding_sd": 413.36445710776832, "forwarding_sd": 141.40734917252357, "coding": [1582, 1586, 2596, 1537, 1566, 1560, 2473, 2954, 2020, 1194, 2715, 1827, 1964, 1918, 1850, 1873, 2063, 2036, 2860, 3028, 1856, 1916, 1909, 1860, 3117, 2809, 2844, 2802, 1898, 1908, 1882, 1896, 1892, 1977, 1871, 1890, 1868, 1934, 1922, 1916, 2817, 2017, 2843, 1925, 1862, 2055, 1884, 1906, 1969, 1806], "decoding": [981, 3003, 3063, 2993, 3024, 3017, 3044, 3164, 3628, 3582, 3296, 3794, 3639, 3634, 3675, 3770, 3639, 3510, 3561, 3687, 3745, 3614, 3619, 3654, 3712, 3635, 3589, 3602, 3669, 3595, 3559, 3538, 3548, 3579, 3518, 3588, 3651, 3528, 3708, 3557, 3571, 3527, 3606, 3588, 3630, 3634, 3623, 3549, 3556, 3546], "forwarding_mean": 1140.96, "forwarding": [944, 976, 956, 981, 1023, 997, 970, 1214, 1114, 1095, 1395, 1551, 1551, 1556, 1554, 1117, 1128, 1107, 1096, 1097, 1104, 1109, 1107, 1103, 1107, 1114, 1111, 1105, 1233, 1098, 1113, 1106, 1102, 1098, 1177, 1111, 1100, 1114, 1101, 1100, 1091, 1121, 1113, 1119, 1110, 1106, 1185, 1241, 1109, 1118], "decoding_mean": 3474.8400000000001, "coding_sd": 447.41678153596342}, "B": {"coding_mean": 2017.4000000000001, "decoding_sd": 76.866348944125093, "forwarding_sd": 71.951152874710772, "coding": [1721, 1679, 1718, 1707, 1726, 1713, 1998, 1953, 1979, 2263, 2560, 2560, 2553, 2558, 1986, 2041, 1974, 1994, 1994, 1969, 2044, 2078, 2008, 1988, 2012, 1980, 1967, 1958, 2023, 2018, 2002, 2010, 1977, 1998, 2010, 1951, 2030, 1996, 2016, 2005, 2125, 2003, 1984, 2012, 1924, 1967, 2021, 2009, 2013, 2095], "decoding": [992, 999, 1033, 1037, 1035, 1034, 1068, 1240, 1276, 1104, 1232, 1320, 1246, 1248, 1232, 1250, 1185, 1249, 1307, 1242, 1199, 1232, 1241, 1197, 1246, 1245, 1251, 1228, 1246, 1195, 1199, 1191, 1193, 1194, 1238, 1224, 1243, 1232, 1191, 1236, 1230, 1220, 1244, 1230, 1250, 1233, 1200, 1200, 1233, 1241], "forwarding_mean": 1050.46, "forwarding": [868, 890, 886, 881, 883, 886, 986, 1081, 1033, 973, 1071, 1085, 1090, 1072, 1062, 1048, 1063, 1125, 1051, 1066, 1098, 1073, 1076, 1075, 1090, 1026, 1027, 1088, 1063, 1072, 1112, 1064, 1067, 1063, 1200, 1057, 1063, 1060, 1062, 1137, 1051, 1132, 1078, 1162, 1047, 1080, 1070, 1064, 1061, 1105], "decoding_mean": 1200.6199999999999, "coding_sd": 192.75746418751208}}