{"A": {"coding_mean": 2510.02, "decoding_sd": 82.132088735158803, "forwarding_sd": 241.99530904544415, "coding": [1786, 2402, 2430, 2553, 2580, 2400, 2429, 2609, 2637, 2410, 2439, 3556, 3591, 2397, 2426, 2405, 2433, 2403, 2431, 2415, 2443, 3160, 3187, 2377, 2406, 2410, 2444, 2413, 2443, 2424, 2453, 2409, 2443, 2425, 2459, 2405, 2439, 2566, 2599, 2530, 2571, 2413, 2441, 2366, 2395, 2414, 2443, 2534, 2562, 2195], "decoding": [1175, 1142, 1142, 1088, 1088, 1151, 1151, 1136, 1136, 1136, 1136, 1143, 1143, 1139, 1139, 1288, 1288, 1145, 1145, 1151, 1151, 1103, 1103, 1223, 1223, 1493, 1493, 1184, 1184, 1151, 1151, 1149, 1149, 1135, 1135, 1186, 1186, 1183, 1183, 1132, 1132, 1150, 1150, 1221, 1221, 1133, 1133, 1132, 1132, 967], "forwarding_mean": 1135.52, "forwarding": [1100, 1066, 1066, 1071, 1071, 1069, 1069, 1326, 1326, 1092, 1092, 1088, 1088, 1082, 1082, 1085, 1085, 1086, 1086, 1073, 1073, 2289, 2289, 1074, 1074, 1073, 1073, 1094, 1094, 1083, 1083, 1095, 1095, 1088, 1088, 1088, 1088, 1090, 1090, 1076, 1076, 1081, 1081, 1067, 1067, 1105, 1105, 1044, 1044, 906], "decoding_mean": 1166.5999999999999, "coding_sd": 286.62222453954962}, "B": {"coding_mean": 2400.2800000000002, "decoding_sd": 78.001087171910626, "forwarding_sd": 33.094627962858262, "coding": [2394, 2418, 2404, 2432, 2484, 2511, 2380, 2407, 2523, 2550, 2420, 2447, 2108, 2132, 2345, 2373, 2402, 2431, 2389, 2418, 2348, 2377, 2359, 2390, 2411, 2439, 2427, 2455, 2340, 2368, 2423, 2451, 2420, 2453, 2453, 2487, 2448, 2480, 2474, 2507, 2368, 2396, 2423, 2451, 2346, 2373, 2412, 2441, 2151, 2175], "decoding": [1099, 1099, 1262, 1262, 1206, 1206, 1256, 1256, 1333, 1333, 1289, 1289, 1121, 1121, 1261, 1261, 1455, 1455, 1274, 1274, 1374, 1374, 1259, 1259, 1312, 1312, 1266, 1266, 1317, 1317, 1340, 1340, 1301, 1301, 1336, 1336, 1308, 1308, 1218, 1218, 1262, 1262, 1253, 1253, 1251, 1251, 1280, 1280, 1104, 1104], "forwarding_mean": 1067.1600000000001, "forwarding": [1074, 1074, 1009, 1009, 1051, 1051, 1045, 1045, 1094, 1094, 1066, 1066, 1007, 1007, 1086, 1086, 1050, 1050, 1046, 1046, 1052, 1052, 1052, 1052, 1065, 1065, 1090, 1090, 1106, 1106, 1061, 1061, 1094, 1094, 1097, 1097, 1100, 1100, 1111, 1111, 1097, 1097, 1102, 1102, 1091, 1091, 1054, 1054, 979, 979], "decoding_mean": 1269.48, "coding_sd": 89.817379164613797}}