{"A": {"coding_mean": 2371.2800000000002, "decoding_sd": 592.10418981797443, "forwarding_sd": 113.39948677132537, "coding": [1506, 2614, 1631, 2656, 1660, 2726, 1607, 1771, 2658, 2604, 1652, 2669, 1648, 2533, 2621, 2613, 2694, 1640, 2617, 2672, 2552, 2605, 2744, 2283, 2749, 2996, 3058, 2965, 2973, 3025, 2919, 2882, 2932, 2998, 3080, 2839, 3042, 3087, 599, 2064, 1984, 1994, 1907, 1973, 1952, 1943, 1949, 1896, 1950, 1832], "decoding": [1062, 2980, 3172, 3167, 3183, 3257, 3191, 1830, 3221, 3291, 3196, 3187, 3274, 3189, 3213, 6180, 3203, 3211, 3229, 3208, 3209, 3148, 3245, 3513, 3452, 3583, 3638, 3679, 3484, 3656, 3544, 3597, 3581, 3520, 3618, 3540, 3535, 3505, 3619, 3542, 3589, 3600, 3687, 3572, 3553, 3536, 3663, 3648, 3584, 3655], "forwarding_mean": 1102.5799999999999, "forwarding": [1016, 1422, 1345, 1329, 1325, 1332, 977, 1263, 984, 973, 1043, 941, 977, 967, 982, 1080, 1140, 957, 945, 987, 953, 953, 994, 1088, 976, 1112, 1217, 1157, 1114, 1167, 1135, 1114, 1096, 1115, 1124, 1106, 1110, 1119, 1209, 1128, 1122, 1120, 1115, 1122, 1116, 1108, 1116, 1118, 1107, 1113], "decoding_mean": 3394.7800000000002, "coding_sd": 560.00628710756462}, "B": {"coding_mean": 1920.28, "decoding_sd": 269.7207859991513, "forwarding_sd": 161.7856606748571, "coding": [2212, 2197, 2238, 2263, 2247, 1775, 1829, 1801, 1625, 1796, 1784, 1774, 1776, 1774, 1564, 1951, 1715, 1722, 1788, 1790, 1754, 1714, 1862, 1717, 1931, 1937, 1969, 1941, 1936, 1970, 1931, 1942, 1939, 1935, 1929, 1927, 1929, 2973, 1980, 1889, 1924, 1878, 1969, 1923, 1954, 1916, 1927, 1981, 1924, 1892], "decoding": [1026, 1052, 1071, 1075, 1093, 1067, 625, 1088, 1099, 1085, 1099, 1093, 1086, 1097, 2925, 1098, 1090, 1107, 1095, 1094, 1072, 1088, 1198, 1190, 1260, 1225, 1235, 1197, 1259, 1255, 1245, 1249, 1255, 1252, 1229, 1205, 1213, 1252, 1228, 1259, 1271, 1246, 1245, 1247, 1247, 1232, 1249, 1251, 1251, 1242], "forwarding_mean": 1046.5999999999999, "forwarding": [928, 886, 876, 881, 883, 877, 670, 968, 959, 1013, 964, 1011, 953, 1069, 886, 964, 977, 981, 971, 966, 960, 958, 1913, 985, 1082, 1102, 1194, 1086, 1056, 1083, 1198, 1082, 1104, 1085, 1093, 1090, 1093, 1089, 1093, 1264, 1142, 1091, 1084, 1095, 1089, 1051, 1177, 1092, 1120, 1096], "decoding_mean": 1198.24, "coding_sd": 209.94999785663251}}