{"A": {"coding_mean": 2308.1199999999999, "decoding_sd": 67.677000524550436, "forwarding_sd": 70.789211042361529, "coding": [1792, 2440, 2467, 2398, 2427, 2342, 2370, 2323, 2351, 2388, 2416, 2332, 2363, 2338, 2366, 2293, 2321, 2375, 2405, 2368, 2404, 2356, 2385, 2336, 2364, 2421, 2449, 2442, 2470, 2404, 2432, 2362, 2391, 2321, 2348, 2153, 2176, 2051, 2073, 2029, 2052, 2347, 2373, 2321, 2349, 2269, 2295, 2037, 2060, 2061], "decoding": [1114, 1026, 1026, 1115, 1115, 1128, 1128, 1114, 1114, 1109, 1109, 1116, 1116, 1133, 1133, 1108, 1108, 1111, 1111, 1114, 1114, 1129, 1129, 1100, 1100, 1114, 1114, 1088, 1088, 1113, 1113, 1102, 1102, 1109, 1109, 992, 992, 887, 887, 896, 896, 1121, 1121, 1104, 1104, 1110, 1110, 985, 985, 1035], "forwarding_mean": 1104.26, "forwarding": [1176, 986, 986, 1146, 1146, 1114, 1114, 1130, 1130, 1120, 1120, 1107, 1107, 1137, 1137, 1118, 1118, 1122, 1122, 1096, 1096, 1072, 1072, 1092, 1092, 1085, 1085, 1119, 1119, 1138, 1138, 1117, 1117, 1247, 1247, 1257, 1257, 965, 965, 964, 964, 1121, 1121, 1129, 1129, 1137, 1137, 994, 994, 1011], "decoding_mean": 1079.9400000000001, "coding_sd": 143.37651690566344}, "B": {"coding_mean": 2346.6799999999998, "decoding_sd": 85.646566772988635, "forwarding_sd": 48.481683139099033, "coding": [2336, 2365, 2373, 2402, 2298, 2325, 2350, 2379, 2381, 2409, 2443, 2471, 2359, 2387, 2358, 2387, 2337, 2366, 2378, 2407, 2428, 2456, 2302, 2330, 2357, 2385, 2374, 2403, 2747, 2774, 2377, 2409, 2378, 2407, 2314, 2342, 2076, 2100, 2107, 2131, 2074, 2098, 2345, 2374, 2363, 2392, 2075, 2098, 2390, 2417], "decoding": [1155, 1155, 1235, 1235, 1214, 1214, 1239, 1239, 1238, 1238, 1231, 1231, 1219, 1219, 1234, 1234, 1262, 1262, 1228, 1228, 1255, 1255, 1236, 1236, 1235, 1235, 1235, 1235, 1226, 1226, 1210, 1210, 1222, 1222, 1217, 1217, 998, 998, 983, 983, 962, 962, 1239, 1239, 1196, 1196, 1091, 1091, 1269, 1269], "forwarding_mean": 1022.08, "forwarding": [1006, 1006, 1089, 1089, 1074, 1074, 1018, 1018, 1021, 1021, 1021, 1021, 1032, 1032, 1015, 1015, 1030, 1030, 986, 986, 1021, 1021, 1043, 1043, 1038, 1038, 1024, 1024, 1072, 1072, 1058, 1058, 1019, 1019, 1033, 1033, 920, 920, 921, 921, 922, 922, 1026, 1026, 1030, 1030, 994, 994, 1139, 1139], "decoding_mean": 1193.1600000000001, "coding_sd": 137.55252669435046}}