{"A": {"coding_mean": 3019.3800000000001, "decoding_sd": 626.95337753297088, "forwarding_sd": 141.35102546497495, "coding": [1797, 2843, 3231, 3173, 3175, 3100, 3089, 2975, 3235, 3065, 3283, 2994, 2549, 2834, 4487, 2474, 2667, 2608, 2580, 2541, 2691, 2572, 2380, 2640, 2677, 2552, 2855, 2791, 2822, 2681, 4991, 2076, 3328, 3733, 3476, 3879, 3512, 3376, 2948, 3003, 2901, 3341, 3503, 3294, 3474, 3445, 2429, 2457, 3036, 3406], "decoding": [1201, 3439, 3112, 3654, 3560, 3534, 3624, 3682, 3749, 3564, 3630, 3593, 3213, 3053, 3512, 3115, 3038, 3033, 3125, 3137, 2970, 3134, 3144, 2968, 2989, 3144, 2942, 2957, 3031, 3028, 3778, 1910, 3287, 3056, 3136, 3147, 3525, 3662, 3126, 3079, 3143, 3141, 3148, 3601, 3103, 3594, 888, 888, 3618, 3561], "forwarding_mean": 1048.74, "forwarding": [1141, 1061, 874, 1122, 1111, 1099, 1135, 1242, 1024, 1004, 1072, 1084, 1011, 916, 1019, 925, 955, 920, 919, 921, 920, 1058, 1065, 1060, 1054, 1034, 1054, 1046, 1059, 1055, 1448, 601, 1221, 1104, 1092, 1101, 1415, 1134, 910, 876, 889, 885, 893, 1108, 976, 1064, 1099, 1099, 1255, 1307], "decoding_mean": 3125.3200000000002, "coding_sd": 546.53142233544088}, "B": {"coding_mean": 1819.0, "decoding_sd": 179.42333070144474, "forwarding_sd": 171.18822973557496, "coding": [1909, 2044, 1965, 1932, 1912, 1950, 1935, 2088, 1875, 1892, 1835, 1648, 1604, 2468, 1608, 1621, 1618, 1637, 1632, 1620, 1610, 1601, 1609, 1609, 1674, 1708, 1655, 1656, 1757, 2204, 972, 1976, 2052, 1929, 1946, 2029, 1910, 1704, 1839, 1753, 1990, 1975, 1909, 2006, 1926, 1749, 1763, 1871, 1875, 1900], "decoding": [1224, 1036, 1219, 1201, 1209, 1294, 1270, 1240, 1220, 1252, 1226, 1087, 1047, 1199, 1017, 1050, 1051, 1054, 1046, 1035, 1053, 1048, 1045, 1048, 1053, 1004, 1010, 1009, 1013, 1344, 687, 1068, 1073, 1075, 1085, 1267, 1266, 1087, 1096, 1082, 1098, 1079, 1248, 1001, 1267, 425, 425, 1268, 1253, 1257], "forwarding_mean": 979.89999999999998, "forwarding": [1067, 937, 1169, 1109, 1100, 1091, 1095, 1520, 1072, 1106, 1121, 913, 919, 1049, 920, 919, 913, 923, 912, 915, 916, 909, 927, 918, 907, 913, 916, 917, 928, 1108, 565, 957, 958, 962, 950, 1117, 1110, 961, 935, 948, 944, 954, 1148, 955, 1149, 434, 434, 1101, 1172, 1112], "decoding_mean": 1094.22, "coding_sd": 218.33002542023394}}