{"A": {"coding_mean": 2744.6199999999999, "decoding_sd": 373.55904486439624, "forwarding_sd": 82.351055852369001, "coding": [1537, 2745, 2629, 2425, 2425, 2353, 2746, 2794, 2800, 3085, 2709, 2550, 2518, 2576, 2472, 2727, 2884, 2522, 2700, 2408, 2566, 2538, 2547, 2595, 2518, 2736, 2511, 2569, 2605, 2523, 2813, 3209, 2599, 3118, 3291, 2916, 2769, 2785, 3388, 2937, 3079, 2477, 2572, 2690, 2758, 3239, 3122, 3672, 3127, 3357], "decoding": [975, 2874, 2957, 2955, 3061, 3042, 3007, 3064, 3030, 3000, 3139, 3035, 3012, 3026, 2957, 2941, 3432, 2962, 3021, 3042, 2983, 3029, 2888, 3026, 3002, 2931, 2865, 3050, 3099, 3072, 3016, 3665, 3281, 3520, 3473, 3582, 3192, 3069, 3599, 3600, 3065, 3051, 3160, 3159, 3067, 3082, 3629, 3129, 3595, 3239], "forwarding_mean": 951.05999999999995, "forwarding": [941, 895, 893, 909, 896, 895, 890, 890, 904, 906, 949, 1062, 1051, 1056, 1064, 1069, 1012, 899, 901, 894, 890, 903, 900, 896, 898, 919, 890, 901, 903, 895, 894, 1058, 930, 1006, 1056, 1059, 881, 855, 1124, 1096, 986, 874, 864, 862, 862, 856, 1095, 1062, 1105, 1057], "decoding_mean": 3093.0, "coding_sd": 341.07499996335116}, "B": {"coding_mean": 1703.3599999999999, "decoding_sd": 87.916096364658969, "forwarding_sd": 105.23597293701427, "coding": [1640, 1647, 1655, 1659, 1545, 1625, 1634, 1657, 1644, 1637, 1651, 1653, 1729, 1698, 1689, 1884, 1567, 1553, 1685, 1654, 1580, 1554, 1537, 1607, 1549, 1589, 1550, 1598, 1647, 1614, 2045, 1575, 1837, 1911, 1899, 1573, 1607, 1921, 1898, 1782, 1579, 1639, 1726, 1707, 1864, 1965, 2108, 1898, 1866, 1837], "decoding": [1008, 1035, 1035, 1043, 1056, 1022, 1042, 1035, 1027, 1169, 1040, 1045, 1033, 1052, 991, 1187, 1043, 1122, 1042, 1056, 1050, 1005, 1042, 1044, 1002, 988, 1097, 1123, 994, 1038, 1276, 1085, 1286, 1252, 1241, 1190, 1069, 1248, 1261, 1064, 1071, 1057, 1082, 1065, 1090, 1244, 1071, 1266, 1082, 1254], "forwarding_mean": 951.89999999999998, "forwarding": [903, 893, 874, 837, 824, 888, 894, 914, 1322, 894, 915, 831, 845, 832, 901, 1031, 854, 839, 846, 834, 906, 905, 910, 903, 908, 846, 906, 933, 919, 909, 1091, 947, 1101, 1092, 1091, 964, 1001, 1091, 1076, 953, 932, 923, 931, 929, 934, 1090, 1128, 1093, 1099, 1113], "decoding_mean": 1094.4000000000001, "coding_sd": 141.98841642894675}}