{"A": {"coding_mean": 1961.6199999999999, "decoding_sd": 436.55657136275022, "forwarding_sd": 83.063891071873101, "coding": [1779, 2303, 2293, 2011, 1823, 1804, 2072, 1613, 1607, 1868, 1623, 1699, 2075, 1914, 1804, 1980, 2083, 1786, 2367, 1775, 2120, 2047, 1932, 1619, 1870, 1930, 1882, 1884, 1959, 1860, 1787, 1636, 1784, 1749, 2092, 1798, 2269, 2327, 1754, 2425, 2385, 2334, 1838, 1989, 2352, 2077, 1788, 1763, 2573, 1979], "decoding": [1331, 3645, 3822, 3688, 3709, 3815, 3058, 3364, 3385, 3466, 3332, 3261, 3173, 3142, 3128, 3139, 3270, 3097, 3600, 3348, 3747, 3307, 3348, 3169, 3316, 3330, 3199, 3296, 3218, 3321, 3111, 3350, 3325, 3198, 3178, 3185, 1693, 3390, 2990, 3682, 3756, 3668, 3575, 3740, 3704, 3503, 2949, 2959, 3677, 3313], "forwarding_mean": 1048.7, "forwarding": [1197, 1125, 1114, 1127, 1133, 1135, 1003, 1046, 1045, 1019, 1098, 1034, 1059, 1036, 989, 989, 1032, 980, 1142, 1043, 1146, 1059, 1130, 985, 1039, 980, 987, 1049, 972, 1035, 980, 1049, 1032, 973, 986, 988, 655, 1129, 988, 1064, 1087, 1108, 1067, 1094, 1104, 1151, 992, 976, 1142, 1142], "decoding_mean": 3299.4000000000001, "coding_sd": 241.33146417324036}, "B": {"coding_mean": 1754.0599999999999, "decoding_sd": 121.45144873569851, "forwarding_sd": 85.159729919722039, "coding": [1821, 1949, 1871, 1799, 1867, 1651, 1661, 1610, 1731, 1690, 1651, 1777, 1894, 1621, 1703, 1777, 1647, 2000, 1618, 1887, 1653, 1740, 1623, 1814, 1770, 1640, 1692, 1666, 1728, 1674, 1678, 1770, 1629, 1709, 1629, 1488, 1779, 1687, 1923, 1902, 1909, 1741, 1922, 2133, 1749, 1653, 1618, 1977, 1704, 1878], "decoding": [1371, 1282, 1293, 1239, 1235, 1066, 1136, 1147, 1138, 1134, 1063, 1131, 1094, 1098, 1137, 1149, 1110, 1233, 1251, 1280, 1137, 1143, 1106, 1136, 1145, 1110, 1130, 1114, 1134, 1102, 1146, 1130, 1103, 1109, 1105, 584, 1189, 1033, 1281, 1289, 1342, 1262, 1278, 1299, 1243, 1015, 1019, 1292, 1118, 1361], "forwarding_mean": 1024.98, "forwarding": [1111, 1165, 1110, 1046, 1046, 927, 934, 1020, 1056, 1008, 1011, 1011, 1014, 982, 979, 1010, 970, 1103, 985, 1097, 1011, 1016, 977, 967, 1012, 980, 1007, 972, 1016, 973, 1001, 1000, 978, 997, 976, 635, 1109, 975, 1123, 1159, 1135, 1095, 1097, 1151, 1095, 967, 977, 1135, 980, 1148], "decoding_mean": 1160.8399999999999, "coding_sd": 126.2081471221252}}