{"A": {"coding_mean": 1963.3800000000001, "decoding_sd": 592.49390916700565, "forwarding_sd": 141.85517121345984, "coding": [1780, 1771, 2354, 2281, 2185, 2153, 2267, 2153, 2089, 2268, 1642, 1923, 1792, 1821, 1642, 1596, 1602, 1658, 1913, 1508, 1653, 1894, 1967, 1891, 1692, 1784, 1997, 1844, 1767, 1927, 1855, 1812, 1864, 2002, 1990, 1818, 2069, 1964, 1856, 1911, 1830, 2286, 2531, 2324, 2228, 2203, 2157, 2213, 2175, 2267], "decoding": [1258, 3661, 3710, 3669, 3585, 3638, 3626, 3593, 3660, 3203, 3290, 3246, 3253, 3288, 6718, 3250, 3428, 3395, 3251, 3286, 3270, 3246, 3181, 3182, 3137, 3343, 3177, 3109, 3198, 3205, 3183, 3201, 3189, 3157, 3165, 3306, 3314, 3204, 3269, 3272, 3213, 3631, 3336, 3592, 3608, 3531, 3695, 3591, 3803, 3671], "forwarding_mean": 1089.52, "forwarding": [1168, 1144, 1118, 1132, 1147, 1143, 1083, 1128, 1221, 1040, 1032, 1025, 1041, 1028, 1006, 1044, 1038, 1029, 1139, 1039, 1062, 1028, 1020, 1047, 1128, 1154, 1017, 956, 1042, 1027, 1078, 1059, 1054, 1013, 990, 1050, 1027, 990, 1027, 1018, 2004, 1128, 1074, 1100, 1144, 1089, 1082, 1147, 1087, 1089], "decoding_mean": 3399.7399999999998, "coding_sd": 235.43940961529785}, "B": {"coding_mean": 1770.02, "decoding_sd": 88.131549402016077, "forwarding_sd": 89.222214722567827, "coding": [1791, 1892, 1904, 1871, 1845, 1879, 1839, 1837, 2071, 1651, 1694, 1680, 1684, 1670, 1608, 1620, 1642, 1815, 1654, 1682, 1695, 1709, 1704, 1668, 1883, 1684, 1697, 1643, 1701, 1720, 1699, 1699, 1699, 1644, 1685, 1693, 1664, 1686, 1660, 2094, 1830, 1836, 1894, 1974, 1882, 1899, 1884, 1908, 1888, 1850], "decoding": [1220, 1268, 1230, 1260, 1263, 1344, 1248, 1216, 1164, 1122, 1112, 1114, 1116, 1070, 1114, 1178, 1115, 1118, 1117, 1106, 1122, 1046, 1044, 1047, 1045, 1040, 1043, 1048, 1049, 1045, 1039, 1035, 1061, 1046, 1112, 1118, 1075, 1108, 1189, 1115, 1293, 1174, 1248, 1236, 1229, 1243, 1240, 1251, 1317, 1262], "forwarding_mean": 1046.5799999999999, "forwarding": [1072, 1110, 1120, 1086, 1116, 1106, 1071, 1083, 971, 985, 987, 993, 989, 990, 949, 1001, 991, 1037, 999, 1054, 993, 995, 996, 1001, 1097, 997, 964, 992, 987, 982, 985, 995, 986, 982, 985, 983, 1010, 999, 1004, 1522, 1082, 1117, 1118, 1121, 1124, 1127, 1114, 1116, 1131, 1114], "decoding_mean": 1148.3, "coding_sd": 117.78225503020393}}