{"A": {"coding_mean": 1959.02, "decoding_sd": 441.76102136788842, "forwarding_sd": 109.89210890687283, "coding": [1726, 2289, 1832, 1588, 2251, 1610, 1791, 1758, 1791, 1607, 2131, 1925, 1957, 2199, 2112, 2209, 2172, 2026, 2043, 2174, 2084, 1842, 1976, 2111, 2127, 2425, 2230, 2227, 2213, 2152, 2090, 2314, 2217, 2053, 1790, 2029, 2176, 1682, 1561, 1821, 1598, 1688, 1764, 1725, 1780, 1607, 1692, 1722, 1862, 2202], "decoding": [1213, 3444, 3584, 3228, 3474, 3211, 3223, 3277, 3245, 3127, 3360, 3010, 3030, 3566, 3495, 3571, 3574, 3597, 3586, 3534, 3536, 3588, 3613, 3638, 3529, 3602, 3549, 3660, 3665, 3671, 3631, 3581, 3610, 3670, 3569, 4902, 3177, 3012, 3019, 3119, 3110, 3032, 3109, 3064, 3133, 3053, 3108, 3092, 3018, 3131], "forwarding_mean": 1064.6199999999999, "forwarding": [1142, 1163, 1104, 998, 1086, 1686, 1006, 1014, 964, 946, 1065, 926, 927, 1073, 1091, 1107, 1126, 1119, 1090, 1124, 1104, 1114, 1074, 1061, 1123, 1105, 1130, 1075, 1136, 1069, 1077, 1127, 1112, 1072, 1107, 1077, 1103, 982, 987, 948, 1011, 980, 1012, 984, 1003, 973, 979, 975, 983, 991], "decoding_mean": 3350.8000000000002, "coding_sd": 235.32968278566136}, "B": {"coding_mean": 1781.8800000000001, "decoding_sd": 88.996233628171026, "forwarding_sd": 117.63846989824376, "coding": [1794, 1766, 1622, 1800, 1656, 1717, 1649, 1744, 1628, 1762, 1620, 1661, 1891, 1879, 1839, 1845, 1839, 1839, 1864, 1859, 1827, 1828, 1851, 1872, 1842, 1842, 1886, 1843, 1858, 1832, 1865, 1845, 1916, 1794, 1804, 1907, 1668, 1753, 1701, 1705, 1716, 1679, 1707, 1671, 1674, 1719, 1676, 1805, 1989, 1745], "decoding": [1183, 1229, 1109, 1170, 1021, 1090, 1098, 1096, 1071, 1169, 1022, 1038, 1246, 1192, 1231, 1239, 1264, 1235, 1244, 1232, 1245, 1239, 1243, 1240, 1249, 1253, 1261, 1276, 1231, 1240, 1266, 1211, 1251, 1202, 1097, 1072, 1014, 1016, 1095, 1097, 1010, 1097, 1036, 1092, 1014, 1094, 1096, 1005, 1105, 1150], "forwarding_mean": 1050.48, "forwarding": [1133, 1065, 974, 1054, 973, 943, 966, 973, 975, 1026, 925, 943, 1108, 1051, 1027, 1086, 1056, 1048, 1094, 1088, 1117, 1147, 1105, 1091, 1152, 1106, 1157, 1108, 1115, 1100, 1102, 1085, 1111, 1069, 1732, 1066, 975, 971, 977, 980, 978, 980, 941, 974, 981, 981, 979, 975, 976, 985], "decoding_mean": 1153.52, "coding_sd": 89.571566917186388}}