{"A": {"coding_mean": 2077.6199999999999, "decoding_sd": 82.458379804602032, "forwarding_sd": 66.845640097167148, "coding": [1536, 2056, 2080, 2093, 2115, 2082, 2102, 2061, 2083, 2069, 2089, 2087, 2108, 2065, 2088, 2073, 2095, 2116, 2139, 2088, 2110, 2069, 2091, 2077, 2100, 2096, 2119, 2086, 2108, 2184, 2206, 2145, 2167, 2104, 2125, 2089, 2111, 2089, 2110, 2079, 2108, 2095, 2116, 2076, 2098, 2125, 2147, 2302, 2326, 998], "decoding": [1030, 990, 990, 942, 942, 929, 929, 982, 982, 977, 977, 1011, 1011, 980, 980, 982, 982, 973, 973, 1012, 1012, 977, 977, 980, 980, 928, 928, 977, 977, 979, 979, 1043, 1043, 982, 982, 980, 980, 980, 980, 1048, 1048, 972, 972, 969, 969, 982, 982, 980, 980, 427], "forwarding_mean": 952.01999999999998, "forwarding": [994, 966, 966, 964, 964, 987, 987, 962, 962, 946, 946, 955, 955, 955, 955, 959, 959, 1003, 1003, 966, 966, 956, 956, 952, 952, 951, 951, 969, 969, 922, 922, 927, 927, 968, 968, 958, 958, 954, 954, 967, 967, 966, 966, 954, 954, 964, 964, 983, 983, 499], "decoding_mean": 971.34000000000003, "coding_sd": 181.21047320726251}, "B": {"coding_mean": 2079.04, "decoding_sd": 104.04103805710513, "forwarding_sd": 81.333387978123724, "coding": [2116, 2138, 2087, 2109, 2097, 2119, 2085, 2106, 2076, 2098, 2090, 2111, 2072, 2094, 2073, 2095, 2087, 2110, 1346, 1362, 2071, 2093, 2142, 2164, 2104, 2126, 2126, 2148, 2085, 2106, 2185, 2210, 2059, 2080, 2097, 2119, 2099, 2119, 2060, 2082, 2082, 2104, 2057, 2079, 2042, 2063, 2161, 2184, 2204, 2230], "decoding": [981, 981, 1048, 1048, 1043, 1043, 1041, 1041, 1083, 1083, 1087, 1087, 1076, 1076, 1082, 1082, 1075, 1075, 580, 580, 1081, 1081, 1084, 1084, 1078, 1078, 1086, 1086, 1083, 1083, 1083, 1083, 1088, 1088, 1081, 1081, 1082, 1082, 1122, 1122, 1086, 1086, 1168, 1168, 1141, 1141, 1064, 1064, 1119, 1119], "forwarding_mean": 937.39999999999998, "forwarding": [924, 924, 932, 932, 958, 958, 936, 936, 945, 945, 955, 955, 938, 938, 943, 943, 940, 940, 564, 564, 944, 944, 942, 942, 957, 957, 956, 956, 938, 938, 945, 945, 943, 943, 956, 956, 1009, 1009, 943, 943, 940, 940, 951, 951, 949, 949, 956, 956, 1071, 1071], "decoding_mean": 1061.6800000000001, "coding_sd": 153.42880563961904}}