{"A": {"coding_mean": 2245.0, "decoding_sd": 141.51620260592071, "forwarding_sd": 180.25497940417623, "coding": [863, 1984, 2009, 1993, 2019, 1972, 1998, 2009, 2042, 2425, 2452, 2308, 2336, 2340, 2368, 2327, 2354, 2279, 2307, 2282, 2310, 2290, 2326, 2602, 2636, 2275, 2302, 1548, 1570, 2333, 2366, 2375, 2409, 2343, 2375, 2335, 2368, 2497, 2529, 2329, 2361, 2301, 2332, 2338, 2375, 2350, 2384, 2335, 2368, 2321], "decoding": [490, 891, 891, 891, 891, 913, 913, 1028, 1028, 1124, 1124, 1073, 1073, 1117, 1117, 1111, 1111, 1115, 1115, 1144, 1144, 1143, 1143, 1135, 1135, 1143, 1143, 661, 661, 1148, 1148, 1135, 1135, 1132, 1132, 1192, 1192, 1136, 1136, 1134, 1134, 1124, 1124, 1118, 1118, 1113, 1113, 1089, 1089, 1121], "forwarding_mean": 1081.6800000000001, "forwarding": [507, 876, 876, 911, 911, 896, 896, 994, 994, 1100, 1100, 1566, 1566, 1245, 1245, 1115, 1115, 1341, 1341, 1170, 1170, 1105, 1105, 1107, 1107, 1107, 1107, 650, 650, 1099, 1099, 1126, 1126, 1110, 1110, 1107, 1107, 1122, 1122, 1117, 1117, 1089, 1089, 1103, 1103, 1083, 1083, 1105, 1105, 1089], "decoding_mean": 1064.6199999999999, "coding_sd": 287.48238206888436}, "B": {"coding_mean": 2322.2600000000002, "decoding_sd": 101.15545264591523, "forwarding_sd": 64.9645564904433, "coding": [1912, 1937, 2007, 2033, 2002, 2028, 2068, 2091, 2476, 2504, 2374, 2403, 2342, 2369, 2286, 2314, 2309, 2337, 2250, 2277, 2291, 2326, 2288, 2315, 2322, 2349, 2843, 2887, 2390, 2421, 2393, 2424, 2361, 2394, 2345, 2377, 2359, 2392, 2365, 2398, 2350, 2382, 2361, 2394, 2371, 2402, 2311, 2345, 2303, 2335], "decoding": [991, 991, 984, 984, 995, 995, 1020, 1020, 1200, 1200, 1203, 1203, 1236, 1236, 1219, 1219, 1272, 1272, 1260, 1260, 1262, 1262, 1246, 1246, 1238, 1238, 1256, 1256, 1112, 1112, 1388, 1388, 1250, 1250, 1247, 1247, 1260, 1260, 1258, 1258, 1258, 1258, 1276, 1276, 1238, 1238, 1250, 1250, 1259, 1259], "forwarding_mean": 1054.0799999999999, "forwarding": [904, 904, 917, 917, 914, 914, 932, 932, 1169, 1169, 1077, 1077, 1077, 1077, 1060, 1060, 1070, 1070, 1064, 1064, 1081, 1081, 1066, 1066, 1070, 1070, 1075, 1075, 1061, 1061, 1081, 1081, 1087, 1087, 1074, 1074, 1067, 1067, 1073, 1073, 1065, 1065, 1069, 1069, 1152, 1152, 1075, 1075, 1072, 1072], "decoding_mean": 1207.1199999999999, "coding_sd": 176.18896787256571}}