{"first_pkt_time": 1522526416.67, "last_pkt_time": 1522526510.992489, "n_bits_received": 4096000, "throughput": 0.04342548677857891, "time_diff": 94.32248902320862, "send_rate": 0.0433734357735}