{"first_pkt_time": 1522526529.36, "last_pkt_time": 1522526605.359152, "n_bits_received": 4096000, "throughput": 0.053895338070462186, "time_diff": 75.99915218353271, "send_rate": 0.0539510864551}