{"first_pkt_time": 1522529514.83, "last_pkt_time": 1522529523.919139, "n_bits_received": 409600, "throughput": 0.045064774638212096, "time_diff": 9.089138984680176, "send_rate": 0.0552378588592}