{"first_pkt_time": 1522529325.24, "last_pkt_time": 1522529368.009636, "n_bits_received": 409600, "throughput": 0.00957688769684159, "time_diff": 42.769635915756226, "send_rate": 0.00954350387269}