{"first_pkt_time": 1522529456.86, "last_pkt_time": 1522529469.932749, "n_bits_received": 409600, "throughput": 0.031332353713816784, "time_diff": 13.072749137878418, "send_rate": 0.031240974226}