{"first_pkt_time": 1522526791.4, "last_pkt_time": 1522526850.029086, "n_bits_received": 4096000, "throughput": 0.06986293456407983, "time_diff": 58.62908601760864, "send_rate": 0.0698523144142}