{"first_pkt_time": 1522526529.36, "last_pkt_time": 1522526605.358996, "n_bits_received": 4096000, "throughput": 0.05389544881561857, "time_diff": 75.9989960193634, "send_rate": 0.0539510864551}