{"first_pkt_time": 1522529385.48, "last_pkt_time": 1522529407.168945, "n_bits_received": 409600, "throughput": 0.018885196996034814, "time_diff": 21.688945055007935, "send_rate": 0.0189623028166}