{"first_pkt_time": 1522526623.74, "last_pkt_time": 1522526690.462446, "n_bits_received": 4096000, "throughput": 0.061388636773898664, "time_diff": 66.72244596481323, "send_rate": 0.0614664148961}