{"first_pkt_time": 1522526709.16, "last_pkt_time": 1522526772.699736, "n_bits_received": 4096000, "throughput": 0.06446359799017481, "time_diff": 63.53973603248596, "send_rate": 0.0644797855923}