{"first_pkt_time": 1522529385.48, "last_pkt_time": 1522529407.164433, "n_bits_received": 409600, "throughput": 0.018889126605873854, "time_diff": 21.684432983398438, "send_rate": 0.0189623028166}