{"first_pkt_time": 1522526791.4, "last_pkt_time": 1522526850.02923, "n_bits_received": 4096000, "throughput": 0.0698627629670891, "time_diff": 58.62923002243042, "send_rate": 0.0698523144142}