{"first_pkt_time": 1522529623.41, "last_pkt_time": 1522529632.726653, "n_bits_received": 409600, "throughput": 0.04396428625369864, "time_diff": 9.31665301322937, "send_rate": 0.0663846395471}