{"first_pkt_time": 1522529568.95, "last_pkt_time": 1522529578.138383, "n_bits_received": 409600, "throughput": 0.04457802924221625, "time_diff": 9.188382863998413, "send_rate": 0.0676826612425}