{"first_pkt_time": 1522526134.34, "last_pkt_time": 1522526272.842441, "n_bits_received": 4096000, "throughput": 0.029573485965035375, "time_diff": 138.50244116783142, "send_rate": 0.0295779184382}