{"first_pkt_time": 1522529456.86, "last_pkt_time": 1522529469.937628, "n_bits_received": 409600, "throughput": 0.03132066424816306, "time_diff": 13.077628135681152, "send_rate": 0.031240974226}