{"first_pkt_time": 1522529568.95, "last_pkt_time": 1522529578.043742, "n_bits_received": 409600, "throughput": 0.04504196454934437, "time_diff": 9.09374189376831, "send_rate": 0.0676826612425}