{"first_pkt_time": 1522529596.2, "last_pkt_time": 1522529605.389692, "n_bits_received": 409600, "throughput": 0.04457167869064742, "time_diff": 9.18969202041626, "send_rate": 0.0761866310655}