{"first_pkt_time": 1522529424.72, "last_pkt_time": 1522529438.994456, "n_bits_received": 409600, "throughput": 0.02869461360253963, "time_diff": 14.274456024169922, "send_rate": 0.0285888715968}