{"first_pkt_time": 1522525904.98, "last_pkt_time": 1522526116.002693, "n_bits_received": 4096000, "throughput": 0.019410234716209163, "time_diff": 211.02269291877747, "send_rate": 0.0194172291837}