{"first_pkt_time": 1522529242.98, "last_pkt_time": 1522529248.530194, "n_bits_received": 409600, "throughput": 0.0737992218203709, "time_diff": 5.550194025039673, "send_rate": 0.0762448910513}