{"first_pkt_time": 1522526134.34, "last_pkt_time": 1522526272.842493, "n_bits_received": 4096000, "throughput": 0.029573474867117214, "time_diff": 138.50249314308167, "send_rate": 0.0295779184382}