{"first_pkt_time": 1522526623.74, "last_pkt_time": 1522526690.462006, "n_bits_received": 4096000, "throughput": 0.06138904149454482, "time_diff": 66.72200608253479, "send_rate": 0.0614664148961}