{"first_pkt_time": 1522525503.08, "last_pkt_time": 1522525886.324696, "n_bits_received": 4096000, "throughput": 0.010687688678411956, "time_diff": 383.2446961402893, "send_rate": 0.0107032888249}