{"first_pkt_time": 1522526291.4, "last_pkt_time": 1522526398.581296, "n_bits_received": 4096000, "throughput": 0.03821562304025267, "time_diff": 107.18129587173462, "send_rate": 0.0382192651321}