{"first_pkt_time": 1522529487.96, "last_pkt_time": 1522529497.106749, "n_bits_received": 409600, "throughput": 0.04478093791808133, "time_diff": 9.146749019622803, "send_rate": 0.0538022805788}