{"first_pkt_time": 1522529596.2, "last_pkt_time": 1522529605.294966, "n_bits_received": 409600, "throughput": 0.04503590260133339, "time_diff": 9.094965934753418, "send_rate": 0.0761866310655}