{"first_pkt_time": 1522529325.24, "last_pkt_time": 1522529368.004575, "n_bits_received": 409600, "throughput": 0.009578021059630671, "time_diff": 42.76457500457764, "send_rate": 0.00954350387269}