{"first_pkt_time": 1522529542.02, "last_pkt_time": 1522529551.343888, "n_bits_received": 409600, "throughput": 0.04393017132053438, "time_diff": 9.323888063430786, "send_rate": 0.0602646490302}