{"first_pkt_time": 1522529487.96, "last_pkt_time": 1522529497.006775, "n_bits_received": 409600, "throughput": 0.04527580338281874, "time_diff": 9.046774864196777, "send_rate": 0.0538022805788}