{"first_pkt_time": 1522526709.16, "last_pkt_time": 1522526772.670741, "n_bits_received": 4096000, "throughput": 0.06449302804223635, "time_diff": 63.510740995407104, "send_rate": 0.0644797855923}