{"first_pkt_time": 1522529424.72, "last_pkt_time": 1522529438.992655, "n_bits_received": 409600, "throughput": 0.028698234470503688, "time_diff": 14.272655010223389, "send_rate": 0.0285888715968}