{"first_pkt_time": 1522529242.98, "last_pkt_time": 1522529248.56442, "n_bits_received": 409600, "throughput": 0.07334691919887307, "time_diff": 5.5844199657440186, "send_rate": 0.0762448910513}