{"first_pkt_time": 1522529514.83, "last_pkt_time": 1522529524.014721, "n_bits_received": 409600, "throughput": 0.04459580212728268, "time_diff": 9.184720993041992, "send_rate": 0.0552378588592}