{"first_pkt_time": 1522529623.41, "last_pkt_time": 1522529632.629983, "n_bits_received": 409600, "throughput": 0.044425245264518534, "time_diff": 9.219982862472534, "send_rate": 0.0663846395471}