{"first_pkt_time": 1522525503.08, "last_pkt_time": 1522525886.324073, "n_bits_received": 4096000, "throughput": 0.010687706051933319, "time_diff": 383.2440731525421, "send_rate": 0.0107032888249}