{"first_pkt_time": 1522526416.67, "last_pkt_time": 1522526510.991822, "n_bits_received": 4096000, "throughput": 0.0434257939072212, "time_diff": 94.32182192802429, "send_rate": 0.0433734357735}