{"first_pkt_time": 1522529542.02, "last_pkt_time": 1522529551.249383, "n_bits_received": 409600, "throughput": 0.044379998139022464, "time_diff": 9.229382991790771, "send_rate": 0.0602646490302}