{"first_pkt_time": 1521498253.63, "last_pkt_time": 1521498358.44822, "n_bits_received": 4096000, "throughput": 0.039077175741990176, "time_diff": 104.81821990013123, "send_rate": 0.0391028123349}