{"first_pkt_time": 1521498840.72, "last_pkt_time": 1521499249.967698, "n_bits_received": 4096000, "throughput": 0.010008608525669023, "time_diff": 409.2476980686188, "send_rate": 0.0100103046357}