{"first_pkt_time": 1521506772.61, "last_pkt_time": 1521506781.741161, "n_bits_received": 409600, "throughput": 0.044857383464043034, "time_diff": 9.131161212921143, "send_rate": 0.10453332918}