{"first_pkt_time": 1521499267.81, "last_pkt_time": 1521499473.022947, "n_bits_received": 4096000, "throughput": 0.01995975428100633, "time_diff": 205.21294713020325, "send_rate": 0.0199668245964}