{"first_pkt_time": 1521506691.57, "last_pkt_time": 1521506700.647116, "n_bits_received": 409600, "throughput": 0.04512446458023002, "time_diff": 9.077116012573242, "send_rate": 0.0696888890043}