{"first_pkt_time": 1521499643.47, "last_pkt_time": 1521499748.281994, "n_bits_received": 4096000, "throughput": 0.0390794969232123, "time_diff": 104.81199407577515, "send_rate": 0.0391065531533}