{"first_pkt_time": 1521498474.22, "last_pkt_time": 1521498544.143207, "n_bits_received": 4096000, "throughput": 0.0585785488555654, "time_diff": 69.92320704460144, "send_rate": 0.0586317842559}