{"first_pkt_time": 1521506718.52, "last_pkt_time": 1521506727.567491, "n_bits_received": 409600, "throughput": 0.045272219300089324, "time_diff": 9.047491073608398, "send_rate": 0.0836266674974}