{"first_pkt_time": 1521499490.83, "last_pkt_time": 1521499625.625993, "n_bits_received": 4096000, "throughput": 0.030386659915588504, "time_diff": 134.7959930896759, "send_rate": 0.0304016659143}