{"first_pkt_time": 1521498376.36, "last_pkt_time": 1521498456.26977, "n_bits_received": 4096000, "throughput": 0.051257812397532077, "time_diff": 79.90977001190186, "send_rate": 0.051302811202}