{"first_pkt_time": 1521498707.7, "last_pkt_time": 1521498756.335682, "n_bits_received": 4096000, "throughput": 0.0842180029705455, "time_diff": 48.63568186759949, "send_rate": 0.0912049979047}