{"first_pkt_time": 1521499878.41, "last_pkt_time": 1521499972.745616, "n_bits_received": 4096000, "throughput": 0.04341944409945493, "time_diff": 94.33561587333679, "send_rate": 0.0586317842559}