{"first_pkt_time": 1521498474.22, "last_pkt_time": 1521498544.145127, "n_bits_received": 4096000, "throughput": 0.058576940421956304, "time_diff": 69.92512702941895, "send_rate": 0.0586317842559}