{"first_pkt_time": 1521498774.2, "last_pkt_time": 1521498822.825857, "n_bits_received": 4096000, "throughput": 0.0842350194550545, "time_diff": 48.62585687637329, "send_rate": 0.102477012125}