{"first_pkt_time": 1521497451.09, "last_pkt_time": 1521497860.337888, "n_bits_received": 4096000, "throughput": 0.010008603878529919, "time_diff": 409.2478880882263, "send_rate": 0.0100103046299}