{"first_pkt_time": 1521498639.93, "last_pkt_time": 1521498689.900966, "n_bits_received": 4096000, "throughput": 0.08196759717010585, "time_diff": 49.97096586227417, "send_rate": 0.0820844980706}