{"first_pkt_time": 1521499766.23, "last_pkt_time": 1521499860.570531, "n_bits_received": 4096000, "throughput": 0.04341718201207095, "time_diff": 94.34053087234497, "send_rate": 0.051302811202}