{"first_pkt_time": 1521506718.52, "last_pkt_time": 1521506727.692327, "n_bits_received": 409600, "throughput": 0.044656061448872006, "time_diff": 9.172327041625977, "send_rate": 0.0836266674974}