{"first_pkt_time": 1521498100.82, "last_pkt_time": 1521498235.630423, "n_bits_received": 4096000, "throughput": 0.030383407341398418, "time_diff": 134.81042313575745, "send_rate": 0.0304016659143}