{"first_pkt_time": 1521506691.57, "last_pkt_time": 1521506700.741808, "n_bits_received": 409600, "throughput": 0.04465858855794058, "time_diff": 9.171808004379272, "send_rate": 0.0696888890043}