{"first_pkt_time": 1521498840.72, "last_pkt_time": 1521499249.962684, "n_bits_received": 4096000, "throughput": 0.010008731154559053, "time_diff": 409.2426838874817, "send_rate": 0.0100103046357}