{"first_pkt_time": 1521499766.23, "last_pkt_time": 1521499860.476197, "n_bits_received": 4096000, "throughput": 0.04346063959102003, "time_diff": 94.24619698524475, "send_rate": 0.051302811202}