{"first_pkt_time": 1521498774.2, "last_pkt_time": 1521498822.798086, "n_bits_received": 4096000, "throughput": 0.08428315489812536, "time_diff": 48.59808588027954, "send_rate": 0.102477012125}