{"first_pkt_time": 1521498253.63, "last_pkt_time": 1521498358.445175, "n_bits_received": 4096000, "throughput": 0.039078311008980626, "time_diff": 104.81517481803894, "send_rate": 0.0391028123349}