{"first_pkt_time": 1521499643.47, "last_pkt_time": 1521499748.27712, "n_bits_received": 4096000, "throughput": 0.039081314291313105, "time_diff": 104.80712008476257, "send_rate": 0.0391065531533}