{"first_pkt_time": 1521498562.12, "last_pkt_time": 1521498622.063634, "n_bits_received": 4096000, "throughput": 0.06833085891541381, "time_diff": 59.943634033203125, "send_rate": 0.0684037480647}