{"first_pkt_time": 1521498707.7, "last_pkt_time": 1521498756.271468, "n_bits_received": 4096000, "throughput": 0.08432934352365493, "time_diff": 48.571467876434326, "send_rate": 0.0912049979047}