{"first_pkt_time": 1521499267.81, "last_pkt_time": 1521499473.018068, "n_bits_received": 4096000, "throughput": 0.0199602288412815, "time_diff": 205.2080681324005, "send_rate": 0.0199668245964}