{"first_pkt_time": 1521498639.93, "last_pkt_time": 1521498689.901409, "n_bits_received": 4096000, "throughput": 0.0819668705516651, "time_diff": 49.97140884399414, "send_rate": 0.0820844980706}