{"first_pkt_time": 1521499490.83, "last_pkt_time": 1521499625.631052, "n_bits_received": 4096000, "throughput": 0.030385519522197615, "time_diff": 134.80105209350586, "send_rate": 0.0304016659143}