{"first_pkt_time": 1521497878.26, "last_pkt_time": 1521498082.922697, "n_bits_received": 4096000, "throughput": 0.020013417484003055, "time_diff": 204.66269707679749, "send_rate": 0.0200206092598}