{"first_pkt_time": 1521498376.36, "last_pkt_time": 1521498456.269028, "n_bits_received": 4096000, "throughput": 0.051258288328432294, "time_diff": 79.90902805328369, "send_rate": 0.051302811202}