{"first_pkt_time": 1521506745.56, "last_pkt_time": 1521506754.692562, "n_bits_received": 409600, "throughput": 0.04485050227984828, "time_diff": 9.132562160491943, "send_rate": 0.0929185148263}