{"first_pkt_time": 1521497878.26, "last_pkt_time": 1521498082.9219, "n_bits_received": 4096000, "throughput": 0.020013495424061157, "time_diff": 204.66190004348755, "send_rate": 0.0200206092598}