{"first_pkt_time": 1521506745.56, "last_pkt_time": 1521506754.597955, "n_bits_received": 409600, "throughput": 0.045319986427114684, "time_diff": 9.037955045700073, "send_rate": 0.0929185148263}