{"first_pkt_time": 1521498100.82, "last_pkt_time": 1521498235.630181, "n_bits_received": 4096000, "throughput": 0.030383461881999703, "time_diff": 134.81018114089966, "send_rate": 0.0304016659143}