{"first_pkt_time": 1521498562.12, "last_pkt_time": 1521498622.064195, "n_bits_received": 4096000, "throughput": 0.06833021942834082, "time_diff": 59.94419503211975, "send_rate": 0.0684037480647}