{"first_pkt_time": 1521497451.09, "last_pkt_time": 1521497860.336966, "n_bits_received": 4096000, "throughput": 0.010008626426232625, "time_diff": 409.24696612358093, "send_rate": 0.0100103046299}