{"first_pkt_time": 1521499878.41, "last_pkt_time": 1521499972.651174, "n_bits_received": 4096000, "throughput": 0.04346295601915332, "time_diff": 94.24117398262024, "send_rate": 0.0586317842559}