{"first_pkt_time": 1521506772.61, "last_pkt_time": 1521506781.646707, "n_bits_received": 409600, "throughput": 0.04532624468385456, "time_diff": 9.036707162857056, "send_rate": 0.10453332918}